location,latitude,longitude,time,pm10,pm2_5,carbon_monoxide
MG Road,12.9757,77.6011,2026-08-25 00:00:00,5.1,3.9,243.0
MG Road,12.9757,77.6011,2026-08-25 01:00:00,4.7,3.4,205.0
MG Road,12.9757,77.6011,2026-08-25 02:00:00,4.1,3.0,178.0
MG Road,12.9757,77.6011,2026-08-25 03:00:00,3.4,2.6,158.0
MG Road,12.9757,77.6011,2026-08-25 04:00:00,2.9,2.4,149.0
MG Road,12.9757,77.6011,2026-08-25 05:00:00,3.2,2.4,175.0
MG Road,12.9757,77.6011,2026-08-25 06:00:00,3.6,2.9,276.0
MG Road,12.9757,77.6011,2026-08-25 07:00:00,5.0,4.3,412.0
MG Road,12.9757,77.6011,2026-08-25 08:00:00,4.8,4.1,487.0
MG Road,12.9757,77.6011,2026-08-25 09:00:00,8.8,5.1,438.0
MG Road,12.9757,77.6011,2026-08-25 10:00:00,8.6,4.8,328.0
MG Road,12.9757,77.6011,2026-08-25 11:00:00,10.7,5.6,246.0
MG Road,12.9757,77.6011,2026-08-25 12:00:00,8.6,4.6,223.0
MG Road,12.9757,77.6011,2026-08-25 13:00:00,12.2,6.0,228.0
MG Road,12.9757,77.6011,2026-08-25 14:00:00,8.1,4.8,253.0
MG Road,12.9757,77.6011,2026-08-25 15:00:00,7.8,4.7,313.0
MG Road,12.9757,77.6011,2026-08-25 16:00:00,8.0,5.0,394.0
MG Road,12.9757,77.6011,2026-08-25 17:00:00,10.0,6.1,442.0
MG Road,12.9757,77.6011,2026-08-25 18:00:00,9.9,6.9,428.0
MG Road,12.9757,77.6011,2026-08-25 19:00:00,9.3,7.2,381.0
MG Road,12.9757,77.6011,2026-08-25 20:00:00,7.8,6.4,338.0
MG Road,12.9757,77.6011,2026-08-25 21:00:00,6.3,5.4,312.0
MG Road,12.9757,77.6011,2026-08-25 22:00:00,5.5,4.9,289.0
MG Road,12.9757,77.6011,2026-08-25 23:00:00,5.0,4.4,262.0
MG Road,12.9757,77.6011,2026-08-26 00:00:00,4.5,3.7,223.0
MG Road,12.9757,77.6011,2026-08-26 01:00:00,3.9,3.2,180.0
MG Road,12.9757,77.6011,2026-08-26 02:00:00,3.7,2.8,152.0
MG Road,12.9757,77.6011,2026-08-26 03:00:00,4.1,2.7,146.0
MG Road,12.9757,77.6011,2026-08-26 04:00:00,5.7,3.2,155.0
MG Road,12.9757,77.6011,2026-08-26 05:00:00,5.4,3.3,180.0
MG Road,12.9757,77.6011,2026-08-26 06:00:00,8.3,4.7,238.0
MG Road,12.9757,77.6011,2026-08-26 07:00:00,13.9,6.4,312.0
MG Road,12.9757,77.6011,2026-08-26 08:00:00,20.7,8.7,354.0
MG Road,12.9757,77.6011,2026-08-26 09:00:00,19.8,8.9,329.0
MG Road,12.9757,77.6011,2026-08-26 10:00:00,29.9,12.0,272.0
MG Road,12.9757,77.6011,2026-08-26 11:00:00,19.2,8.8,233.0
MG Road,12.9757,77.6011,2026-08-26 12:00:00,16.8,8.0,229.0
MG Road,12.9757,77.6011,2026-08-26 13:00:00,13.8,7.1,243.0
MG Road,12.9757,77.6011,2026-08-26 14:00:00,20.4,8.6,275.0
MG Road,12.9757,77.6011,2026-08-26 15:00:00,15.9,7.7,338.0
MG Road,12.9757,77.6011,2026-08-26 16:00:00,13.3,8.4,419.0
MG Road,12.9757,77.6011,2026-08-26 17:00:00,33.8,17.3,484.0
MG Road,12.9757,77.6011,2026-08-26 18:00:00,26.9,16.3,527.0
MG Road,12.9757,77.6011,2026-08-26 19:00:00,23.7,15.3,554.0
MG Road,12.9757,77.6011,2026-08-26 20:00:00,21.4,14.2,542.0
MG Road,12.9757,77.6011,2026-08-26 21:00:00,19.6,12.9,465.0
MG Road,12.9757,77.6011,2026-08-26 22:00:00,16.5,10.8,350.0
MG Road,12.9757,77.6011,2026-08-26 23:00:00,13.2,8.6,254.0
MG Road,12.9757,77.6011,2026-08-27 00:00:00,11.1,6.9,200.0
MG Road,12.9757,77.6011,2026-08-27 01:00:00,8.4,5.1,165.0
MG Road,12.9757,77.6011,2026-08-27 02:00:00,7.2,4.3,144.0
MG Road,12.9757,77.6011,2026-08-27 03:00:00,6.5,3.8,132.0
MG Road,12.9757,77.6011,2026-08-27 04:00:00,5.8,3.4,133.0
MG Road,12.9757,77.6011,2026-08-27 05:00:00,4.9,2.8,152.0
MG Road,12.9757,77.6011,2026-08-27 06:00:00,6.7,3.9,208.0
MG Road,12.9757,77.6011,2026-08-27 07:00:00,10.5,5.1,281.0
MG Road,12.9757,77.6011,2026-08-27 08:00:00,16.8,6.8,324.0
MG Road,12.9757,77.6011,2026-08-27 09:00:00,20.0,8.3,304.0
MG Road,12.9757,77.6011,2026-08-27 10:00:00,23.1,9.1,253.0
MG Road,12.9757,77.6011,2026-08-27 11:00:00,27.8,10.5,216.0
MG Road,12.9757,77.6011,2026-08-27 12:00:00,32.0,12.3,204.0
MG Road,12.9757,77.6011,2026-08-27 13:00:00,30.6,12.1,204.0
MG Road,12.9757,77.6011,2026-08-27 14:00:00,26.9,11.1,228.0
MG Road,12.9757,77.6011,2026-08-27 15:00:00,22.8,9.9,292.0
MG Road,12.9757,77.6011,2026-08-27 16:00:00,18.8,9.3,379.0
MG Road,12.9757,77.6011,2026-08-27 17:00:00,17.5,9.6,445.0
MG Road,12.9757,77.6011,2026-08-27 18:00:00,18.2,11.5,476.0
MG Road,12.9757,77.6011,2026-08-27 19:00:00,17.3,11.2,485.0
MG Road,12.9757,77.6011,2026-08-27 20:00:00,15.2,10.0,472.0
MG Road,12.9757,77.6011,2026-08-27 21:00:00,13.4,9.0,426.0
MG Road,12.9757,77.6011,2026-08-27 22:00:00,12.0,7.9,357.0
MG Road,12.9757,77.6011,2026-08-27 23:00:00,10.8,7.0,293.0
MG Road,12.9757,77.6011,2026-08-28 00:00:00,9.9,6.1,238.0
MG Road,12.9757,77.6011,2026-08-28 01:00:00,9.5,5.6,187.0
MG Road,12.9757,77.6011,2026-08-28 02:00:00,9.3,5.3,153.0
MG Road,12.9757,77.6011,2026-08-28 03:00:00,8.9,5.0,140.0
MG Road,12.9757,77.6011,2026-08-28 04:00:00,8.3,4.7,144.0
MG Road,12.9757,77.6011,2026-08-28 05:00:00,8.7,5.0,165.0
MG Road,12.9757,77.6011,2026-08-28 06:00:00,8.2,5.1,221.0
MG Road,12.9757,77.6011,2026-08-28 07:00:00,9.5,5.2,294.0
MG Road,12.9757,77.6011,2026-08-28 08:00:00,13.7,6.4,334.0
MG Road,12.9757,77.6011,2026-08-28 09:00:00,15.9,7.1,307.0
MG Road,12.9757,77.6011,2026-08-28 10:00:00,18.3,7.8,247.0
MG Road,12.9757,77.6011,2026-08-28 11:00:00,23.9,9.2,203.0
MG Road,12.9757,77.6011,2026-08-28 12:00:00,25.0,9.3,187.0
MG Road,12.9757,77.6011,2026-08-28 13:00:00,26.1,9.8,187.0
MG Road,12.9757,77.6011,2026-08-28 14:00:00,24.8,9.5,219.0
MG Road,12.9757,77.6011,2026-08-28 15:00:00,22.4,9.0,314.0
MG Road,12.9757,77.6011,2026-08-28 16:00:00,19.0,9.1,441.0
MG Road,12.9757,77.6011,2026-08-28 17:00:00,23.2,11.9,521.0
MG Road,12.9757,77.6011,2026-08-28 18:00:00,21.2,11.6,513.0
MG Road,12.9757,77.6011,2026-08-28 19:00:00,19.0,12.1,457.0
MG Road,12.9757,77.6011,2026-08-28 20:00:00,16.5,11.0,400.0
MG Road,12.9757,77.6011,2026-08-28 21:00:00,13.9,9.6,355.0
MG Road,12.9757,77.6011,2026-08-28 22:00:00,11.6,8.3,309.0
MG Road,12.9757,77.6011,2026-08-28 23:00:00,9.3,6.8,265.0
MG Road,12.9757,77.6011,2026-08-29 00:00:00,7.6,5.4,223.0
MG Road,12.9757,77.6011,2026-08-29 01:00:00,6.8,4.5,184.0
MG Road,12.9757,77.6011,2026-08-29 02:00:00,6.8,4.1,157.0
MG Road,12.9757,77.6011,2026-08-29 03:00:00,7.2,4.0,143.0
MG Road,12.9757,77.6011,2026-08-29 04:00:00,8.1,4.0,140.0
MG Road,12.9757,77.6011,2026-08-29 05:00:00,5.7,3.6,156.0
MG Road,12.9757,77.6011,2026-08-29 06:00:00,7.5,4.4,209.0
MG Road,12.9757,77.6011,2026-08-29 07:00:00,8.4,5.2,280.0
MG Road,12.9757,77.6011,2026-08-29 08:00:00,8.4,5.2,320.0
MG Road,12.9757,77.6011,2026-08-29 09:00:00,9.7,5.4,297.0
MG Road,12.9757,77.6011,2026-08-29 10:00:00,12.0,5.7,243.0
MG Road,12.9757,77.6011,2026-08-29 11:00:00,12.5,5.7,203.0
MG Road,12.9757,77.6011,2026-08-29 12:00:00,13.1,6.0,186.0
MG Road,12.9757,77.6011,2026-08-29 13:00:00,14.2,6.4,183.0
MG Road,12.9757,77.6011,2026-08-29 14:00:00,17.5,7.4,216.0
MG Road,12.9757,77.6011,2026-08-29 15:00:00,18.6,8.1,325.0
MG Road,12.9757,77.6011,2026-08-29 16:00:00,16.5,8.5,471.0
MG Road,12.9757,77.6011,2026-08-29 17:00:00,23.3,11.1,555.0
MG Road,12.9757,77.6011,2026-08-29 18:00:00,21.4,11.5,518.0
MG Road,12.9757,77.6011,2026-08-29 19:00:00,21.5,12.2,420.0
MG Road,12.9757,77.6011,2026-08-29 20:00:00,21.1,12.3,339.0
MG Road,12.9757,77.6011,2026-08-29 21:00:00,19.3,11.8,309.0
MG Road,12.9757,77.6011,2026-08-29 22:00:00,16.9,10.9,296.0
MG Road,12.9757,77.6011,2026-08-29 23:00:00,13.7,9.0,276.0
MG Road,12.9757,77.6011,2026-08-30 00:00:00,11.4,7.5,232.0
MG Road,12.9757,77.6011,2026-08-30 01:00:00,10.3,6.6,181.0
MG Road,12.9757,77.6011,2026-08-30 02:00:00,9.4,6.0,146.0
MG Road,12.9757,77.6011,2026-08-30 03:00:00,8.7,5.4,136.0
MG Road,12.9757,77.6011,2026-08-30 04:00:00,7.9,5.0,142.0
MG Road,12.9757,77.6011,2026-08-30 05:00:00,6.6,4.5,157.0
MG Road,12.9757,77.6011,2026-08-30 06:00:00,6.9,4.8,187.0
MG Road,12.9757,77.6011,2026-08-30 07:00:00,7.3,5.1,226.0
MG Road,12.9757,77.6011,2026-08-30 08:00:00,7.8,5.0,246.0
MG Road,12.9757,77.6011,2026-08-30 09:00:00,7.9,4.9,230.0
MG Road,12.9757,77.6011,2026-08-30 10:00:00,7.9,4.9,196.0
MG Road,12.9757,77.6011,2026-08-30 11:00:00,8.0,4.9,170.0
MG Road,12.9757,77.6011,2026-08-30 12:00:00,8.3,4.9,162.0
MG Road,12.9757,77.6011,2026-08-30 13:00:00,8.7,5.1,162.0
MG Road,12.9757,77.6011,2026-08-30 14:00:00,8.0,4.9,170.0
MG Road,12.9757,77.6011,2026-08-30 15:00:00,7.9,5.0,191.0
MG Road,12.9757,77.6011,2026-08-30 16:00:00,7.5,4.8,220.0
MG Road,12.9757,77.6011,2026-08-30 17:00:00,11.8,7.7,242.0
MG Road,12.9757,77.6011,2026-08-30 18:00:00,10.9,8.1,251.0
MG Road,12.9757,77.6011,2026-08-30 19:00:00,11.1,8.7,254.0
MG Road,12.9757,77.6011,2026-08-30 20:00:00,11.1,8.8,251.0
MG Road,12.9757,77.6011,2026-08-30 21:00:00,10.2,8.0,244.0
MG Road,12.9757,77.6011,2026-08-30 22:00:00,9.1,7.1,231.0
MG Road,12.9757,77.6011,2026-08-30 23:00:00,7.1,5.6,214.0
MG Road,12.9757,77.6011,2026-08-31 00:00:00,6.0,4.7,188.0
MG Road,12.9757,77.6011,2026-08-31 01:00:00,5.4,4.1,157.0
MG Road,12.9757,77.6011,2026-08-31 02:00:00,5.5,4.0,136.0
MG Road,12.9757,77.6011,2026-08-31 03:00:00,4.8,3.5,127.0
MG Road,12.9757,77.6011,2026-08-31 04:00:00,4.2,3.1,127.0
MG Road,12.9757,77.6011,2026-08-31 05:00:00,3.2,2.5,143.0
MG Road,12.9757,77.6011,2026-08-31 06:00:00,4.3,3.4,191.0
MG Road,12.9757,77.6011,2026-08-31 07:00:00,5.5,4.2,255.0
MG Road,12.9757,77.6011,2026-08-31 08:00:00,6.5,4.4,291.0
MG Road,12.9757,77.6011,2026-08-31 09:00:00,6.4,4.4,272.0
MG Road,12.9757,77.6011,2026-08-31 10:00:00,6.8,4.4,225.0
MG Road,12.9757,77.6011,2026-08-31 11:00:00,7.3,4.6,192.0
MG Road,12.9757,77.6011,2026-08-31 12:00:00,6.9,4.4,185.0
MG Road,12.9757,77.6011,2026-08-31 13:00:00,6.3,4.0,191.0
MG Road,12.9757,77.6011,2026-08-31 14:00:00,6.0,3.9,210.0
MG Road,12.9757,77.6011,2026-08-31 15:00:00,7.0,4.3,248.0
MG Road,12.9757,77.6011,2026-08-31 16:00:00,6.4,4.3,300.0
MG Road,12.9757,77.6011,2026-08-31 17:00:00,11.1,7.2,351.0
MG Road,12.9757,77.6011,2026-08-31 18:00:00,12.1,9.0,406.0
MG Road,12.9757,77.6011,2026-08-31 19:00:00,14.8,11.6,461.0
MG Road,12.9757,77.6011,2026-08-31 20:00:00,16.6,13.5,488.0
MG Road,12.9757,77.6011,2026-08-31 21:00:00,17.5,14.5,473.0
MG Road,12.9757,77.6011,2026-08-31 22:00:00,16.9,14.0,431.0
MG Road,12.9757,77.6011,2026-08-31 23:00:00,14.8,11.9,380.0
MG Road,12.9757,77.6011,2026-09-01 00:00:00,11.7,9.2,315.0
MG Road,12.9757,77.6011,2026-09-01 01:00:00,9.2,7.3,242.0
MG Road,12.9757,77.6011,2026-09-01 02:00:00,7.8,6.3,190.0
MG Road,12.9757,77.6011,2026-09-01 03:00:00,6.8,5.6,172.0
MG Road,12.9757,77.6011,2026-09-01 04:00:00,6.3,5.2,176.0
MG Road,12.9757,77.6011,2026-09-01 05:00:00,5.3,4.4,198.0
MG Road,12.9757,77.6011,2026-09-01 06:00:00,6.2,5.4,255.0
MG Road,12.9757,77.6011,2026-09-01 07:00:00,6.1,5.2,330.0
MG Road,12.9757,77.6011,2026-09-01 08:00:00,6.1,4.9,368.0
MG Road,12.9757,77.6011,2026-09-01 09:00:00,6.4,4.7,331.0
MG Road,12.9757,77.6011,2026-09-01 10:00:00,7.5,5.0,257.0
MG Road,12.9757,77.6011,2026-09-01 11:00:00,7.9,5.2,204.0
MG Road,12.9757,77.6011,2026-09-01 12:00:00,7.9,5.1,192.0
MG Road,12.9757,77.6011,2026-09-01 13:00:00,7.5,4.9,202.0
MG Road,12.9757,77.6011,2026-09-01 14:00:00,7.1,4.8,236.0
MG Road,12.9757,77.6011,2026-09-01 15:00:00,6.7,4.6,308.0
MG Road,12.9757,77.6011,2026-09-01 16:00:00,6.3,4.6,403.0
MG Road,12.9757,77.6011,2026-09-01 17:00:00,4.6,4.2,486.0
MG Road,12.9757,77.6011,2026-09-01 18:00:00,8.1,7.9,551.0
MG Road,12.9757,77.6011,2026-09-01 19:00:00,9.5,9.3,603.0
MG Road,12.9757,77.6011,2026-09-01 20:00:00,10.3,10.0,617.0
MG Road,12.9757,77.6011,2026-09-01 21:00:00,10.9,10.5,571.0
MG Road,12.9757,77.6011,2026-09-01 22:00:00,10.8,10.2,486.0
MG Road,12.9757,77.6011,2026-09-01 23:00:00,10.2,9.4,402.0
MG Road,12.9757,77.6011,2026-09-02 00:00:00,9.2,8.3,324.0
MG Road,12.9757,77.6011,2026-09-02 01:00:00,8.5,7.5,246.0
MG Road,12.9757,77.6011,2026-09-02 02:00:00,8.0,7.0,193.0
MG Road,12.9757,77.6011,2026-09-02 03:00:00,7.6,6.5,174.0
MG Road,12.9757,77.6011,2026-09-02 04:00:00,7.3,6.2,179.0
MG Road,12.9757,77.6011,2026-09-02 05:00:00,6.7,5.7,200.0
MG Road,12.9757,77.6011,2026-09-02 06:00:00,7.7,6.6,252.0
MG Road,12.9757,77.6011,2026-09-02 07:00:00,8.3,6.8,321.0
MG Road,12.9757,77.6011,2026-09-02 08:00:00,9.2,6.7,357.0
MG Road,12.9757,77.6011,2026-09-02 09:00:00,10.9,7.0,328.0
MG Road,12.9757,77.6011,2026-09-02 10:00:00,13.0,7.3,265.0
MG Road,12.9757,77.6011,2026-09-02 11:00:00,14.3,7.6,219.0
MG Road,12.9757,77.6011,2026-09-02 12:00:00,14.2,7.6,204.0
MG Road,12.9757,77.6011,2026-09-02 13:00:00,13.6,7.3,205.0
MG Road,12.9757,77.6011,2026-09-02 14:00:00,13.0,7.0,224.0
MG Road,12.9757,77.6011,2026-09-02 15:00:00,12.4,6.9,267.0
MG Road,12.9757,77.6011,2026-09-02 16:00:00,11.1,6.8,328.0
MG Road,12.9757,77.6011,2026-09-02 17:00:00,16.6,9.7,391.0
MG Road,12.9757,77.6011,2026-09-02 18:00:00,16.9,12.7,461.0
MG Road,12.9757,77.6011,2026-09-02 19:00:00,15.2,12.0,532.0
MG Road,12.9757,77.6011,2026-09-02 20:00:00,15.3,12.3,574.0
MG Road,12.9757,77.6011,2026-09-02 21:00:00,15.1,12.0,573.0
MG Road,12.9757,77.6011,2026-09-02 22:00:00,14.8,11.8,543.0
MG Road,12.9757,77.6011,2026-09-02 23:00:00,13.4,10.5,492.0
MG Road,12.9757,77.6011,2026-09-03 00:00:00,12.0,9.1,407.0
MG Road,12.9757,77.6011,2026-09-03 01:00:00,11.0,8.1,301.0
MG Road,12.9757,77.6011,2026-09-03 02:00:00,10.2,7.4,223.0
MG Road,12.9757,77.6011,2026-09-03 03:00:00,9.7,6.9,189.0
MG Road,12.9757,77.6011,2026-09-03 04:00:00,9.5,6.8,184.0
MG Road,12.9757,77.6011,2026-09-03 05:00:00,8.8,6.3,202.0
MG Road,12.9757,77.6011,2026-09-03 06:00:00,10.7,8.0,266.0
MG Road,12.9757,77.6011,2026-09-03 07:00:00,11.0,7.9,355.0
MG Road,12.9757,77.6011,2026-09-03 08:00:00,11.9,8.5,401.0
MG Road,12.9757,77.6011,2026-09-03 09:00:00,13.6,8.5,360.0
MG Road,12.9757,77.6011,2026-09-03 10:00:00,16.0,8.6,275.0
MG Road,12.9757,77.6011,2026-09-03 11:00:00,16.9,8.7,212.0
MG Road,12.9757,77.6011,2026-09-03 12:00:00,18.2,9.4,189.0
MG Road,12.9757,77.6011,2026-09-03 13:00:00,15.0,7.8,188.0
MG Road,12.9757,77.6011,2026-09-03 14:00:00,13.4,7.3,217.0
MG Road,12.9757,77.6011,2026-09-03 15:00:00,12.1,6.9,293.0
MG Road,12.9757,77.6011,2026-09-03 16:00:00,11.6,6.5,399.0
MG Road,12.9757,77.6011,2026-09-03 17:00:00,14.3,10.2,491.0
MG Road,12.9757,77.6011,2026-09-03 18:00:00,14.7,11.7,565.0
MG Road,12.9757,77.6011,2026-09-03 19:00:00,16.2,13.5,625.0
MG Road,12.9757,77.6011,2026-09-03 20:00:00,16.9,14.1,635.0
MG Road,12.9757,77.6011,2026-09-03 21:00:00,16.9,14.1,560.0
MG Road,12.9757,77.6011,2026-09-03 22:00:00,16.3,13.4,436.0
MG Road,12.9757,77.6011,2026-09-03 23:00:00,14.8,12.1,329.0
MG Road,12.9757,77.6011,2026-09-04 00:00:00,13.0,10.3,262.0
MG Road,12.9757,77.6011,2026-09-04 01:00:00,11.6,9.1,214.0
MG Road,12.9757,77.6011,2026-09-04 02:00:00,10.7,8.4,184.0
MG Road,12.9757,77.6011,2026-09-04 03:00:00,10.3,7.9,175.0
MG Road,12.9757,77.6011,2026-09-04 04:00:00,10.3,7.9,186.0
MG Road,12.9757,77.6011,2026-09-04 05:00:00,7.9,6.1,210.0
MG Road,12.9757,77.6011,2026-09-04 06:00:00,9.2,7.5,261.0
MG Road,12.9757,77.6011,2026-09-04 07:00:00,9.2,7.4,325.0
MG Road,12.9757,77.6011,2026-09-04 08:00:00,9.0,6.7,358.0
MG Road,12.9757,77.6011,2026-09-04 09:00:00,8.9,6.4,329.0
MG Road,12.9757,77.6011,2026-09-04 10:00:00,9.3,6.1,268.0
MG Road,12.9757,77.6011,2026-09-04 11:00:00,9.3,5.8,222.0
MG Road,12.9757,77.6011,2026-09-04 12:00:00,8.8,5.5,207.0
MG Road,12.9757,77.6011,2026-09-04 13:00:00,8.2,5.3,208.0
MG Road,12.9757,77.6011,2026-09-04 14:00:00,7.7,5.0,222.0
MG Road,12.9757,77.6011,2026-09-04 15:00:00,7.2,4.8,238.0
MG Road,12.9757,77.6011,2026-09-04 16:00:00,7.0,4.7,268.0
MG Road,12.9757,77.6011,2026-09-04 17:00:00,10.5,8.2,347.0
MG Road,12.9757,77.6011,2026-09-04 18:00:00,16.4,14.5,535.0
MG Road,12.9757,77.6011,2026-09-04 19:00:00,18.2,16.5,772.0
MG Road,12.9757,77.6011,2026-09-04 20:00:00,13.9,12.5,911.0
MG Road,12.9757,77.6011,2026-09-04 21:00:00,14.7,13.4,870.0
MG Road,12.9757,77.6011,2026-09-04 22:00:00,14.9,13.6,730.0
MG Road,12.9757,77.6011,2026-09-04 23:00:00,13.3,12.0,588.0
MG Road,12.9757,77.6011,2026-09-05 00:00:00,11.7,10.5,462.0
MG Road,12.9757,77.6011,2026-09-05 01:00:00,11.2,9.8,335.0
MG Road,12.9757,77.6011,2026-09-05 02:00:00,11.5,10.0,249.0
MG Road,12.9757,77.6011,2026-09-05 03:00:00,11.8,10.1,227.0
MG Road,12.9757,77.6011,2026-09-05 04:00:00,11.8,9.8,246.0
MG Road,12.9757,77.6011,2026-09-05 05:00:00,12.9,10.5,280.0
MG Road,12.9757,77.6011,2026-09-05 06:00:00,15.0,12.3,341.0
MG Road,12.9757,77.6011,2026-09-05 07:00:00,15.1,11.9,417.0
MG Road,12.9757,77.6011,2026-09-05 08:00:00,13.4,9.1,449.0
MG Road,12.9757,77.6011,2026-09-05 09:00:00,13.9,8.8,393.0
MG Road,12.9757,77.6011,2026-09-05 10:00:00,15.3,8.9,293.0
MG Road,12.9757,77.6011,2026-09-05 11:00:00,15.9,8.9,219.0
MG Road,12.9757,77.6011,2026-09-05 12:00:00,15.7,8.6,200.0
MG Road,12.9757,77.6011,2026-09-05 13:00:00,14.6,8.0,206.0
MG Road,12.9757,77.6011,2026-09-05 14:00:00,13.5,7.6,224.0
MG Road,12.9757,77.6011,2026-09-05 15:00:00,12.7,7.2,233.0
MG Road,12.9757,77.6011,2026-09-05 16:00:00,12.6,7.3,253.0
MG Road,12.9757,77.6011,2026-09-05 17:00:00,6.2,5.1,326.0
MG Road,12.9757,77.6011,2026-09-05 18:00:00,10.5,9.3,530.0
MG Road,12.9757,77.6011,2026-09-05 19:00:00,15.4,14.1,787.0
MG Road,12.9757,77.6011,2026-09-05 20:00:00,16.9,15.4,908.0
MG Road,12.9757,77.6011,2026-09-05 21:00:00,17.3,15.5,763.0
MG Road,12.9757,77.6011,2026-09-05 22:00:00,16.2,14.3,482.0
MG Road,12.9757,77.6011,2026-09-05 23:00:00,14.3,12.2,263.0
MG Road,12.9757,77.6011,2026-09-06 00:00:00,12.9,10.5,191.0
MG Road,12.9757,77.6011,2026-09-06 01:00:00,12.6,9.9,181.0
MG Road,12.9757,77.6011,2026-09-06 02:00:00,13.3,10.1,180.0
MG Road,12.9757,77.6011,2026-09-06 03:00:00,14.5,10.9,169.0
MG Road,12.9757,77.6011,2026-09-06 04:00:00,15.4,11.5,168.0
MG Road,12.9757,77.6011,2026-09-06 05:00:00,21.7,15.4,179.0
MG Road,12.9757,77.6011,2026-09-06 06:00:00,21.2,15.1,215.0
MG Road,12.9757,77.6011,2026-09-06 07:00:00,21.1,13.2,264.0
MG Road,12.9757,77.6011,2026-09-06 08:00:00,24.5,12.9,289.0
MG Road,12.9757,77.6011,2026-09-06 09:00:00,31.0,15.1,266.0
MG Road,12.9757,77.6011,2026-09-06 10:00:00,30.3,14.2,218.0
MG Road,12.9757,77.6011,2026-09-06 11:00:00,28.6,13.3,183.0
MG Road,12.9757,77.6011,2026-09-06 12:00:00,26.8,12.4,173.0
MG Road,12.9757,77.6011,2026-09-06 13:00:00,26.7,12.4,175.0
MG Road,12.9757,77.6011,2026-09-06 14:00:00,26.7,12.4,183.0
MG Road,12.9757,77.6011,2026-09-06 15:00:00,26.4,12.4,185.0
MG Road,12.9757,77.6011,2026-09-06 16:00:00,26.5,12.7,193.0
MG Road,12.9757,77.6011,2026-09-06 17:00:00,30.4,14.9,240.0
MG Road,12.9757,77.6011,2026-09-06 18:00:00,30.6,18.4,375.0
MG Road,12.9757,77.6011,2026-09-06 19:00:00,34.2,22.4,549.0
MG Road,12.9757,77.6011,2026-09-06 20:00:00,33.6,22.7,640.0
MG Road,12.9757,77.6011,2026-09-06 21:00:00,30.4,20.9,572.0
MG Road,12.9757,77.6011,2026-09-06 22:00:00,26.2,18.6,421.0
MG Road,12.9757,77.6011,2026-09-06 23:00:00,21.2,15.7,296.0
MG Road,12.9757,77.6011,2026-09-07 00:00:00,17.0,12.9,238.0
MG Road,12.9757,77.6011,2026-09-07 01:00:00,14.4,11.1,206.0
MG Road,12.9757,77.6011,2026-09-07 02:00:00,12.1,9.4,188.0
MG Road,12.9757,77.6011,2026-09-07 03:00:00,10.8,8.3,178.0
MG Road,12.9757,77.6011,2026-09-07 04:00:00,10.1,7.7,182.0
MG Road,12.9757,77.6011,2026-09-07 05:00:00,10.0,7.1,200.0
MG Road,12.9757,77.6011,2026-09-07 06:00:00,12.0,8.4,246.0
MG Road,12.9757,77.6011,2026-09-07 07:00:00,15.2,9.8,306.0
MG Road,12.9757,77.6011,2026-09-07 08:00:00,20.5,10.9,337.0
MG Road,12.9757,77.6011,2026-09-07 09:00:00,26.3,12.5,309.0
MG Road,12.9757,77.6011,2026-09-07 10:00:00,30.2,13.6,252.0
MG Road,12.9757,77.6011,2026-09-07 11:00:00,32.4,14.3,209.0
MG Road,12.9757,77.6011,2026-09-07 12:00:00,32.8,14.7,196.0
MG Road,12.9757,77.6011,2026-09-07 13:00:00,31.7,14.5,197.0
MG Road,12.9757,77.6011,2026-09-07 14:00:00,29.3,13.9,210.0
MG Road,12.9757,77.6011,2026-09-07 15:00:00,27.1,13.2,233.0
MG Road,12.9757,77.6011,2026-09-07 16:00:00,25.7,13.0,268.0
MG Road,12.9757,77.6011,2026-09-07 17:00:00,22.4,12.3,315.0
MG Road,12.9757,77.6011,2026-09-07 18:00:00,26.2,17.3,397.0
MG Road,12.9757,77.6011,2026-09-07 19:00:00,29.0,20.7,492.0
MG Road,12.9757,77.6011,2026-09-07 20:00:00,28.1,20.4,533.0
MG Road,12.9757,77.6011,2026-09-07 21:00:00,25.4,18.6,474.0
MG Road,12.9757,77.6011,2026-09-07 22:00:00,23.1,17.1,362.0
MG Road,12.9757,77.6011,2026-09-07 23:00:00,21.4,15.5,268.0
MG Road,12.9757,77.6011,2026-09-08 00:00:00,20.0,14.0,219.0
MG Road,12.9757,77.6011,2026-09-08 01:00:00,18.2,12.3,188.0
MG Road,12.9757,77.6011,2026-09-08 02:00:00,17.6,11.4,172.0
MG Road,12.9757,77.6011,2026-09-08 03:00:00,17.9,11.0,167.0
MG Road,12.9757,77.6011,2026-09-08 04:00:00,18.7,10.9,176.0
MG Road,12.9757,77.6011,2026-09-08 05:00:00,20.1,10.5,202.0
MG Road,12.9757,77.6011,2026-09-08 06:00:00,22.0,11.8,264.0
MG Road,12.9757,77.6011,2026-09-08 07:00:00,26.0,12.7,343.0
MG Road,12.9757,77.6011,2026-09-08 08:00:00,27.2,13.0,382.0
MG Road,12.9757,77.6011,2026-09-08 09:00:00,28.5,13.6,344.0
MG Road,12.9757,77.6011,2026-09-08 10:00:00,30.4,14.4,267.0
MG Road,12.9757,77.6011,2026-09-08 11:00:00,32.1,15.0,210.0
MG Road,12.9757,77.6011,2026-09-08 12:00:00,32.2,15.3,194.0
MG Road,12.9757,77.6011,2026-09-08 13:00:00,34.0,16.8,197.0
MG Road,12.9757,77.6011,2026-09-08 14:00:00,25.8,13.3,212.0
MG Road,12.9757,77.6011,2026-09-08 15:00:00,22.7,12.1,245.0
MG Road,12.9757,77.6011,2026-09-08 16:00:00,19.0,10.5,291.0
MG Road,12.9757,77.6011,2026-09-08 17:00:00,20.7,11.8,324.0
MG Road,12.9757,77.6011,2026-09-08 18:00:00,19.8,13.3,333.0
MG Road,12.9757,77.6011,2026-09-08 19:00:00,19.6,14.4,331.0
MG Road,12.9757,77.6011,2026-09-08 20:00:00,18.7,14.2,329.0
MG Road,12.9757,77.6011,2026-09-08 21:00:00,18.2,13.6,338.0
MG Road,12.9757,77.6011,2026-09-08 22:00:00,18.2,13.4,348.0
MG Road,12.9757,77.6011,2026-09-08 23:00:00,18.2,12.8,339.0
MG Road,12.9757,77.6011,2026-09-09 00:00:00,17.2,11.7,290.0
MG Road,12.9757,77.6011,2026-09-09 01:00:00,15.1,10.1,221.0
MG Road,12.9757,77.6011,2026-09-09 02:00:00,13.2,8.7,174.0
MG Road,12.9757,77.6011,2026-09-09 03:00:00,12.5,8.0,168.0
MG Road,12.9757,77.6011,2026-09-09 04:00:00,12.8,7.9,184.0
MG Road,12.9757,77.6011,2026-09-09 05:00:00,12.0,7.4,207.0
MG Road,12.9757,77.6011,2026-09-09 06:00:00,13.5,8.6,244.0
MG Road,12.9757,77.6011,2026-09-09 07:00:00,15.8,9.4,288.0
MG Road,12.9757,77.6011,2026-09-09 08:00:00,18.2,9.5,309.0
MG Road,12.9757,77.6011,2026-09-09 09:00:00,22.3,10.5,283.0
MG Road,12.9757,77.6011,2026-09-09 10:00:00,26.4,11.8,235.0
MG Road,12.9757,77.6011,2026-09-09 11:00:00,28.1,12.6,200.0
MG Road,12.9757,77.6011,2026-09-09 12:00:00,27.8,12.4,194.0
MG Road,12.9757,77.6011,2026-09-09 13:00:00,26.6,12.1,202.0
MG Road,12.9757,77.6011,2026-09-09 14:00:00,25.1,11.6,221.0
MG Road,12.9757,77.6011,2026-09-09 15:00:00,23.1,11.0,249.0
MG Road,12.9757,77.6011,2026-09-09 16:00:00,21.6,10.6,287.0
MG Road,12.9757,77.6011,2026-09-09 17:00:00,35.6,17.0,333.0
MG Road,12.9757,77.6011,2026-09-09 18:00:00,36.1,21.6,403.0
MG Road,12.9757,77.6011,2026-09-09 19:00:00,41.1,27.2,481.0
MG Road,12.9757,77.6011,2026-09-09 20:00:00,43.0,30.2,511.0
MG Road,12.9757,77.6011,2026-09-09 21:00:00,39.6,28.6,454.0
MG Road,12.9757,77.6011,2026-09-09 22:00:00,33.3,24.7,350.0
MG Road,12.9757,77.6011,2026-09-09 23:00:00,26.0,19.7,264.0
MG Road,12.9757,77.6011,2026-09-10 00:00:00,19.6,15.0,222.0
MG Road,12.9757,77.6011,2026-09-10 01:00:00,15.4,11.9,198.0
MG Road,12.9757,77.6011,2026-09-10 02:00:00,12.3,9.7,185.0
MG Road,12.9757,77.6011,2026-09-10 03:00:00,10.9,8.5,181.0
MG Road,12.9757,77.6011,2026-09-10 04:00:00,10.4,8.1,187.0
MG Road,12.9757,77.6011,2026-09-10 05:00:00,10.5,8.1,204.0
MG Road,12.9757,77.6011,2026-09-10 06:00:00,11.8,9.4,243.0
MG Road,12.9757,77.6011,2026-09-10 07:00:00,12.6,9.2,292.0
MG Road,12.9757,77.6011,2026-09-10 08:00:00,15.6,9.8,318.0
MG Road,12.9757,77.6011,2026-09-10 09:00:00,19.2,10.9,297.0
MG Road,12.9757,77.6011,2026-09-10 10:00:00,24.1,13.1,252.0
MG Road,12.9757,77.6011,2026-09-10 11:00:00,26.5,14.2,220.0
MG Road,12.9757,77.6011,2026-09-10 12:00:00,27.1,14.5,211.0
MG Road,12.9757,77.6011,2026-09-10 13:00:00,27.2,14.5,213.0
MG Road,12.9757,77.6011,2026-09-10 14:00:00,26.4,14.3,232.0
MG Road,12.9757,77.6011,2026-09-10 15:00:00,25.4,14.0,269.0
MG Road,12.9757,77.6011,2026-09-10 16:00:00,24.7,14.0,322.0
MG Road,12.9757,77.6011,2026-09-10 17:00:00,30.3,17.6,385.0
MG Road,12.9757,77.6011,2026-09-10 18:00:00,33.1,22.4,473.0
MG Road,12.9757,77.6011,2026-09-10 19:00:00,37.7,27.7,570.0
MG Road,12.9757,77.6011,2026-09-10 20:00:00,39.6,29.9,626.0
MG Road,12.9757,77.6011,2026-09-10 21:00:00,38.6,29.4,613.0
MG Road,12.9757,77.6011,2026-09-10 22:00:00,34.2,26.5,559.0
MG Road,12.9757,77.6011,2026-09-10 23:00:00,24.3,19.2,493.0
MG Road,12.9757,77.6011,2026-09-11 00:00:00,18.0,14.3,411.0
MG Road,12.9757,77.6011,2026-09-11 01:00:00,15.3,11.9,316.0
MG Road,12.9757,77.6011,2026-09-11 02:00:00,15.3,11.2,252.0
MG Road,12.9757,77.6011,2026-09-11 03:00:00,16.3,11.3,240.0
MG Road,12.9757,77.6011,2026-09-11 04:00:00,17.8,11.9,258.0
MG Road,12.9757,77.6011,2026-09-11 05:00:00,15.4,10.3,280.0
MG Road,12.9757,77.6011,2026-09-11 06:00:00,17.1,11.6,306.0
MG Road,12.9757,77.6011,2026-09-11 07:00:00,19.0,12.3,335.0
MG Road,12.9757,77.6011,2026-09-11 08:00:00,22.6,12.5,345.0
MG Road,12.9757,77.6011,2026-09-11 09:00:00,27.5,14.3,315.0
MG Road,12.9757,77.6011,2026-09-11 10:00:00,32.1,16.5,266.0
MG Road,12.9757,77.6011,2026-09-11 11:00:00,33.8,17.5,230.0
MG Road,12.9757,77.6011,2026-09-11 12:00:00,33.1,17.2,220.0
MG Road,12.9757,77.6011,2026-09-11 13:00:00,31.7,16.6,225.0
MG Road,12.9757,77.6011,2026-09-11 14:00:00,30.2,15.9,238.0
MG Road,12.9757,77.6011,2026-09-11 15:00:00,29.3,15.8,249.0
MG Road,12.9757,77.6011,2026-09-11 16:00:00,28.7,15.7,269.0
MG Road,12.9757,77.6011,2026-09-11 17:00:00,27.9,16.6,330.0
MG Road,12.9757,77.6011,2026-09-11 18:00:00,31.8,22.1,482.0
MG Road,12.9757,77.6011,2026-09-11 19:00:00,39.2,29.2,673.0
MG Road,12.9757,77.6011,2026-09-11 20:00:00,44.9,34.2,786.0
MG Road,12.9757,77.6011,2026-09-11 21:00:00,49.2,38.1,752.0
MG Road,12.9757,77.6011,2026-09-11 22:00:00,50.5,39.1,639.0
MG Road,12.9757,77.6011,2026-09-11 23:00:00,46.9,36.0,527.0
MG Road,12.9757,77.6011,2026-09-12 00:00:00,39.5,29.4,433.0
MG Road,12.9757,77.6011,2026-09-12 01:00:00,31.4,23.0,340.0
MG Road,12.9757,77.6011,2026-09-12 02:00:00,25.8,18.7,275.0
MG Road,12.9757,77.6011,2026-09-12 03:00:00,22.3,16.1,250.0
MG Road,12.9757,77.6011,2026-09-12 04:00:00,20.2,14.4,254.0
MG Road,12.9757,77.6011,2026-09-12 05:00:00,16.8,12.2,277.0
MG Road,12.9757,77.6011,2026-09-12 06:00:00,17.7,13.0,339.0
MG Road,12.9757,77.6011,2026-09-12 07:00:00,20.3,12.8,421.0
MG Road,12.9757,77.6011,2026-09-12 08:00:00,24.6,13.6,460.0
MG Road,12.9757,77.6011,2026-09-12 09:00:00,28.1,15.0,413.0
MG Road,12.9757,77.6011,2026-09-12 10:00:00,31.7,16.0,323.0
MG Road,12.9757,77.6011,2026-09-12 11:00:00,31.9,16.0,256.0
MG Road,12.9757,77.6011,2026-09-12 12:00:00,29.3,15.0,236.0
MG Road,12.9757,77.6011,2026-09-12 13:00:00,27.6,14.5,239.0
MG Road,12.9757,77.6011,2026-09-12 14:00:00,26.1,14.0,255.0
MG Road,12.9757,77.6011,2026-09-12 15:00:00,25.8,14.1,278.0
MG Road,12.9757,77.6011,2026-09-12 16:00:00,26.5,14.7,314.0
MG Road,12.9757,77.6011,2026-09-12 17:00:00,21.1,14.6,378.0
MG Road,12.9757,77.6011,2026-09-12 18:00:00,24.1,18.3,507.0
MG Road,12.9757,77.6011,2026-09-12 19:00:00,27.3,21.7,664.0
MG Road,12.9757,77.6011,2026-09-12 20:00:00,26.1,21.0,743.0
MG Road,12.9757,77.6011,2026-09-12 21:00:00,22.2,18.1,679.0
MG Road,12.9757,77.6011,2026-09-12 22:00:00,18.5,15.5,537.0
MG Road,12.9757,77.6011,2026-09-12 23:00:00,15.7,13.3,415.0
MG Road,12.9757,77.6011,2026-09-13 00:00:00,13.4,11.4,346.0
MG Road,12.9757,77.6011,2026-09-13 01:00:00,11.8,9.9,297.0
MG Road,12.9757,77.6011,2026-09-13 02:00:00,10.8,9.1,262.0
MG Road,12.9757,77.6011,2026-09-13 03:00:00,10.1,8.5,239.0
MG Road,12.9757,77.6011,2026-09-13 04:00:00,10.0,8.2,230.0
MG Road,12.9757,77.6011,2026-09-13 05:00:00,9.8,8.0,237.0
MG Road,12.9757,77.6011,2026-09-13 06:00:00,11.3,9.3,276.0
MG Road,12.9757,77.6011,2026-09-13 07:00:00,11.9,8.7,331.0
MG Road,12.9757,77.6011,2026-09-13 08:00:00,13.7,9.1,357.0
MG Road,12.9757,77.6011,2026-09-13 09:00:00,16.4,9.8,323.0
MG Road,12.9757,77.6011,2026-09-13 10:00:00,18.3,10.5,260.0
MG Road,12.9757,77.6011,2026-09-13 11:00:00,19.5,11.1,213.0
MG Road,12.9757,77.6011,2026-09-13 12:00:00,20.1,11.6,202.0
MG Road,12.9757,77.6011,2026-09-13 13:00:00,20.3,11.6,208.0
MG Road,12.9757,77.6011,2026-09-13 14:00:00,20.5,11.7,220.0
MG Road,12.9757,77.6011,2026-09-13 15:00:00,19.8,11.3,222.0
MG Road,12.9757,77.6011,2026-09-13 16:00:00,19.4,11.2,230.0
MG Road,12.9757,77.6011,2026-09-13 17:00:00,24.7,14.3,288.0
MG Road,12.9757,77.6011,2026-09-13 18:00:00,26.8,18.3,445.0
MG Road,12.9757,77.6011,2026-09-13 19:00:00,28.9,21.0,651.0
MG Road,12.9757,77.6011,2026-09-13 20:00:00,29.9,21.9,803.0
MG Road,12.9757,77.6011,2026-09-13 21:00:00,32.1,23.5,865.0
MG Road,12.9757,77.6011,2026-09-13 22:00:00,35.5,26.3,874.0
MG Road,12.9757,77.6011,2026-09-13 23:00:00,37.1,28.1,833.0
MG Road,12.9757,77.6011,2026-09-14 00:00:00,40.0,30.9,718.0
MG Road,12.9757,77.6011,2026-09-14 01:00:00,42.8,33.8,555.0
MG Road,12.9757,77.6011,2026-09-14 02:00:00,44.6,35.7,421.0
MG Road,12.9757,77.6011,2026-09-14 03:00:00,45.2,36.4,338.0
MG Road,12.9757,77.6011,2026-09-14 04:00:00,45.1,36.3,285.0
MG Road,12.9757,77.6011,2026-09-14 05:00:00,50.1,41.4,281.0
MG Road,12.9757,77.6011,2026-09-14 06:00:00,54.9,46.3,369.0
MG Road,12.9757,77.6011,2026-09-14 07:00:00,51.3,43.5,506.0
MG Road,12.9757,77.6011,2026-09-14 08:00:00,39.6,29.9,578.0
MG Road,12.9757,77.6011,2026-09-14 09:00:00,37.4,25.8,515.0
MG Road,12.9757,77.6011,2026-09-14 10:00:00,36.1,23.3,388.0
MG Road,12.9757,77.6011,2026-09-14 11:00:00,35.6,22.4,294.0
MG Road,12.9757,77.6011,2026-09-14 12:00:00,34.2,21.4,268.0
MG Road,12.9757,77.6011,2026-09-14 13:00:00,32.2,20.1,275.0
MG Road,12.9757,77.6011,2026-09-14 14:00:00,30.0,19.0,310.0
MG Road,12.9757,77.6011,2026-09-14 15:00:00,30.2,19.1,383.0
MG Road,12.9757,77.6011,2026-09-14 16:00:00,29.5,18.3,485.0
MG Road,12.9757,77.6011,2026-09-14 17:00:00,29.0,22.9,580.0
MG Road,12.9757,77.6011,2026-09-14 18:00:00,28.5,25.0,677.0
MG Road,12.9757,77.6011,2026-09-14 19:00:00,28.5,26.8,768.0
MG Road,12.9757,77.6011,2026-09-14 20:00:00,30.5,29.2,794.0
MG Road,12.9757,77.6011,2026-09-14 21:00:00,31.0,29.6,707.0
MG Road,12.9757,77.6011,2026-09-14 22:00:00,30.4,28.8,554.0
MG Road,12.9757,77.6011,2026-09-14 23:00:00,28.5,26.6,426.0
MG Road,12.9757,77.6011,2026-09-15 00:00:00,26.3,24.1,353.0
MG Road,12.9757,77.6011,2026-09-15 01:00:00,26.2,23.6,304.0
MG Road,12.9757,77.6011,2026-09-15 02:00:00,27.2,24.3,271.0
MG Road,12.9757,77.6011,2026-09-15 03:00:00,27.2,24.2,251.0
MG Road,12.9757,77.6011,2026-09-15 04:00:00,28.1,24.7,247.0
MG Road,12.9757,77.6011,2026-09-15 05:00:00,8.9,7.6,266.0
MG Road,12.9757,77.6011,2026-09-15 06:00:00,16.1,13.9,330.0
MG Road,12.9757,77.6011,2026-09-15 07:00:00,18.3,11.9,417.0
MG Road,12.9757,77.6011,2026-09-15 08:00:00,27.7,16.7,467.0
MG Road,12.9757,77.6011,2026-09-15 09:00:00,26.7,15.8,443.0
MG Road,12.9757,77.6011,2026-09-15 10:00:00,26.8,15.9,382.0
MG Road,12.9757,77.6011,2026-09-15 11:00:00,25.6,15.3,338.0
MG Road,12.9757,77.6011,2026-09-15 12:00:00,23.7,14.6,320.0
MG Road,12.9757,77.6011,2026-09-15 13:00:00,21.8,13.9,318.0
MG Road,12.9757,77.6011,2026-09-15 14:00:00,22.5,14.6,357.0
MG Road,12.9757,77.6011,2026-09-15 15:00:00,22.4,14.7,461.0
MG Road,12.9757,77.6011,2026-09-15 16:00:00,23.5,15.7,604.0
MG Road,12.9757,77.6011,2026-09-15 17:00:00,34.6,24.2,737.0
MG Road,12.9757,77.6011,2026-09-15 18:00:00,35.3,29.0,864.0
MG Road,12.9757,77.6011,2026-09-15 19:00:00,28.7,23.8,980.0
MG Road,12.9757,77.6011,2026-09-15 20:00:00,22.3,18.4,1018.0
MG Road,12.9757,77.6011,2026-09-15 21:00:00,20.1,16.8,922.0
MG Road,12.9757,77.6011,2026-09-15 22:00:00,21.3,17.8,748.0
MG Road,12.9757,77.6011,2026-09-15 23:00:00,22.2,18.5,592.0
MG Road,12.9757,77.6011,2026-09-16 00:00:00,22.8,19.2,486.0
MG Road,12.9757,77.6011,2026-09-16 01:00:00,16.0,12.9,398.0
MG Road,12.9757,77.6011,2026-09-16 02:00:00,15.5,11.8,335.0
MG Road,12.9757,77.6011,2026-09-16 03:00:00,16.6,12.1,292.0
MG Road,12.9757,77.6011,2026-09-16 04:00:00,17.3,12.4,273.0
MG Road,12.9757,77.6011,2026-09-16 05:00:00,13.5,8.8,294.0
MG Road,12.9757,77.6011,2026-09-16 06:00:00,14.2,10.1,396.0
MG Road,12.9757,77.6011,2026-09-16 07:00:00,17.9,12.1,538.0
MG Road,12.9757,77.6011,2026-09-16 08:00:00,20.9,14.1,609.0
MG Road,12.9757,77.6011,2026-09-16 09:00:00,22.9,14.9,536.0
MG Road,12.9757,77.6011,2026-09-16 10:00:00,23.7,15.4,393.0
MG Road,12.9757,77.6011,2026-09-16 11:00:00,22.7,14.9,290.0
MG Road,12.9757,77.6011,2026-09-16 12:00:00,21.2,14.2,275.0
MG Road,12.9757,77.6011,2026-09-16 13:00:00,19.2,13.2,300.0
MG Road,12.9757,77.6011,2026-09-16 14:00:00,18.7,13.0,335.0
MG Road,12.9757,77.6011,2026-09-16 15:00:00,18.7,12.9,343.0
MG Road,12.9757,77.6011,2026-09-16 16:00:00,19.4,13.5,360.0
MG Road,12.9757,77.6011,2026-09-16 17:00:00,11.8,11.0,462.0
MG Road,12.9757,77.6011,2026-09-16 18:00:00,30.6,29.7,769.0
MG Road,12.9757,77.6011,2026-09-16 19:00:00,48.3,46.4,1160.0
MG Road,12.9757,77.6011,2026-09-16 20:00:00,55.1,52.9,1347.0
MG Road,12.9757,77.6011,2026-09-16 21:00:00,39.5,37.8,1136.0
MG Road,12.9757,77.6011,2026-09-16 22:00:00,27.8,26.2,722.0
MG Road,12.9757,77.6011,2026-09-16 23:00:00,22.5,20.7,399.0
MG Road,12.9757,77.6011,2026-09-17 00:00:00,20.0,18.2,292.0
MG Road,12.9757,77.6011,2026-09-17 01:00:00,16.1,14.4,277.0
MG Road,12.9757,77.6011,2026-09-17 02:00:00,14.0,12.4,279.0
MG Road,12.9757,77.6011,2026-09-17 03:00:00,13.6,12.1,275.0
MG Road,12.9757,77.6011,2026-09-17 04:00:00,13.7,12.2,288.0
MG Road,12.9757,77.6011,2026-09-17 05:00:00,10.7,9.6,314.0
MG Road,12.9757,77.6011,2026-09-17 06:00:00,12.7,11.5,367.0
MG Road,12.9757,77.6011,2026-09-17 07:00:00,10.5,9.5,433.0
MG Road,12.9757,77.6011,2026-09-17 08:00:00,8.6,7.5,461.0
MG Road,12.9757,77.6011,2026-09-17 09:00:00,7.9,6.7,414.0
MG Road,12.9757,77.6011,2026-09-17 10:00:00,7.5,6.2,328.0
MG Road,12.9757,77.6011,2026-09-17 11:00:00,6.8,5.7,264.0
MG Road,12.9757,77.6011,2026-09-17 12:00:00,7.1,6.1,230.0
MG Road,12.9757,77.6011,2026-09-17 13:00:00,6.5,5.6,218.0
MG Road,12.9757,77.6011,2026-09-17 14:00:00,6.6,5.6,261.0
MG Road,12.9757,77.6011,2026-09-17 15:00:00,6.5,5.6,394.0
MG Road,12.9757,77.6011,2026-09-17 16:00:00,6.8,5.8,582.0
MG Road,12.9757,77.6011,2026-09-17 17:00:00,12.9,10.1,756.0
MG Road,12.9757,77.6011,2026-09-17 18:00:00,16.6,13.8,924.0
MG Road,12.9757,77.6011,2026-09-17 19:00:00,16.2,13.9,1079.0
MG Road,12.9757,77.6011,2026-09-17 20:00:00,16.5,14.3,1130.0
MG Road,12.9757,77.6011,2026-09-17 21:00:00,15.5,13.6,1004.0
MG Road,12.9757,77.6011,2026-09-17 22:00:00,13.8,12.2,775.0
MG Road,12.9757,77.6011,2026-09-17 23:00:00,11.4,10.2,568.0
MG Road,12.9757,77.6011,2026-09-18 00:00:00,9.5,8.5,421.0
MG Road,12.9757,77.6011,2026-09-18 01:00:00,8.6,7.5,296.0
MG Road,12.9757,77.6011,2026-09-18 02:00:00,8.3,7.0,210.0
MG Road,12.9757,77.6011,2026-09-18 03:00:00,8.3,6.7,175.0
MG Road,12.9757,77.6011,2026-09-18 04:00:00,8.6,6.6,177.0
MG Road,12.9757,77.6011,2026-09-18 05:00:00,8.8,6.1,196.0
MG Road,12.9757,77.6011,2026-09-18 06:00:00,10.8,7.4,237.0
MG Road,12.9757,77.6011,2026-09-18 07:00:00,13.4,8.2,294.0
MG Road,12.9757,77.6011,2026-09-18 08:00:00,16.2,8.5,324.0
MG Road,12.9757,77.6011,2026-09-18 09:00:00,18.0,9.0,299.0
MG Road,12.9757,77.6011,2026-09-18 10:00:00,19.7,9.7,248.0
MG Road,12.9757,77.6011,2026-09-18 11:00:00,20.6,10.2,211.0
MG Road,12.9757,77.6011,2026-09-18 12:00:00,20.5,10.4,201.0
MG Road,12.9757,77.6011,2026-09-18 13:00:00,20.1,10.5,206.0
MG Road,12.9757,77.6011,2026-09-18 14:00:00,19.8,10.7,233.0
MG Road,12.9757,77.6011,2026-09-18 15:00:00,19.2,10.4,287.0
MG Road,12.9757,77.6011,2026-09-18 16:00:00,18.6,10.4,362.0
MG Road,12.9757,77.6011,2026-09-18 17:00:00,16.5,10.9,447.0
MG Road,12.9757,77.6011,2026-09-18 18:00:00,22.8,17.9,561.0
MG Road,12.9757,77.6011,2026-09-18 19:00:00,26.8,21.8,686.0
MG Road,12.9757,77.6011,2026-09-18 20:00:00,25.3,21.0,749.0
MG Road,12.9757,77.6011,2026-09-18 21:00:00,20.3,16.6,706.0
MG Road,12.9757,77.6011,2026-09-18 22:00:00,17.7,14.6,602.0
MG Road,12.9757,77.6011,2026-09-18 23:00:00,14.7,12.1,502.0
MG Road,12.9757,77.6011,2026-09-19 00:00:00,12.2,10.2,424.0
MG Road,12.9757,77.6011,2026-09-19 01:00:00,10.8,9.2,349.0
MG Road,12.9757,77.6011,2026-09-19 02:00:00,9.9,8.4,289.0
MG Road,12.9757,77.6011,2026-09-19 03:00:00,9.3,7.8,242.0
MG Road,12.9757,77.6011,2026-09-19 04:00:00,9.0,7.3,209.0
MG Road,12.9757,77.6011,2026-09-19 05:00:00,9.1,7.3,203.0
MG Road,12.9757,77.6011,2026-09-19 06:00:00,10.8,8.7,247.0
MG Road,12.9757,77.6011,2026-09-19 07:00:00,11.0,7.7,319.0
MG Road,12.9757,77.6011,2026-09-19 08:00:00,12.8,8.1,358.0
MG Road,12.9757,77.6011,2026-09-19 09:00:00,14.6,8.7,330.0
MG Road,12.9757,77.6011,2026-09-19 10:00:00,16.2,9.6,270.0
MG Road,12.9757,77.6011,2026-09-19 11:00:00,17.5,10.5,226.0
MG Road,12.9757,77.6011,2026-09-19 12:00:00,17.4,10.6,207.0
MG Road,12.9757,77.6011,2026-09-19 13:00:00,17.1,10.5,205.0
MG Road,12.9757,77.6011,2026-09-19 14:00:00,15.7,9.7,238.0
MG Road,12.9757,77.6011,2026-09-19 15:00:00,16.1,10.1,334.0
MG Road,12.9757,77.6011,2026-09-19 16:00:00,17.8,11.5,466.0
MG Road,12.9757,77.6011,2026-09-19 17:00:00,13.8,8.9,572.0
MG Road,12.9757,77.6011,2026-09-19 18:00:00,21.3,17.2,623.0
MG Road,12.9757,77.6011,2026-09-19 19:00:00,27.8,23.6,648.0
MG Road,12.9757,77.6011,2026-09-19 20:00:00,26.6,22.9,675.0
MG Road,12.9757,77.6011,2026-09-19 21:00:00,19.2,16.5,735.0
MG Road,12.9757,77.6011,2026-09-19 22:00:00,17.5,15.1,797.0
MG Road,12.9757,77.6011,2026-09-19 23:00:00,17.3,14.9,796.0
MG Road,12.9757,77.6011,2026-09-20 00:00:00,15.5,13.0,676.0
MG Road,12.9757,77.6011,2026-09-20 01:00:00,16.5,14.0,493.0
MG Road,12.9757,77.6011,2026-09-20 02:00:00,14.6,12.3,344.0
MG Road,12.9757,77.6011,2026-09-20 03:00:00,13.5,11.4,267.0
MG Road,12.9757,77.6011,2026-09-20 04:00:00,13.5,11.3,225.0
MG Road,12.9757,77.6011,2026-09-20 05:00:00,6.4,5.0,207.0
MG Road,12.9757,77.6011,2026-09-20 06:00:00,8.2,6.8,224.0
MG Road,12.9757,77.6011,2026-09-20 07:00:00,10.5,8.8,265.0
MG Road,12.9757,77.6011,2026-09-20 08:00:00,11.4,9.3,291.0
MG Road,12.9757,77.6011,2026-09-20 09:00:00,11.7,8.9,279.0
MG Road,12.9757,77.6011,2026-09-20 10:00:00,11.8,8.4,252.0
MG Road,12.9757,77.6011,2026-09-20 11:00:00,11.5,7.8,233.0
MG Road,12.9757,77.6011,2026-09-20 12:00:00,10.5,7.0,215.0
MG Road,12.9757,77.6011,2026-09-20 13:00:00,9.9,6.7,206.0
MG Road,12.9757,77.6011,2026-09-20 14:00:00,9.4,6.4,255.0
MG Road,12.9757,77.6011,2026-09-20 15:00:00,9.0,6.2,425.0
MG Road,12.9757,77.6011,2026-09-20 16:00:00,8.4,6.0,653.0
MG Road,12.9757,77.6011,2026-09-20 17:00:00,12.2,9.1,799.0
MG Road,12.9757,77.6011,2026-09-20 18:00:00,21.8,18.6,785.0
MG Road,12.9757,77.6011,2026-09-20 19:00:00,33.9,30.5,690.0
MG Road,12.9757,77.6011,2026-09-20 20:00:00,38.6,35.5,610.0
MG Road,12.9757,77.6011,2026-09-20 21:00:00,31.4,28.6,595.0
MG Road,12.9757,77.6011,2026-09-20 22:00:00,20.1,17.6,596.0
MG Road,12.9757,77.6011,2026-09-20 23:00:00,15.5,13.1,561.0
MG Road,12.9757,77.6011,2026-09-21 00:00:00,12.3,10.2,447.0
MG Road,12.9757,77.6011,2026-09-21 01:00:00,9.5,7.9,298.0
MG Road,12.9757,77.6011,2026-09-21 02:00:00,7.1,6.2,190.0
MG Road,12.9757,77.6011,2026-09-21 03:00:00,5.3,5.0,157.0
MG Road,12.9757,77.6011,2026-09-21 04:00:00,4.5,4.3,165.0
MG Road,12.9757,77.6011,2026-09-21 05:00:00,5.1,4.4,193.0
MG Road,12.9757,77.6011,2026-09-21 06:00:00,6.1,5.5,251.0
MG Road,12.9757,77.6011,2026-09-21 07:00:00,6.6,5.8,330.0
MG Road,12.9757,77.6011,2026-09-21 08:00:00,7.1,6.2,374.0
MG Road,12.9757,77.6011,2026-09-21 09:00:00,6.7,5.7,351.0
MG Road,12.9757,77.6011,2026-09-21 10:00:00,6.4,5.5,294.0
MG Road,12.9757,77.6011,2026-09-21 11:00:00,6.4,5.5,251.0
MG Road,12.9757,77.6011,2026-09-21 12:00:00,6.9,5.8,231.0
MG Road,12.9757,77.6011,2026-09-21 13:00:00,7.2,6.0,225.0
MG Road,12.9757,77.6011,2026-09-21 14:00:00,7.7,6.5,251.0
MG Road,12.9757,77.6011,2026-09-21 15:00:00,9.3,8.3,322.0
MG Road,12.9757,77.6011,2026-09-21 16:00:00,8.6,7.9,426.0
MG Road,12.9757,77.6011,2026-09-21 17:00:00,10.1,9.6,545.0
MG Road,12.9757,77.6011,2026-09-21 18:00:00,12.2,11.8,714.0
MG Road,12.9757,77.6011,2026-09-21 19:00:00,10.1,9.9,897.0
MG Road,12.9757,77.6011,2026-09-21 20:00:00,10.0,9.8,974.0
MG Road,12.9757,77.6011,2026-09-21 21:00:00,12.8,12.4,858.0
MG Road,12.9757,77.6011,2026-09-21 22:00:00,14.2,13.6,635.0
MG Road,12.9757,77.6011,2026-09-21 23:00:00,13.8,13.1,444.0
MG Road,12.9757,77.6011,2026-09-22 00:00:00,12.4,11.9,335.0
MG Road,12.9757,77.6011,2026-09-22 01:00:00,11.8,11.4,258.0
MG Road,12.9757,77.6011,2026-09-22 02:00:00,11.3,11.1,206.0
MG Road,12.9757,77.6011,2026-09-22 03:00:00,10.2,10.0,170.0
MG Road,12.9757,77.6011,2026-09-22 04:00:00,9.1,8.8,158.0
MG Road,12.9757,77.6011,2026-09-22 05:00:00,5.7,5.2,186.0
MG Road,12.9757,77.6011,2026-09-22 06:00:00,6.5,5.7,296.0
MG Road,12.9757,77.6011,2026-09-22 07:00:00,8.2,6.9,445.0
MG Road,12.9757,77.6011,2026-09-22 08:00:00,9.1,7.3,529.0
MG Road,12.9757,77.6011,2026-09-22 09:00:00,9.4,6.7,480.0
MG Road,12.9757,77.6011,2026-09-22 10:00:00,10.4,6.9,366.0
MG Road,12.9757,77.6011,2026-09-22 11:00:00,11.7,7.5,276.0
MG Road,12.9757,77.6011,2026-09-22 12:00:00,12.9,8.1,239.0
MG Road,12.9757,77.6011,2026-09-22 13:00:00,13.9,8.6,226.0
MG Road,12.9757,77.6011,2026-09-22 14:00:00,14.8,9.2,248.0
MG Road,12.9757,77.6011,2026-09-22 15:00:00,15.6,10.1,330.0
MG Road,12.9757,77.6011,2026-09-22 16:00:00,16.9,11.7,445.0
MG Road,12.9757,77.6011,2026-09-22 17:00:00,16.6,11.4,525.0
MG Road,12.9757,77.6011,2026-09-22 18:00:00,18.1,13.7,538.0
MG Road,12.9757,77.6011,2026-09-22 19:00:00,20.7,16.2,516.0
MG Road,12.9757,77.6011,2026-09-22 20:00:00,21.7,16.9,479.0
MG Road,12.9757,77.6011,2026-09-22 21:00:00,21.7,16.2,428.0
MG Road,12.9757,77.6011,2026-09-22 22:00:00,21.8,15.7,361.0
MG Road,12.9757,77.6011,2026-09-22 23:00:00,20.3,14.0,301.0
MG Road,12.9757,77.6011,2026-09-23 00:00:00,18.9,12.5,250.0
MG Road,12.9757,77.6011,2026-09-23 01:00:00,17.5,11.1,205.0
MG Road,12.9757,77.6011,2026-09-23 02:00:00,16.6,10.0,175.0
MG Road,12.9757,77.6011,2026-09-23 03:00:00,16.2,9.4,156.0
MG Road,12.9757,77.6011,2026-09-23 04:00:00,15.9,8.9,151.0
MG Road,12.9757,77.6011,2026-09-23 05:00:00,14.3,7.8,184.0
MG Road,12.9757,77.6011,2026-09-23 06:00:00,14.4,8.2,297.0
MG Road,12.9757,77.6011,2026-09-23 07:00:00,14.6,8.9,448.0
MG Road,12.9757,77.6011,2026-09-23 08:00:00,15.9,9.3,526.0
MG Road,12.9757,77.6011,2026-09-23 09:00:00,16.6,9.4,460.0
MG Road,12.9757,77.6011,2026-09-23 10:00:00,17.8,9.9,322.0
MG Road,12.9757,77.6011,2026-09-23 11:00:00,18.5,10.4,219.0
MG Road,12.9757,77.6011,2026-09-23 12:00:00,18.7,10.9,189.0
MG Road,12.9757,77.6011,2026-09-23 13:00:00,18.6,11.0,195.0
MG Road,12.9757,77.6011,2026-09-23 14:00:00,26.0,15.2,231.0
MG Road,12.9757,77.6011,2026-09-23 15:00:00,17.4,10.6,322.0
MG Road,12.9757,77.6011,2026-09-23 16:00:00,16.4,10.9,443.0
MG Road,12.9757,77.6011,2026-09-23 17:00:00,19.5,12.5,513.0
MG Road,12.9757,77.6011,2026-09-23 18:00:00,25.7,17.3,483.0
MG Road,12.9757,77.6011,2026-09-23 19:00:00,23.9,17.0,401.0
MG Road,12.9757,77.6011,2026-09-23 20:00:00,23.2,16.6,331.0
MG Road,12.9757,77.6011,2026-09-23 21:00:00,22.8,16.4,300.0
MG Road,12.9757,77.6011,2026-09-23 22:00:00,22.7,16.2,282.0
MG Road,12.9757,77.6011,2026-09-23 23:00:00,21.7,15.3,259.0
MG Road,12.9757,77.6011,2026-09-24 00:00:00,17.9,12.7,220.0
MG Road,12.9757,77.6011,2026-09-24 01:00:00,15.5,11.0,178.0
MG Road,12.9757,77.6011,2026-09-24 02:00:00,13.8,9.7,150.0
MG Road,12.9757,77.6011,2026-09-24 03:00:00,12.4,8.8,144.0
MG Road,12.9757,77.6011,2026-09-24 04:00:00,11.2,8.0,153.0
MG Road,12.9757,77.6011,2026-09-24 05:00:00,10.7,7.7,176.0
MG Road,12.9757,77.6011,2026-09-24 06:00:00,10.6,7.8,229.0
MG Road,12.9757,77.6011,2026-09-24 07:00:00,11.0,8.3,296.0
MG Road,12.9757,77.6011,2026-09-24 08:00:00,9.3,6.9,333.0
MG Road,12.9757,77.6011,2026-09-24 09:00:00,8.3,6.1,309.0
MG Road,12.9757,77.6011,2026-09-24 10:00:00,8.1,6.0,254.0
MG Road,12.9757,77.6011,2026-09-24 11:00:00,7.8,5.6,215.0
MG Road,12.9757,77.6011,2026-09-24 12:00:00,7.9,5.6,201.0
MG Road,12.9757,77.6011,2026-09-24 13:00:00,8.0,5.7,203.0
MG Road,12.9757,77.6011,2026-09-24 14:00:00,9.0,6.5,233.0
MG Road,12.9757,77.6011,2026-09-24 15:00:00,9.8,7.4,323.0
MG Road,12.9757,77.6011,2026-09-24 16:00:00,10.3,7.9,442.0
MG Road,12.9757,77.6011,2026-09-24 17:00:00,10.4,8.2,508.0
MG Road,12.9757,77.6011,2026-09-24 18:00:00,11.2,8.9,470.0
MG Road,12.9757,77.6011,2026-09-24 19:00:00,12.7,9.9,380.0
MG Road,12.9757,77.6011,2026-09-24 20:00:00,12.5,9.5,308.0
MG Road,12.9757,77.6011,2026-09-24 21:00:00,10.7,8.3,286.0
MG Road,12.9757,77.6011,2026-09-24 22:00:00,7.6,6.3,283.0
MG Road,12.9757,77.6011,2026-09-24 23:00:00,5.8,4.9,271.0
MG Road,12.9757,77.6011,2026-09-25 00:00:00,4.2,3.6,234.0
MG Road,12.9757,77.6011,2026-09-25 01:00:00,3.4,2.9,189.0
MG Road,12.9757,77.6011,2026-09-25 02:00:00,2.7,2.3,160.0
MG Road,12.9757,77.6011,2026-09-25 03:00:00,2.4,2.1,154.0
MG Road,12.9757,77.6011,2026-09-25 04:00:00,2.3,2.0,164.0
MG Road,12.9757,77.6011,2026-09-25 05:00:00,2.3,2.1,192.0
MG Road,12.9757,77.6011,2026-09-25 06:00:00,2.8,2.7,260.0
MG Road,12.9757,77.6011,2026-09-25 07:00:00,3.8,3.7,346.0
MG Road,12.9757,77.6011,2026-09-25 08:00:00,3.1,3.0,393.0
MG Road,12.9757,77.6011,2026-09-25 09:00:00,2.5,2.4,361.0
MG Road,12.9757,77.6011,2026-09-25 10:00:00,2.4,2.3,289.0
MG Road,12.9757,77.6011,2026-09-25 11:00:00,2.4,2.4,240.0
MG Road,12.9757,77.6011,2026-09-25 12:00:00,2.7,2.5,234.0
MG Road,12.9757,77.6011,2026-09-25 13:00:00,3.3,3.0,251.0
MG Road,12.9757,77.6011,2026-09-25 14:00:00,3.7,3.5,293.0
MG Road,12.9757,77.6011,2026-09-25 15:00:00,4.4,4.2,381.0
MG Road,12.9757,77.6011,2026-09-25 16:00:00,4.5,4.4,494.0
MG Road,12.9757,77.6011,2026-09-25 17:00:00,4.2,4.1,577.0
MG Road,12.9757,77.6011,2026-09-25 18:00:00,5.2,5.1,610.0
MG Road,12.9757,77.6011,2026-09-25 19:00:00,5.6,5.5,613.0
MG Road,12.9757,77.6011,2026-09-25 20:00:00,5.3,5.2,584.0
MG Road,12.9757,77.6011,2026-09-25 21:00:00,5.2,5.0,507.0
MG Road,12.9757,77.6011,2026-09-25 22:00:00,5.0,4.8,399.0
MG Road,12.9757,77.6011,2026-09-25 23:00:00,4.5,4.3,310.0
MG Road,12.9757,77.6011,2026-09-26 00:00:00,3.8,3.7,258.0
MG Road,12.9757,77.6011,2026-09-26 01:00:00,3.3,3.1,226.0
MG Road,12.9757,77.6011,2026-09-26 02:00:00,2.9,2.7,207.0
MG Road,12.9757,77.6011,2026-09-26 03:00:00,2.6,2.3,201.0
MG Road,12.9757,77.6011,2026-09-26 04:00:00,2.4,2.1,209.0
MG Road,12.9757,77.6011,2026-09-26 05:00:00,2.2,2.0,231.0
MG Road,12.9757,77.6011,2026-09-26 06:00:00,2.6,2.4,283.0
MG Road,12.9757,77.6011,2026-09-26 07:00:00,2.6,2.4,348.0
MG Road,12.9757,77.6011,2026-09-26 08:00:00,3.1,2.8,382.0
MG Road,12.9757,77.6011,2026-09-26 09:00:00,4.4,3.5,352.0
MG Road,12.9757,77.6011,2026-09-26 10:00:00,5.8,4.3,291.0
MG Road,12.9757,77.6011,2026-09-26 11:00:00,8.0,5.4,245.0
MG Road,12.9757,77.6011,2026-09-26 12:00:00,10.4,6.5,222.0
MG Road,12.9757,77.6011,2026-09-26 13:00:00,12.0,7.3,214.0
MG Road,12.9757,77.6011,2026-09-26 14:00:00,12.7,7.7,249.0
MG Road,12.9757,77.6011,2026-09-26 15:00:00,12.9,7.8,357.0
MG Road,12.9757,77.6011,2026-09-26 16:00:00,12.3,7.9,508.0
MG Road,12.9757,77.6011,2026-09-26 17:00:00,13.2,10.2,637.0
MG Road,12.9757,77.6011,2026-09-26 18:00:00,14.8,12.0,738.0
MG Road,12.9757,77.6011,2026-09-26 19:00:00,16.1,13.2,817.0
MG Road,12.9757,77.6011,2026-09-26 20:00:00,15.1,12.5,824.0
MG Road,12.9757,77.6011,2026-09-26 21:00:00,13.7,11.7,707.0
MG Road,12.9757,77.6011,2026-09-26 22:00:00,13.1,11.2,519.0
MG Road,12.9757,77.6011,2026-09-26 23:00:00,11.6,10.0,363.0
MG Road,12.9757,77.6011,2026-09-27 00:00:00,10.0,8.6,279.0
MG Road,12.9757,77.6011,2026-09-27 01:00:00,9.4,7.9,228.0
MG Road,12.9757,77.6011,2026-09-27 02:00:00,9.1,7.6,199.0
MG Road,12.9757,77.6011,2026-09-27 03:00:00,9.2,7.5,194.0
MG Road,12.9757,77.6011,2026-09-27 04:00:00,9.5,7.8,212.0
MG Road,12.9757,77.6011,2026-09-27 05:00:00,10.5,8.5,237.0
MG Road,12.9757,77.6011,2026-09-27 06:00:00,12.4,10.1,275.0
MG Road,12.9757,77.6011,2026-09-27 07:00:00,13.4,10.7,319.0
MG Road,12.9757,77.6011,2026-09-27 08:00:00,14.4,11.0,338.0
MG Road,12.9757,77.6011,2026-09-27 09:00:00,16.4,11.6,305.0
MG Road,12.9757,77.6011,2026-09-27 10:00:00,17.8,11.7,247.0
MG Road,12.9757,77.6011,2026-09-27 11:00:00,18.8,11.3,205.0
MG Road,12.9757,77.6011,2026-09-27 12:00:00,19.0,10.9,195.0
MG Road,12.9757,77.6011,2026-09-27 13:00:00,18.1,10.5,202.0
MG Road,12.9757,77.6011,2026-09-27 14:00:00,17.5,10.2,222.0
MG Road,12.9757,77.6011,2026-09-27 15:00:00,17.1,10.1,209.0
MG Road,12.9757,77.6011,2026-09-27 16:00:00,16.5,10.0,209.0
MG Road,12.9757,77.6011,2026-09-27 17:00:00,17.6,12.1,351.0
MG Road,12.9757,77.6011,2026-09-27 18:00:00,25.7,19.8,780.0
MG Road,12.9757,77.6011,2026-09-27 19:00:00,34.1,27.4,1351.0
MG Road,12.9757,77.6011,2026-09-27 20:00:00,39.7,32.7,1765.0
MG Road,12.9757,77.6011,2026-09-27 21:00:00,45.4,38.1,1897.0
MG Road,12.9757,77.6011,2026-09-27 22:00:00,50.4,43.0,1871.0
MG Road,12.9757,77.6011,2026-09-27 23:00:00,53.4,45.9,1756.0
MG Road,12.9757,77.6011,2026-09-28 00:00:00,54.2,46.9,1532.0
MG Road,12.9757,77.6011,2026-09-28 01:00:00,51.3,44.6,1220.0
MG Road,12.9757,77.6011,2026-09-28 02:00:00,46.4,40.2,948.0
MG Road,12.9757,77.6011,2026-09-28 03:00:00,41.2,35.4,740.0
MG Road,12.9757,77.6011,2026-09-28 04:00:00,35.7,30.4,573.0
MG Road,12.9757,77.6011,2026-09-28 05:00:00,31.7,26.8,512.3
MG Road,12.9757,77.6011,2026-09-28 06:00:00,32.2,27.7,476.0
MG Road,12.9757,77.6011,2026-09-28 07:00:00,27.8,24.2,455.0
MG Road,12.9757,77.6011,2026-09-28 08:00:00,23.7,18.9,405.0
MG Road,12.9757,77.6011,2026-09-28 09:00:00,23.6,16.9,351.0
MG Road,12.9757,77.6011,2026-09-28 10:00:00,23.9,16.1,295.0
MG Road,12.9757,77.6011,2026-09-28 11:00:00,23.9,16.2,256.0
MG Road,12.9757,77.6011,2026-09-28 12:00:00,23.1,15.9,242.0
MG Road,12.9757,77.6011,2026-09-28 13:00:00,22.0,15.7,245.0
MG Road,12.9757,77.6011,2026-09-28 14:00:00,22.8,16.6,254.0
MG Road,12.9757,77.6011,2026-09-28 15:00:00,22.2,16.5,270.0
MG Road,12.9757,77.6011,2026-09-28 16:00:00,22.6,17.0,291.0
MG Road,12.9757,77.6011,2026-09-28 17:00:00,24.7,18.7,307.0
MG Road,12.9757,77.6011,2026-09-28 18:00:00,,,
MG Road,12.9757,77.6011,2026-09-28 19:00:00,,,
MG Road,12.9757,77.6011,2026-09-28 20:00:00,,,
MG Road,12.9757,77.6011,2026-09-28 21:00:00,,,
MG Road,12.9757,77.6011,2026-09-28 22:00:00,,,
MG Road,12.9757,77.6011,2026-09-28 23:00:00,,,
Whitefield,12.9698,77.75,2026-08-25 00:00:00,5.1,3.9,213.0
Whitefield,12.9698,77.75,2026-08-25 01:00:00,4.7,3.4,191.0
Whitefield,12.9698,77.75,2026-08-25 02:00:00,4.1,3.0,174.0
Whitefield,12.9698,77.75,2026-08-25 03:00:00,3.4,2.6,156.0
Whitefield,12.9698,77.75,2026-08-25 04:00:00,2.9,2.4,144.0
Whitefield,12.9698,77.75,2026-08-25 05:00:00,3.2,2.4,154.0
Whitefield,12.9698,77.75,2026-08-25 06:00:00,3.6,2.9,210.0
Whitefield,12.9698,77.75,2026-08-25 07:00:00,5.0,4.3,289.0
Whitefield,12.9698,77.75,2026-08-25 08:00:00,4.8,4.1,331.0
Whitefield,12.9698,77.75,2026-08-25 09:00:00,8.8,5.1,300.0
Whitefield,12.9698,77.75,2026-08-25 10:00:00,8.6,4.8,232.0
Whitefield,12.9698,77.75,2026-08-25 11:00:00,10.7,5.6,183.0
Whitefield,12.9698,77.75,2026-08-25 12:00:00,8.6,4.6,174.0
Whitefield,12.9698,77.75,2026-08-25 13:00:00,12.2,6.0,184.0
Whitefield,12.9698,77.75,2026-08-25 14:00:00,8.1,4.8,202.0
Whitefield,12.9698,77.75,2026-08-25 15:00:00,7.8,4.7,230.0
Whitefield,12.9698,77.75,2026-08-25 16:00:00,8.0,5.0,267.0
Whitefield,12.9698,77.75,2026-08-25 17:00:00,10.0,6.1,295.0
Whitefield,12.9698,77.75,2026-08-25 18:00:00,9.9,6.9,309.0
Whitefield,12.9698,77.75,2026-08-25 19:00:00,9.3,7.2,315.0
Whitefield,12.9698,77.75,2026-08-25 20:00:00,7.8,6.4,310.0
Whitefield,12.9698,77.75,2026-08-25 21:00:00,6.3,5.4,290.0
Whitefield,12.9698,77.75,2026-08-25 22:00:00,5.5,4.9,260.0
Whitefield,12.9698,77.75,2026-08-25 23:00:00,5.0,4.4,229.0
Whitefield,12.9698,77.75,2026-08-26 00:00:00,4.5,3.7,199.0
Whitefield,12.9698,77.75,2026-08-26 01:00:00,3.9,3.2,169.0
Whitefield,12.9698,77.75,2026-08-26 02:00:00,3.7,2.8,148.0
Whitefield,12.9698,77.75,2026-08-26 03:00:00,4.1,2.7,139.0
Whitefield,12.9698,77.75,2026-08-26 04:00:00,5.7,3.2,140.0
Whitefield,12.9698,77.75,2026-08-26 05:00:00,5.4,3.3,152.0
Whitefield,12.9698,77.75,2026-08-26 06:00:00,8.3,4.7,187.0
Whitefield,12.9698,77.75,2026-08-26 07:00:00,13.9,6.4,233.0
Whitefield,12.9698,77.75,2026-08-26 08:00:00,20.7,8.7,258.0
Whitefield,12.9698,77.75,2026-08-26 09:00:00,19.8,8.9,242.0
Whitefield,12.9698,77.75,2026-08-26 10:00:00,29.9,12.0,205.0
Whitefield,12.9698,77.75,2026-08-26 11:00:00,19.2,8.8,176.0
Whitefield,12.9698,77.75,2026-08-26 12:00:00,16.8,8.0,160.0
Whitefield,12.9698,77.75,2026-08-26 13:00:00,13.8,7.1,152.0
Whitefield,12.9698,77.75,2026-08-26 14:00:00,20.4,8.6,167.0
Whitefield,12.9698,77.75,2026-08-26 15:00:00,15.9,7.7,223.0
Whitefield,12.9698,77.75,2026-08-26 16:00:00,13.3,8.4,302.0
Whitefield,12.9698,77.75,2026-08-26 17:00:00,33.8,17.3,364.0
Whitefield,12.9698,77.75,2026-08-26 18:00:00,26.9,16.3,398.0
Whitefield,12.9698,77.75,2026-08-26 19:00:00,23.7,15.3,415.0
Whitefield,12.9698,77.75,2026-08-26 20:00:00,21.4,14.2,405.0
Whitefield,12.9698,77.75,2026-08-26 21:00:00,19.6,12.9,353.0
Whitefield,12.9698,77.75,2026-08-26 22:00:00,16.5,10.8,274.0
Whitefield,12.9698,77.75,2026-08-26 23:00:00,13.2,8.6,209.0
Whitefield,12.9698,77.75,2026-08-27 00:00:00,11.1,6.9,174.0
Whitefield,12.9698,77.75,2026-08-27 01:00:00,8.4,5.1,153.0
Whitefield,12.9698,77.75,2026-08-27 02:00:00,7.2,4.3,139.0
Whitefield,12.9698,77.75,2026-08-27 03:00:00,6.5,3.8,127.0
Whitefield,12.9698,77.75,2026-08-27 04:00:00,5.8,3.4,122.0
Whitefield,12.9698,77.75,2026-08-27 05:00:00,4.9,2.8,129.0
Whitefield,12.9698,77.75,2026-08-27 06:00:00,6.7,3.9,161.0
Whitefield,12.9698,77.75,2026-08-27 07:00:00,10.5,5.1,204.0
Whitefield,12.9698,77.75,2026-08-27 08:00:00,16.8,6.8,229.0
Whitefield,12.9698,77.75,2026-08-27 09:00:00,20.0,8.3,215.0
Whitefield,12.9698,77.75,2026-08-27 10:00:00,23.1,9.1,182.0
Whitefield,12.9698,77.75,2026-08-27 11:00:00,27.8,10.5,158.0
Whitefield,12.9698,77.75,2026-08-27 12:00:00,32.0,12.3,148.0
Whitefield,12.9698,77.75,2026-08-27 13:00:00,30.6,12.1,146.0
Whitefield,12.9698,77.75,2026-08-27 14:00:00,26.9,11.1,162.0
Whitefield,12.9698,77.75,2026-08-27 15:00:00,22.8,9.9,207.0
Whitefield,12.9698,77.75,2026-08-27 16:00:00,18.8,9.3,268.0
Whitefield,12.9698,77.75,2026-08-27 17:00:00,17.5,9.6,323.0
Whitefield,12.9698,77.75,2026-08-27 18:00:00,18.2,11.5,369.0
Whitefield,12.9698,77.75,2026-08-27 19:00:00,17.3,11.2,408.0
Whitefield,12.9698,77.75,2026-08-27 20:00:00,15.2,10.0,417.0
Whitefield,12.9698,77.75,2026-08-27 21:00:00,13.4,9.0,378.0
Whitefield,12.9698,77.75,2026-08-27 22:00:00,12.0,7.9,309.0
Whitefield,12.9698,77.75,2026-08-27 23:00:00,10.8,7.0,249.0
Whitefield,12.9698,77.75,2026-08-28 00:00:00,9.9,6.1,208.0
Whitefield,12.9698,77.75,2026-08-28 01:00:00,9.5,5.6,175.0
Whitefield,12.9698,77.75,2026-08-28 02:00:00,9.3,5.3,152.0
Whitefield,12.9698,77.75,2026-08-28 03:00:00,8.9,5.0,138.0
Whitefield,12.9698,77.75,2026-08-28 04:00:00,8.3,4.7,133.0
Whitefield,12.9698,77.75,2026-08-28 05:00:00,8.7,5.0,139.0
Whitefield,12.9698,77.75,2026-08-28 06:00:00,8.2,5.1,165.0
Whitefield,12.9698,77.75,2026-08-28 07:00:00,9.5,5.2,201.0
Whitefield,12.9698,77.75,2026-08-28 08:00:00,13.7,6.4,221.0
Whitefield,12.9698,77.75,2026-08-28 09:00:00,15.9,7.1,207.0
Whitefield,12.9698,77.75,2026-08-28 10:00:00,18.3,7.8,176.0
Whitefield,12.9698,77.75,2026-08-28 11:00:00,23.9,9.2,153.0
Whitefield,12.9698,77.75,2026-08-28 12:00:00,25.0,9.3,145.0
Whitefield,12.9698,77.75,2026-08-28 13:00:00,26.1,9.8,145.0
Whitefield,12.9698,77.75,2026-08-28 14:00:00,24.8,9.5,158.0
Whitefield,12.9698,77.75,2026-08-28 15:00:00,22.4,9.0,188.0
Whitefield,12.9698,77.75,2026-08-28 16:00:00,19.0,9.1,229.0
Whitefield,12.9698,77.75,2026-08-28 17:00:00,23.2,11.9,273.0
Whitefield,12.9698,77.75,2026-08-28 18:00:00,21.2,11.6,327.0
Whitefield,12.9698,77.75,2026-08-28 19:00:00,19.0,12.1,383.0
Whitefield,12.9698,77.75,2026-08-28 20:00:00,16.5,11.0,405.0
Whitefield,12.9698,77.75,2026-08-28 21:00:00,13.9,9.6,365.0
Whitefield,12.9698,77.75,2026-08-28 22:00:00,11.6,8.3,290.0
Whitefield,12.9698,77.75,2026-08-28 23:00:00,9.3,6.8,227.0
Whitefield,12.9698,77.75,2026-08-29 00:00:00,7.6,5.4,193.0
Whitefield,12.9698,77.75,2026-08-29 01:00:00,6.8,4.5,171.0
Whitefield,12.9698,77.75,2026-08-29 02:00:00,6.8,4.1,155.0
Whitefield,12.9698,77.75,2026-08-29 03:00:00,7.2,4.0,142.0
Whitefield,12.9698,77.75,2026-08-29 04:00:00,8.1,4.0,136.0
Whitefield,12.9698,77.75,2026-08-29 05:00:00,5.7,3.6,140.0
Whitefield,12.9698,77.75,2026-08-29 06:00:00,7.5,4.4,165.0
Whitefield,12.9698,77.75,2026-08-29 07:00:00,8.4,5.2,201.0
Whitefield,12.9698,77.75,2026-08-29 08:00:00,8.4,5.2,221.0
Whitefield,12.9698,77.75,2026-08-29 09:00:00,9.7,5.4,209.0
Whitefield,12.9698,77.75,2026-08-29 10:00:00,12.0,5.7,180.0
Whitefield,12.9698,77.75,2026-08-29 11:00:00,12.5,5.7,158.0
Whitefield,12.9698,77.75,2026-08-29 12:00:00,13.1,6.0,142.0
Whitefield,12.9698,77.75,2026-08-29 13:00:00,14.2,6.4,133.0
Whitefield,12.9698,77.75,2026-08-29 14:00:00,17.5,7.4,152.0
Whitefield,12.9698,77.75,2026-08-29 15:00:00,18.6,8.1,228.0
Whitefield,12.9698,77.75,2026-08-29 16:00:00,16.5,8.5,332.0
Whitefield,12.9698,77.75,2026-08-29 17:00:00,23.3,11.1,398.0
Whitefield,12.9698,77.75,2026-08-29 18:00:00,21.4,11.5,391.0
Whitefield,12.9698,77.75,2026-08-29 19:00:00,21.5,12.2,347.0
Whitefield,12.9698,77.75,2026-08-29 20:00:00,21.1,12.3,304.0
Whitefield,12.9698,77.75,2026-08-29 21:00:00,19.3,11.8,278.0
Whitefield,12.9698,77.75,2026-08-29 22:00:00,16.9,10.9,254.0
Whitefield,12.9698,77.75,2026-08-29 23:00:00,13.7,9.0,229.0
Whitefield,12.9698,77.75,2026-08-30 00:00:00,11.4,7.5,197.0
Whitefield,12.9698,77.75,2026-08-30 01:00:00,10.3,6.6,164.0
Whitefield,12.9698,77.75,2026-08-30 02:00:00,9.4,6.0,140.0
Whitefield,12.9698,77.75,2026-08-30 03:00:00,8.7,5.4,131.0
Whitefield,12.9698,77.75,2026-08-30 04:00:00,7.9,5.0,132.0
Whitefield,12.9698,77.75,2026-08-30 05:00:00,6.6,4.5,139.0
Whitefield,12.9698,77.75,2026-08-30 06:00:00,6.9,4.8,155.0
Whitefield,12.9698,77.75,2026-08-30 07:00:00,7.3,5.1,177.0
Whitefield,12.9698,77.75,2026-08-30 08:00:00,7.8,5.0,187.0
Whitefield,12.9698,77.75,2026-08-30 09:00:00,7.9,4.9,172.0
Whitefield,12.9698,77.75,2026-08-30 10:00:00,7.9,4.9,144.0
Whitefield,12.9698,77.75,2026-08-30 11:00:00,8.0,4.9,124.0
Whitefield,12.9698,77.75,2026-08-30 12:00:00,8.3,4.9,117.0
Whitefield,12.9698,77.75,2026-08-30 13:00:00,8.7,5.1,118.0
Whitefield,12.9698,77.75,2026-08-30 14:00:00,8.0,4.9,124.0
Whitefield,12.9698,77.75,2026-08-30 15:00:00,7.9,5.0,138.0
Whitefield,12.9698,77.75,2026-08-30 16:00:00,7.5,4.8,159.0
Whitefield,12.9698,77.75,2026-08-30 17:00:00,11.8,7.7,178.0
Whitefield,12.9698,77.75,2026-08-30 18:00:00,10.9,8.1,197.0
Whitefield,12.9698,77.75,2026-08-30 19:00:00,11.1,8.7,214.0
Whitefield,12.9698,77.75,2026-08-30 20:00:00,11.1,8.8,224.0
Whitefield,12.9698,77.75,2026-08-30 21:00:00,10.2,8.0,222.0
Whitefield,12.9698,77.75,2026-08-30 22:00:00,9.1,7.1,211.0
Whitefield,12.9698,77.75,2026-08-30 23:00:00,7.1,5.6,196.0
Whitefield,12.9698,77.75,2026-08-31 00:00:00,6.0,4.7,175.0
Whitefield,12.9698,77.75,2026-08-31 01:00:00,5.4,4.1,150.0
Whitefield,12.9698,77.75,2026-08-31 02:00:00,5.5,4.0,131.0
Whitefield,12.9698,77.75,2026-08-31 03:00:00,4.8,3.5,123.0
Whitefield,12.9698,77.75,2026-08-31 04:00:00,4.2,3.1,121.0
Whitefield,12.9698,77.75,2026-08-31 05:00:00,3.2,2.5,127.0
Whitefield,12.9698,77.75,2026-08-31 06:00:00,4.3,3.4,146.0
Whitefield,12.9698,77.75,2026-08-31 07:00:00,5.5,4.2,172.0
Whitefield,12.9698,77.75,2026-08-31 08:00:00,6.5,4.4,186.0
Whitefield,12.9698,77.75,2026-08-31 09:00:00,6.4,4.4,175.0
Whitefield,12.9698,77.75,2026-08-31 10:00:00,6.8,4.4,151.0
Whitefield,12.9698,77.75,2026-08-31 11:00:00,7.3,4.6,133.0
Whitefield,12.9698,77.75,2026-08-31 12:00:00,6.9,4.4,128.0
Whitefield,12.9698,77.75,2026-08-31 13:00:00,6.3,4.0,130.0
Whitefield,12.9698,77.75,2026-08-31 14:00:00,6.0,3.9,137.0
Whitefield,12.9698,77.75,2026-08-31 15:00:00,7.0,4.3,151.0
Whitefield,12.9698,77.75,2026-08-31 16:00:00,6.4,4.3,171.0
Whitefield,12.9698,77.75,2026-08-31 17:00:00,11.1,7.2,194.0
Whitefield,12.9698,77.75,2026-08-31 18:00:00,12.1,9.0,220.0
Whitefield,12.9698,77.75,2026-08-31 19:00:00,14.8,11.6,249.0
Whitefield,12.9698,77.75,2026-08-31 20:00:00,16.6,13.5,278.0
Whitefield,12.9698,77.75,2026-08-31 21:00:00,17.5,14.5,316.0
Whitefield,12.9698,77.75,2026-08-31 22:00:00,16.9,14.0,354.0
Whitefield,12.9698,77.75,2026-08-31 23:00:00,14.8,11.9,363.0
Whitefield,12.9698,77.75,2026-09-01 00:00:00,11.7,9.2,319.0
Whitefield,12.9698,77.75,2026-09-01 01:00:00,9.2,7.3,246.0
Whitefield,12.9698,77.75,2026-09-01 02:00:00,7.8,6.3,190.0
Whitefield,12.9698,77.75,2026-09-01 03:00:00,6.8,5.6,170.0
Whitefield,12.9698,77.75,2026-09-01 04:00:00,6.3,5.2,167.0
Whitefield,12.9698,77.75,2026-09-01 05:00:00,5.3,4.4,171.0
Whitefield,12.9698,77.75,2026-09-01 06:00:00,6.2,5.4,187.0
Whitefield,12.9698,77.75,2026-09-01 07:00:00,6.1,5.2,210.0
Whitefield,12.9698,77.75,2026-09-01 08:00:00,6.1,4.9,218.0
Whitefield,12.9698,77.75,2026-09-01 09:00:00,6.4,4.7,196.0
Whitefield,12.9698,77.75,2026-09-01 10:00:00,7.5,5.0,159.0
Whitefield,12.9698,77.75,2026-09-01 11:00:00,7.9,5.2,133.0
Whitefield,12.9698,77.75,2026-09-01 12:00:00,7.9,5.1,126.0
Whitefield,12.9698,77.75,2026-09-01 13:00:00,7.5,4.9,130.0
Whitefield,12.9698,77.75,2026-09-01 14:00:00,7.1,4.8,145.0
Whitefield,12.9698,77.75,2026-09-01 15:00:00,6.7,4.6,174.0
Whitefield,12.9698,77.75,2026-09-01 16:00:00,6.3,4.6,213.0
Whitefield,12.9698,77.75,2026-09-01 17:00:00,4.6,4.2,258.0
Whitefield,12.9698,77.75,2026-09-01 18:00:00,8.1,7.9,316.0
Whitefield,12.9698,77.75,2026-09-01 19:00:00,9.5,9.3,379.0
Whitefield,12.9698,77.75,2026-09-01 20:00:00,10.3,10.0,415.0
Whitefield,12.9698,77.75,2026-09-01 21:00:00,10.9,10.5,405.0
Whitefield,12.9698,77.75,2026-09-01 22:00:00,10.8,10.2,367.0
Whitefield,12.9698,77.75,2026-09-01 23:00:00,10.2,9.4,325.0
Whitefield,12.9698,77.75,2026-09-02 00:00:00,9.2,8.3,282.0
Whitefield,12.9698,77.75,2026-09-02 01:00:00,8.5,7.5,236.0
Whitefield,12.9698,77.75,2026-09-02 02:00:00,8.0,7.0,201.0
Whitefield,12.9698,77.75,2026-09-02 03:00:00,7.6,6.5,183.0
Whitefield,12.9698,77.75,2026-09-02 04:00:00,7.3,6.2,176.0
Whitefield,12.9698,77.75,2026-09-02 05:00:00,6.7,5.7,178.0
Whitefield,12.9698,77.75,2026-09-02 06:00:00,7.7,6.6,196.0
Whitefield,12.9698,77.75,2026-09-02 07:00:00,8.3,6.8,223.0
Whitefield,12.9698,77.75,2026-09-02 08:00:00,9.2,6.7,236.0
Whitefield,12.9698,77.75,2026-09-02 09:00:00,10.9,7.0,218.0
Whitefield,12.9698,77.75,2026-09-02 10:00:00,13.0,7.3,186.0
Whitefield,12.9698,77.75,2026-09-02 11:00:00,14.3,7.6,162.0
Whitefield,12.9698,77.75,2026-09-02 12:00:00,14.2,7.6,151.0
Whitefield,12.9698,77.75,2026-09-02 13:00:00,13.6,7.3,149.0
Whitefield,12.9698,77.75,2026-09-02 14:00:00,13.0,7.0,160.0
Whitefield,12.9698,77.75,2026-09-02 15:00:00,12.4,6.9,192.0
Whitefield,12.9698,77.75,2026-09-02 16:00:00,11.1,6.8,238.0
Whitefield,12.9698,77.75,2026-09-02 17:00:00,16.6,9.7,284.0
Whitefield,12.9698,77.75,2026-09-02 18:00:00,16.9,12.7,332.0
Whitefield,12.9698,77.75,2026-09-02 19:00:00,15.2,12.0,379.0
Whitefield,12.9698,77.75,2026-09-02 20:00:00,15.3,12.3,404.0
Whitefield,12.9698,77.75,2026-09-02 21:00:00,15.1,12.0,392.0
Whitefield,12.9698,77.75,2026-09-02 22:00:00,14.8,11.8,358.0
Whitefield,12.9698,77.75,2026-09-02 23:00:00,13.4,10.5,323.0
Whitefield,12.9698,77.75,2026-09-03 00:00:00,12.0,9.1,293.0
Whitefield,12.9698,77.75,2026-09-03 01:00:00,11.0,8.1,262.0
Whitefield,12.9698,77.75,2026-09-03 02:00:00,10.2,7.4,236.0
Whitefield,12.9698,77.75,2026-09-03 03:00:00,9.7,6.9,212.0
Whitefield,12.9698,77.75,2026-09-03 04:00:00,9.5,6.8,193.0
Whitefield,12.9698,77.75,2026-09-03 05:00:00,8.8,6.3,191.0
Whitefield,12.9698,77.75,2026-09-03 06:00:00,10.7,8.0,228.0
Whitefield,12.9698,77.75,2026-09-03 07:00:00,11.0,7.9,282.0
Whitefield,12.9698,77.75,2026-09-03 08:00:00,11.9,8.5,307.0
Whitefield,12.9698,77.75,2026-09-03 09:00:00,13.6,8.5,272.0
Whitefield,12.9698,77.75,2026-09-03 10:00:00,16.0,8.6,207.0
Whitefield,12.9698,77.75,2026-09-03 11:00:00,16.9,8.7,159.0
Whitefield,12.9698,77.75,2026-09-03 12:00:00,18.2,9.4,141.0
Whitefield,12.9698,77.75,2026-09-03 13:00:00,15.0,7.8,138.0
Whitefield,12.9698,77.75,2026-09-03 14:00:00,13.4,7.3,156.0
Whitefield,12.9698,77.75,2026-09-03 15:00:00,12.1,6.9,201.0
Whitefield,12.9698,77.75,2026-09-03 16:00:00,11.6,6.5,265.0
Whitefield,12.9698,77.75,2026-09-03 17:00:00,14.3,10.2,332.0
Whitefield,12.9698,77.75,2026-09-03 18:00:00,14.7,11.7,409.0
Whitefield,12.9698,77.75,2026-09-03 19:00:00,16.2,13.5,488.0
Whitefield,12.9698,77.75,2026-09-03 20:00:00,16.9,14.1,525.0
Whitefield,12.9698,77.75,2026-09-03 21:00:00,16.9,14.1,490.0
Whitefield,12.9698,77.75,2026-09-03 22:00:00,16.3,13.4,414.0
Whitefield,12.9698,77.75,2026-09-03 23:00:00,14.8,12.1,342.0
Whitefield,12.9698,77.75,2026-09-04 00:00:00,13.0,10.3,289.0
Whitefield,12.9698,77.75,2026-09-04 01:00:00,11.6,9.1,241.0
Whitefield,12.9698,77.75,2026-09-04 02:00:00,10.7,8.4,205.0
Whitefield,12.9698,77.75,2026-09-04 03:00:00,10.3,7.9,185.0
Whitefield,12.9698,77.75,2026-09-04 04:00:00,10.3,7.9,177.0
Whitefield,12.9698,77.75,2026-09-04 05:00:00,7.9,6.1,178.0
Whitefield,12.9698,77.75,2026-09-04 06:00:00,9.2,7.5,196.0
Whitefield,12.9698,77.75,2026-09-04 07:00:00,9.2,7.4,223.0
Whitefield,12.9698,77.75,2026-09-04 08:00:00,9.0,6.7,235.0
Whitefield,12.9698,77.75,2026-09-04 09:00:00,8.9,6.4,218.0
Whitefield,12.9698,77.75,2026-09-04 10:00:00,9.3,6.1,185.0
Whitefield,12.9698,77.75,2026-09-04 11:00:00,9.3,5.8,160.0
Whitefield,12.9698,77.75,2026-09-04 12:00:00,8.8,5.5,146.0
Whitefield,12.9698,77.75,2026-09-04 13:00:00,8.2,5.3,139.0
Whitefield,12.9698,77.75,2026-09-04 14:00:00,7.7,5.0,145.0
Whitefield,12.9698,77.75,2026-09-04 15:00:00,7.2,4.8,165.0
Whitefield,12.9698,77.75,2026-09-04 16:00:00,7.0,4.7,197.0
Whitefield,12.9698,77.75,2026-09-04 17:00:00,10.5,8.2,242.0
Whitefield,12.9698,77.75,2026-09-04 18:00:00,16.4,14.5,313.0
Whitefield,12.9698,77.75,2026-09-04 19:00:00,18.2,16.5,397.0
Whitefield,12.9698,77.75,2026-09-04 20:00:00,13.9,12.5,457.0
Whitefield,12.9698,77.75,2026-09-04 21:00:00,14.7,13.4,477.0
Whitefield,12.9698,77.75,2026-09-04 22:00:00,14.9,13.6,473.0
Whitefield,12.9698,77.75,2026-09-04 23:00:00,13.3,12.0,453.0
Whitefield,12.9698,77.75,2026-09-05 00:00:00,11.7,10.5,413.0
Whitefield,12.9698,77.75,2026-09-05 01:00:00,11.2,9.8,356.0
Whitefield,12.9698,77.75,2026-09-05 02:00:00,11.5,10.0,307.0
Whitefield,12.9698,77.75,2026-09-05 03:00:00,11.8,10.1,269.0
Whitefield,12.9698,77.75,2026-09-05 04:00:00,11.8,9.8,237.0
Whitefield,12.9698,77.75,2026-09-05 05:00:00,12.9,10.5,222.0
Whitefield,12.9698,77.75,2026-09-05 06:00:00,15.0,12.3,237.0
Whitefield,12.9698,77.75,2026-09-05 07:00:00,15.1,11.9,268.0
Whitefield,12.9698,77.75,2026-09-05 08:00:00,13.4,9.1,280.0
Whitefield,12.9698,77.75,2026-09-05 09:00:00,13.9,8.8,250.0
Whitefield,12.9698,77.75,2026-09-05 10:00:00,15.3,8.9,200.0
Whitefield,12.9698,77.75,2026-09-05 11:00:00,15.9,8.9,162.0
Whitefield,12.9698,77.75,2026-09-05 12:00:00,15.7,8.6,150.0
Whitefield,12.9698,77.75,2026-09-05 13:00:00,14.6,8.0,150.0
Whitefield,12.9698,77.75,2026-09-05 14:00:00,13.5,7.6,155.0
Whitefield,12.9698,77.75,2026-09-05 15:00:00,12.7,7.2,156.0
Whitefield,12.9698,77.75,2026-09-05 16:00:00,12.6,7.3,163.0
Whitefield,12.9698,77.75,2026-09-05 17:00:00,6.2,5.1,198.0
Whitefield,12.9698,77.75,2026-09-05 18:00:00,10.5,9.3,299.0
Whitefield,12.9698,77.75,2026-09-05 19:00:00,15.4,14.1,429.0
Whitefield,12.9698,77.75,2026-09-05 20:00:00,16.9,15.4,498.0
Whitefield,12.9698,77.75,2026-09-05 21:00:00,17.3,15.5,450.0
Whitefield,12.9698,77.75,2026-09-05 22:00:00,16.2,14.3,342.0
Whitefield,12.9698,77.75,2026-09-05 23:00:00,14.3,12.2,249.0
Whitefield,12.9698,77.75,2026-09-06 00:00:00,12.9,10.5,198.0
Whitefield,12.9698,77.75,2026-09-06 01:00:00,12.6,9.9,163.0
Whitefield,12.9698,77.75,2026-09-06 02:00:00,13.3,10.1,141.0
Whitefield,12.9698,77.75,2026-09-06 03:00:00,14.5,10.9,135.0
Whitefield,12.9698,77.75,2026-09-06 04:00:00,15.4,11.5,143.0
Whitefield,12.9698,77.75,2026-09-06 05:00:00,21.7,15.4,155.0
Whitefield,12.9698,77.75,2026-09-06 06:00:00,21.2,15.1,174.0
Whitefield,12.9698,77.75,2026-09-06 07:00:00,21.1,13.2,197.0
Whitefield,12.9698,77.75,2026-09-06 08:00:00,24.5,12.9,209.0
Whitefield,12.9698,77.75,2026-09-06 09:00:00,31.0,15.1,199.0
Whitefield,12.9698,77.75,2026-09-06 10:00:00,30.3,14.2,179.0
Whitefield,12.9698,77.75,2026-09-06 11:00:00,28.6,13.3,162.0
Whitefield,12.9698,77.75,2026-09-06 12:00:00,26.8,12.4,155.0
Whitefield,12.9698,77.75,2026-09-06 13:00:00,26.7,12.4,152.0
Whitefield,12.9698,77.75,2026-09-06 14:00:00,26.7,12.4,153.0
Whitefield,12.9698,77.75,2026-09-06 15:00:00,26.4,12.4,153.0
Whitefield,12.9698,77.75,2026-09-06 16:00:00,26.5,12.7,157.0
Whitefield,12.9698,77.75,2026-09-06 17:00:00,30.4,14.9,176.0
Whitefield,12.9698,77.75,2026-09-06 18:00:00,30.6,18.4,225.0
Whitefield,12.9698,77.75,2026-09-06 19:00:00,34.2,22.4,289.0
Whitefield,12.9698,77.75,2026-09-06 20:00:00,33.6,22.7,335.0
Whitefield,12.9698,77.75,2026-09-06 21:00:00,30.4,20.9,349.0
Whitefield,12.9698,77.75,2026-09-06 22:00:00,26.2,18.6,345.0
Whitefield,12.9698,77.75,2026-09-06 23:00:00,21.2,15.7,326.0
Whitefield,12.9698,77.75,2026-09-07 00:00:00,17.0,12.9,284.0
Whitefield,12.9698,77.75,2026-09-07 01:00:00,14.4,11.1,227.0
Whitefield,12.9698,77.75,2026-09-07 02:00:00,12.1,9.4,185.0
Whitefield,12.9698,77.75,2026-09-07 03:00:00,10.8,8.3,171.0
Whitefield,12.9698,77.75,2026-09-07 04:00:00,10.1,7.7,171.0
Whitefield,12.9698,77.75,2026-09-07 05:00:00,10.0,7.1,178.0
Whitefield,12.9698,77.75,2026-09-07 06:00:00,12.0,8.4,194.0
Whitefield,12.9698,77.75,2026-09-07 07:00:00,15.2,9.8,215.0
Whitefield,12.9698,77.75,2026-09-07 08:00:00,20.5,10.9,225.0
Whitefield,12.9698,77.75,2026-09-07 09:00:00,26.3,12.5,212.0
Whitefield,12.9698,77.75,2026-09-07 10:00:00,30.2,13.6,187.0
Whitefield,12.9698,77.75,2026-09-07 11:00:00,32.4,14.3,168.0
Whitefield,12.9698,77.75,2026-09-07 12:00:00,32.8,14.7,160.0
Whitefield,12.9698,77.75,2026-09-07 13:00:00,31.7,14.5,158.0
Whitefield,12.9698,77.75,2026-09-07 14:00:00,29.3,13.9,162.0
Whitefield,12.9698,77.75,2026-09-07 15:00:00,27.1,13.2,170.0
Whitefield,12.9698,77.75,2026-09-07 16:00:00,25.7,13.0,185.0
Whitefield,12.9698,77.75,2026-09-07 17:00:00,22.4,12.3,217.0
Whitefield,12.9698,77.75,2026-09-07 18:00:00,26.2,17.3,287.0
Whitefield,12.9698,77.75,2026-09-07 19:00:00,29.0,20.7,373.0
Whitefield,12.9698,77.75,2026-09-07 20:00:00,28.1,20.4,420.0
Whitefield,12.9698,77.75,2026-09-07 21:00:00,25.4,18.6,394.0
Whitefield,12.9698,77.75,2026-09-07 22:00:00,23.1,17.1,328.0
Whitefield,12.9698,77.75,2026-09-07 23:00:00,21.4,15.5,269.0
Whitefield,12.9698,77.75,2026-09-08 00:00:00,20.0,14.0,231.0
Whitefield,12.9698,77.75,2026-09-08 01:00:00,18.2,12.3,201.0
Whitefield,12.9698,77.75,2026-09-08 02:00:00,17.6,11.4,180.0
Whitefield,12.9698,77.75,2026-09-08 03:00:00,17.9,11.0,169.0
Whitefield,12.9698,77.75,2026-09-08 04:00:00,18.7,10.9,168.0
Whitefield,12.9698,77.75,2026-09-08 05:00:00,20.1,10.5,179.0
Whitefield,12.9698,77.75,2026-09-08 06:00:00,22.0,11.8,213.0
Whitefield,12.9698,77.75,2026-09-08 07:00:00,26.0,12.7,259.0
Whitefield,12.9698,77.75,2026-09-08 08:00:00,27.2,13.0,281.0
Whitefield,12.9698,77.75,2026-09-08 09:00:00,28.5,13.6,257.0
Whitefield,12.9698,77.75,2026-09-08 10:00:00,30.4,14.4,209.0
Whitefield,12.9698,77.75,2026-09-08 11:00:00,32.1,15.0,171.0
Whitefield,12.9698,77.75,2026-09-08 12:00:00,32.2,15.3,156.0
Whitefield,12.9698,77.75,2026-09-08 13:00:00,34.0,16.8,151.0
Whitefield,12.9698,77.75,2026-09-08 14:00:00,25.8,13.3,154.0
Whitefield,12.9698,77.75,2026-09-08 15:00:00,22.7,12.1,168.0
Whitefield,12.9698,77.75,2026-09-08 16:00:00,19.0,10.5,191.0
Whitefield,12.9698,77.75,2026-09-08 17:00:00,20.7,11.8,214.0
Whitefield,12.9698,77.75,2026-09-08 18:00:00,19.8,13.3,237.0
Whitefield,12.9698,77.75,2026-09-08 19:00:00,19.6,14.4,260.0
Whitefield,12.9698,77.75,2026-09-08 20:00:00,18.7,14.2,271.0
Whitefield,12.9698,77.75,2026-09-08 21:00:00,18.2,13.6,264.0
Whitefield,12.9698,77.75,2026-09-08 22:00:00,18.2,13.4,245.0
Whitefield,12.9698,77.75,2026-09-08 23:00:00,18.2,12.8,228.0
Whitefield,12.9698,77.75,2026-09-09 00:00:00,17.2,11.7,217.0
Whitefield,12.9698,77.75,2026-09-09 01:00:00,15.1,10.1,207.0
Whitefield,12.9698,77.75,2026-09-09 02:00:00,13.2,8.7,198.0
Whitefield,12.9698,77.75,2026-09-09 03:00:00,12.5,8.0,189.0
Whitefield,12.9698,77.75,2026-09-09 04:00:00,12.8,7.9,182.0
Whitefield,12.9698,77.75,2026-09-09 05:00:00,12.0,7.4,181.0
Whitefield,12.9698,77.75,2026-09-09 06:00:00,13.5,8.6,194.0
Whitefield,12.9698,77.75,2026-09-09 07:00:00,15.8,9.4,212.0
Whitefield,12.9698,77.75,2026-09-09 08:00:00,18.2,9.5,217.0
Whitefield,12.9698,77.75,2026-09-09 09:00:00,22.3,10.5,195.0
Whitefield,12.9698,77.75,2026-09-09 10:00:00,26.4,11.8,159.0
Whitefield,12.9698,77.75,2026-09-09 11:00:00,28.1,12.6,133.0
Whitefield,12.9698,77.75,2026-09-09 12:00:00,27.8,12.4,126.0
Whitefield,12.9698,77.75,2026-09-09 13:00:00,26.6,12.1,129.0
Whitefield,12.9698,77.75,2026-09-09 14:00:00,25.1,11.6,139.0
Whitefield,12.9698,77.75,2026-09-09 15:00:00,23.1,11.0,151.0
Whitefield,12.9698,77.75,2026-09-09 16:00:00,21.6,10.6,170.0
Whitefield,12.9698,77.75,2026-09-09 17:00:00,35.6,17.0,212.0
Whitefield,12.9698,77.75,2026-09-09 18:00:00,36.1,21.6,308.0
Whitefield,12.9698,77.75,2026-09-09 19:00:00,41.1,27.2,426.0
Whitefield,12.9698,77.75,2026-09-09 20:00:00,43.0,30.2,485.0
Whitefield,12.9698,77.75,2026-09-09 21:00:00,39.6,28.6,430.0
Whitefield,12.9698,77.75,2026-09-09 22:00:00,33.3,24.7,316.0
Whitefield,12.9698,77.75,2026-09-09 23:00:00,26.0,19.7,223.0
Whitefield,12.9698,77.75,2026-09-10 00:00:00,19.6,15.0,182.0
Whitefield,12.9698,77.75,2026-09-10 01:00:00,15.4,11.9,163.0
Whitefield,12.9698,77.75,2026-09-10 02:00:00,12.3,9.7,155.0
Whitefield,12.9698,77.75,2026-09-10 03:00:00,10.9,8.5,158.0
Whitefield,12.9698,77.75,2026-09-10 04:00:00,10.4,8.1,172.0
Whitefield,12.9698,77.75,2026-09-10 05:00:00,10.5,8.1,185.0
Whitefield,12.9698,77.75,2026-09-10 06:00:00,11.8,9.4,195.0
Whitefield,12.9698,77.75,2026-09-10 07:00:00,12.6,9.2,205.0
Whitefield,12.9698,77.75,2026-09-10 08:00:00,15.6,9.8,205.0
Whitefield,12.9698,77.75,2026-09-10 09:00:00,19.2,10.9,188.0
Whitefield,12.9698,77.75,2026-09-10 10:00:00,24.1,13.1,163.0
Whitefield,12.9698,77.75,2026-09-10 11:00:00,26.5,14.2,144.0
Whitefield,12.9698,77.75,2026-09-10 12:00:00,27.1,14.5,137.0
Whitefield,12.9698,77.75,2026-09-10 13:00:00,27.2,14.5,136.0
Whitefield,12.9698,77.75,2026-09-10 14:00:00,26.4,14.3,143.0
Whitefield,12.9698,77.75,2026-09-10 15:00:00,25.4,14.0,154.0
Whitefield,12.9698,77.75,2026-09-10 16:00:00,24.7,14.0,173.0
Whitefield,12.9698,77.75,2026-09-10 17:00:00,30.3,17.6,208.0
Whitefield,12.9698,77.75,2026-09-10 18:00:00,33.1,22.4,277.0
Whitefield,12.9698,77.75,2026-09-10 19:00:00,37.7,27.7,363.0
Whitefield,12.9698,77.75,2026-09-10 20:00:00,39.6,29.9,421.0
Whitefield,12.9698,77.75,2026-09-10 21:00:00,38.6,29.4,432.0
Whitefield,12.9698,77.75,2026-09-10 22:00:00,34.2,26.5,416.0
Whitefield,12.9698,77.75,2026-09-10 23:00:00,24.3,19.2,389.0
Whitefield,12.9698,77.75,2026-09-11 00:00:00,18.0,14.3,348.0
Whitefield,12.9698,77.75,2026-09-11 01:00:00,15.3,11.9,296.0
Whitefield,12.9698,77.75,2026-09-11 02:00:00,15.3,11.2,257.0
Whitefield,12.9698,77.75,2026-09-11 03:00:00,16.3,11.3,242.0
Whitefield,12.9698,77.75,2026-09-11 04:00:00,17.8,11.9,240.0
Whitefield,12.9698,77.75,2026-09-11 05:00:00,15.4,10.3,236.0
Whitefield,12.9698,77.75,2026-09-11 06:00:00,17.1,11.6,227.0
Whitefield,12.9698,77.75,2026-09-11 07:00:00,19.0,12.3,217.0
Whitefield,12.9698,77.75,2026-09-11 08:00:00,22.6,12.5,205.0
Whitefield,12.9698,77.75,2026-09-11 09:00:00,27.5,14.3,190.0
Whitefield,12.9698,77.75,2026-09-11 10:00:00,32.1,16.5,173.0
Whitefield,12.9698,77.75,2026-09-11 11:00:00,33.8,17.5,161.0
Whitefield,12.9698,77.75,2026-09-11 12:00:00,33.1,17.2,157.0
Whitefield,12.9698,77.75,2026-09-11 13:00:00,31.7,16.6,157.0
Whitefield,12.9698,77.75,2026-09-11 14:00:00,30.2,15.9,162.0
Whitefield,12.9698,77.75,2026-09-11 15:00:00,29.3,15.8,157.0
Whitefield,12.9698,77.75,2026-09-11 16:00:00,28.7,15.7,157.0
Whitefield,12.9698,77.75,2026-09-11 17:00:00,27.9,16.6,202.0
Whitefield,12.9698,77.75,2026-09-11 18:00:00,31.8,22.1,342.0
Whitefield,12.9698,77.75,2026-09-11 19:00:00,39.2,29.2,528.0
Whitefield,12.9698,77.75,2026-09-11 20:00:00,44.9,34.2,656.0
Whitefield,12.9698,77.75,2026-09-11 21:00:00,49.2,38.1,677.0
Whitefield,12.9698,77.75,2026-09-11 22:00:00,50.5,39.1,640.0
Whitefield,12.9698,77.75,2026-09-11 23:00:00,46.9,36.0,585.0
Whitefield,12.9698,77.75,2026-09-12 00:00:00,39.5,29.4,514.0
Whitefield,12.9698,77.75,2026-09-12 01:00:00,31.4,23.0,424.0
Whitefield,12.9698,77.75,2026-09-12 02:00:00,25.8,18.7,349.0
Whitefield,12.9698,77.75,2026-09-12 03:00:00,22.3,16.1,298.0
Whitefield,12.9698,77.75,2026-09-12 04:00:00,20.2,14.4,262.0
Whitefield,12.9698,77.75,2026-09-12 05:00:00,16.8,12.2,246.0
Whitefield,12.9698,77.75,2026-09-12 06:00:00,17.7,13.0,264.0
Whitefield,12.9698,77.75,2026-09-12 07:00:00,20.3,12.8,302.0
Whitefield,12.9698,77.75,2026-09-12 08:00:00,24.6,13.6,319.0
Whitefield,12.9698,77.75,2026-09-12 09:00:00,28.1,15.0,290.0
Whitefield,12.9698,77.75,2026-09-12 10:00:00,31.7,16.0,241.0
Whitefield,12.9698,77.75,2026-09-12 11:00:00,31.9,16.0,206.0
Whitefield,12.9698,77.75,2026-09-12 12:00:00,29.3,15.0,199.0
Whitefield,12.9698,77.75,2026-09-12 13:00:00,27.6,14.5,206.0
Whitefield,12.9698,77.75,2026-09-12 14:00:00,26.1,14.0,219.0
Whitefield,12.9698,77.75,2026-09-12 15:00:00,25.8,14.1,221.0
Whitefield,12.9698,77.75,2026-09-12 16:00:00,26.5,14.7,228.0
Whitefield,12.9698,77.75,2026-09-12 17:00:00,21.1,14.6,284.0
Whitefield,12.9698,77.75,2026-09-12 18:00:00,24.1,18.3,430.0
Whitefield,12.9698,77.75,2026-09-12 19:00:00,27.3,21.7,624.0
Whitefield,12.9698,77.75,2026-09-12 20:00:00,26.1,21.0,782.0
Whitefield,12.9698,77.75,2026-09-12 21:00:00,22.2,18.1,894.0
Whitefield,12.9698,77.75,2026-09-12 22:00:00,18.5,15.5,971.0
Whitefield,12.9698,77.75,2026-09-12 23:00:00,15.7,13.3,956.0
Whitefield,12.9698,77.75,2026-09-13 00:00:00,13.4,11.4,781.0
Whitefield,12.9698,77.75,2026-09-13 01:00:00,11.8,9.9,515.0
Whitefield,12.9698,77.75,2026-09-13 02:00:00,10.8,9.1,311.0
Whitefield,12.9698,77.75,2026-09-13 03:00:00,10.1,8.5,238.0
Whitefield,12.9698,77.75,2026-09-13 04:00:00,10.0,8.2,228.0
Whitefield,12.9698,77.75,2026-09-13 05:00:00,9.8,8.0,228.0
Whitefield,12.9698,77.75,2026-09-13 06:00:00,11.3,9.3,225.0
Whitefield,12.9698,77.75,2026-09-13 07:00:00,11.9,8.7,232.0
Whitefield,12.9698,77.75,2026-09-13 08:00:00,13.7,9.1,233.0
Whitefield,12.9698,77.75,2026-09-13 09:00:00,16.4,9.8,220.0
Whitefield,12.9698,77.75,2026-09-13 10:00:00,18.3,10.5,202.0
Whitefield,12.9698,77.75,2026-09-13 11:00:00,19.5,11.1,190.0
Whitefield,12.9698,77.75,2026-09-13 12:00:00,20.1,11.6,189.0
Whitefield,12.9698,77.75,2026-09-13 13:00:00,20.3,11.6,194.0
Whitefield,12.9698,77.75,2026-09-13 14:00:00,20.5,11.7,202.0
Whitefield,12.9698,77.75,2026-09-13 15:00:00,19.8,11.3,203.0
Whitefield,12.9698,77.75,2026-09-13 16:00:00,19.4,11.2,208.0
Whitefield,12.9698,77.75,2026-09-13 17:00:00,24.7,14.3,247.0
Whitefield,12.9698,77.75,2026-09-13 18:00:00,26.8,18.3,351.0
Whitefield,12.9698,77.75,2026-09-13 19:00:00,28.9,21.0,488.0
Whitefield,12.9698,77.75,2026-09-13 20:00:00,29.9,21.9,594.0
Whitefield,12.9698,77.75,2026-09-13 21:00:00,32.1,23.5,645.0
Whitefield,12.9698,77.75,2026-09-13 22:00:00,35.5,26.3,664.0
Whitefield,12.9698,77.75,2026-09-13 23:00:00,37.1,28.1,653.0
Whitefield,12.9698,77.75,2026-09-14 00:00:00,40.0,30.9,602.0
Whitefield,12.9698,77.75,2026-09-14 01:00:00,42.8,33.8,521.0
Whitefield,12.9698,77.75,2026-09-14 02:00:00,44.6,35.7,446.0
Whitefield,12.9698,77.75,2026-09-14 03:00:00,45.2,36.4,383.0
Whitefield,12.9698,77.75,2026-09-14 04:00:00,45.1,36.3,326.0
Whitefield,12.9698,77.75,2026-09-14 05:00:00,50.1,41.4,293.0
Whitefield,12.9698,77.75,2026-09-14 06:00:00,54.9,46.3,306.0
Whitefield,12.9698,77.75,2026-09-14 07:00:00,51.3,43.5,344.0
Whitefield,12.9698,77.75,2026-09-14 08:00:00,39.6,29.9,359.0
Whitefield,12.9698,77.75,2026-09-14 09:00:00,37.4,25.8,323.0
Whitefield,12.9698,77.75,2026-09-14 10:00:00,36.1,23.3,265.0
Whitefield,12.9698,77.75,2026-09-14 11:00:00,35.6,22.4,221.0
Whitefield,12.9698,77.75,2026-09-14 12:00:00,34.2,21.4,208.0
Whitefield,12.9698,77.75,2026-09-14 13:00:00,32.2,20.1,209.0
Whitefield,12.9698,77.75,2026-09-14 14:00:00,30.0,19.0,217.0
Whitefield,12.9698,77.75,2026-09-14 15:00:00,30.2,19.1,227.0
Whitefield,12.9698,77.75,2026-09-14 16:00:00,29.5,18.3,242.0
Whitefield,12.9698,77.75,2026-09-14 17:00:00,29.0,22.9,268.0
Whitefield,12.9698,77.75,2026-09-14 18:00:00,28.5,25.0,320.0
Whitefield,12.9698,77.75,2026-09-14 19:00:00,28.5,26.8,382.0
Whitefield,12.9698,77.75,2026-09-14 20:00:00,30.5,29.2,410.0
Whitefield,12.9698,77.75,2026-09-14 21:00:00,31.0,29.6,374.0
Whitefield,12.9698,77.75,2026-09-14 22:00:00,30.4,28.8,304.0
Whitefield,12.9698,77.75,2026-09-14 23:00:00,28.5,26.6,248.0
Whitefield,12.9698,77.75,2026-09-15 00:00:00,26.3,24.1,223.0
Whitefield,12.9698,77.75,2026-09-15 01:00:00,26.2,23.6,212.0
Whitefield,12.9698,77.75,2026-09-15 02:00:00,27.2,24.3,207.0
Whitefield,12.9698,77.75,2026-09-15 03:00:00,27.2,24.2,204.0
Whitefield,12.9698,77.75,2026-09-15 04:00:00,28.1,24.7,206.0
Whitefield,12.9698,77.75,2026-09-15 05:00:00,8.9,7.6,217.0
Whitefield,12.9698,77.75,2026-09-15 06:00:00,16.1,13.9,249.0
Whitefield,12.9698,77.75,2026-09-15 07:00:00,18.3,11.9,289.0
Whitefield,12.9698,77.75,2026-09-15 08:00:00,27.7,16.7,305.0
Whitefield,12.9698,77.75,2026-09-15 09:00:00,26.7,15.8,273.0
Whitefield,12.9698,77.75,2026-09-15 10:00:00,26.8,15.9,217.0
Whitefield,12.9698,77.75,2026-09-15 11:00:00,25.6,15.3,174.0
Whitefield,12.9698,77.75,2026-09-15 12:00:00,23.7,14.6,156.0
Whitefield,12.9698,77.75,2026-09-15 13:00:00,21.8,13.9,153.0
Whitefield,12.9698,77.75,2026-09-15 14:00:00,22.5,14.6,167.0
Whitefield,12.9698,77.75,2026-09-15 15:00:00,22.4,14.7,213.0
Whitefield,12.9698,77.75,2026-09-15 16:00:00,23.5,15.7,276.0
Whitefield,12.9698,77.75,2026-09-15 17:00:00,34.6,24.2,322.0
Whitefield,12.9698,77.75,2026-09-15 18:00:00,35.3,29.0,330.0
Whitefield,12.9698,77.75,2026-09-15 19:00:00,28.7,23.8,321.0
Whitefield,12.9698,77.75,2026-09-15 20:00:00,22.3,18.4,318.0
Whitefield,12.9698,77.75,2026-09-15 21:00:00,20.1,16.8,336.0
Whitefield,12.9698,77.75,2026-09-15 22:00:00,21.3,17.8,362.0
Whitefield,12.9698,77.75,2026-09-15 23:00:00,22.2,18.5,376.0
Whitefield,12.9698,77.75,2026-09-16 00:00:00,22.8,19.2,371.0
Whitefield,12.9698,77.75,2026-09-16 01:00:00,16.0,12.9,355.0
Whitefield,12.9698,77.75,2026-09-16 02:00:00,15.5,11.8,333.0
Whitefield,12.9698,77.75,2026-09-16 03:00:00,16.6,12.1,296.0
Whitefield,12.9698,77.75,2026-09-16 04:00:00,17.3,12.4,254.0
Whitefield,12.9698,77.75,2026-09-16 05:00:00,13.5,8.8,242.0
Whitefield,12.9698,77.75,2026-09-16 06:00:00,14.2,10.1,298.0
Whitefield,12.9698,77.75,2026-09-16 07:00:00,17.9,12.1,384.0
Whitefield,12.9698,77.75,2026-09-16 08:00:00,20.9,14.1,425.0
Whitefield,12.9698,77.75,2026-09-16 09:00:00,22.9,14.9,373.0
Whitefield,12.9698,77.75,2026-09-16 10:00:00,23.7,15.4,275.0
Whitefield,12.9698,77.75,2026-09-16 11:00:00,22.7,14.9,199.0
Whitefield,12.9698,77.75,2026-09-16 12:00:00,21.2,14.2,169.0
Whitefield,12.9698,77.75,2026-09-16 13:00:00,19.2,13.2,162.0
Whitefield,12.9698,77.75,2026-09-16 14:00:00,18.7,13.0,171.0
Whitefield,12.9698,77.75,2026-09-16 15:00:00,18.7,12.9,205.0
Whitefield,12.9698,77.75,2026-09-16 16:00:00,19.4,13.5,255.0
Whitefield,12.9698,77.75,2026-09-16 17:00:00,11.8,11.0,298.0
Whitefield,12.9698,77.75,2026-09-16 18:00:00,30.6,29.7,318.0
Whitefield,12.9698,77.75,2026-09-16 19:00:00,48.3,46.4,329.0
Whitefield,12.9698,77.75,2026-09-16 20:00:00,55.1,52.9,353.0
Whitefield,12.9698,77.75,2026-09-16 21:00:00,39.5,37.8,413.0
Whitefield,12.9698,77.75,2026-09-16 22:00:00,27.8,26.2,484.0
Whitefield,12.9698,77.75,2026-09-16 23:00:00,22.5,20.7,517.0
Whitefield,12.9698,77.75,2026-09-17 00:00:00,20.0,18.2,477.0
Whitefield,12.9698,77.75,2026-09-17 01:00:00,16.1,14.4,397.0
Whitefield,12.9698,77.75,2026-09-17 02:00:00,14.0,12.4,329.0
Whitefield,12.9698,77.75,2026-09-17 03:00:00,13.6,12.1,285.0
Whitefield,12.9698,77.75,2026-09-17 04:00:00,13.7,12.2,253.0
Whitefield,12.9698,77.75,2026-09-17 05:00:00,10.7,9.6,245.0
Whitefield,12.9698,77.75,2026-09-17 06:00:00,12.7,11.5,282.0
Whitefield,12.9698,77.75,2026-09-17 07:00:00,10.5,9.5,342.0
Whitefield,12.9698,77.75,2026-09-17 08:00:00,8.6,7.5,374.0
Whitefield,12.9698,77.75,2026-09-17 09:00:00,7.9,6.7,349.0
Whitefield,12.9698,77.75,2026-09-17 10:00:00,7.5,6.2,296.0
Whitefield,12.9698,77.75,2026-09-17 11:00:00,6.8,5.7,252.0
Whitefield,12.9698,77.75,2026-09-17 12:00:00,7.1,6.1,226.0
Whitefield,12.9698,77.75,2026-09-17 13:00:00,6.5,5.6,209.0
Whitefield,12.9698,77.75,2026-09-17 14:00:00,6.6,5.6,214.0
Whitefield,12.9698,77.75,2026-09-17 15:00:00,6.5,5.6,244.0
Whitefield,12.9698,77.75,2026-09-17 16:00:00,6.8,5.8,296.0
Whitefield,12.9698,77.75,2026-09-17 17:00:00,12.9,10.1,369.0
Whitefield,12.9698,77.75,2026-09-17 18:00:00,16.6,13.8,487.0
Whitefield,12.9698,77.75,2026-09-17 19:00:00,16.2,13.9,627.0
Whitefield,12.9698,77.75,2026-09-17 20:00:00,16.5,14.3,720.0
Whitefield,12.9698,77.75,2026-09-17 21:00:00,15.5,13.6,740.0
Whitefield,12.9698,77.75,2026-09-17 22:00:00,13.8,12.2,713.0
Whitefield,12.9698,77.75,2026-09-17 23:00:00,11.4,10.2,646.0
Whitefield,12.9698,77.75,2026-09-18 00:00:00,9.5,8.5,514.0
Whitefield,12.9698,77.75,2026-09-18 01:00:00,8.6,7.5,342.0
Whitefield,12.9698,77.75,2026-09-18 02:00:00,8.3,7.0,212.0
Whitefield,12.9698,77.75,2026-09-18 03:00:00,8.3,6.7,163.0
Whitefield,12.9698,77.75,2026-09-18 04:00:00,8.6,6.6,157.0
Whitefield,12.9698,77.75,2026-09-18 05:00:00,8.8,6.1,160.0
Whitefield,12.9698,77.75,2026-09-18 06:00:00,10.8,7.4,168.0
Whitefield,12.9698,77.75,2026-09-18 07:00:00,13.4,8.2,185.0
Whitefield,12.9698,77.75,2026-09-18 08:00:00,16.2,8.5,192.0
Whitefield,12.9698,77.75,2026-09-18 09:00:00,18.0,9.0,178.0
Whitefield,12.9698,77.75,2026-09-18 10:00:00,19.7,9.7,154.0
Whitefield,12.9698,77.75,2026-09-18 11:00:00,20.6,10.2,138.0
Whitefield,12.9698,77.75,2026-09-18 12:00:00,20.5,10.4,133.0
Whitefield,12.9698,77.75,2026-09-18 13:00:00,20.1,10.5,136.0
Whitefield,12.9698,77.75,2026-09-18 14:00:00,19.8,10.7,156.0
Whitefield,12.9698,77.75,2026-09-18 15:00:00,19.2,10.4,200.0
Whitefield,12.9698,77.75,2026-09-18 16:00:00,18.6,10.4,261.0
Whitefield,12.9698,77.75,2026-09-18 17:00:00,16.5,10.9,333.0
Whitefield,12.9698,77.75,2026-09-18 18:00:00,22.8,17.9,427.0
Whitefield,12.9698,77.75,2026-09-18 19:00:00,26.8,21.8,532.0
Whitefield,12.9698,77.75,2026-09-18 20:00:00,25.3,21.0,610.0
Whitefield,12.9698,77.75,2026-09-18 21:00:00,20.3,16.6,657.0
Whitefield,12.9698,77.75,2026-09-18 22:00:00,17.7,14.6,678.0
Whitefield,12.9698,77.75,2026-09-18 23:00:00,14.7,12.1,649.0
Whitefield,12.9698,77.75,2026-09-19 00:00:00,12.2,10.2,535.0
Whitefield,12.9698,77.75,2026-09-19 01:00:00,10.8,9.2,371.0
Whitefield,12.9698,77.75,2026-09-19 02:00:00,9.9,8.4,241.0
Whitefield,12.9698,77.75,2026-09-19 03:00:00,9.3,7.8,180.0
Whitefield,12.9698,77.75,2026-09-19 04:00:00,9.0,7.3,153.0
Whitefield,12.9698,77.75,2026-09-19 05:00:00,9.1,7.3,143.0
Whitefield,12.9698,77.75,2026-09-19 06:00:00,10.8,8.7,153.0
Whitefield,12.9698,77.75,2026-09-19 07:00:00,11.0,7.7,180.0
Whitefield,12.9698,77.75,2026-09-19 08:00:00,12.8,8.1,196.0
Whitefield,12.9698,77.75,2026-09-19 09:00:00,14.6,8.7,184.0
Whitefield,12.9698,77.75,2026-09-19 10:00:00,16.2,9.6,161.0
Whitefield,12.9698,77.75,2026-09-19 11:00:00,17.5,10.5,145.0
Whitefield,12.9698,77.75,2026-09-19 12:00:00,17.4,10.6,140.0
Whitefield,12.9698,77.75,2026-09-19 13:00:00,17.1,10.5,143.0
Whitefield,12.9698,77.75,2026-09-19 14:00:00,15.7,9.7,160.0
Whitefield,12.9698,77.75,2026-09-19 15:00:00,16.1,10.1,203.0
Whitefield,12.9698,77.75,2026-09-19 16:00:00,17.8,11.5,260.0
Whitefield,12.9698,77.75,2026-09-19 17:00:00,13.8,8.9,303.0
Whitefield,12.9698,77.75,2026-09-19 18:00:00,21.3,17.2,312.0
Whitefield,12.9698,77.75,2026-09-19 19:00:00,27.8,23.6,308.0
Whitefield,12.9698,77.75,2026-09-19 20:00:00,26.6,22.9,322.0
Whitefield,12.9698,77.75,2026-09-19 21:00:00,19.2,16.5,383.0
Whitefield,12.9698,77.75,2026-09-19 22:00:00,17.5,15.1,462.0
Whitefield,12.9698,77.75,2026-09-19 23:00:00,17.3,14.9,505.0
Whitefield,12.9698,77.75,2026-09-20 00:00:00,15.5,13.0,486.0
Whitefield,12.9698,77.75,2026-09-20 01:00:00,16.5,14.0,430.0
Whitefield,12.9698,77.75,2026-09-20 02:00:00,14.6,12.3,368.0
Whitefield,12.9698,77.75,2026-09-20 03:00:00,13.5,11.4,297.0
Whitefield,12.9698,77.75,2026-09-20 04:00:00,13.5,11.3,219.0
Whitefield,12.9698,77.75,2026-09-20 05:00:00,6.4,5.0,164.0
Whitefield,12.9698,77.75,2026-09-20 06:00:00,8.2,6.8,151.0
Whitefield,12.9698,77.75,2026-09-20 07:00:00,10.5,8.8,162.0
Whitefield,12.9698,77.75,2026-09-20 08:00:00,11.4,9.3,170.0
Whitefield,12.9698,77.75,2026-09-20 09:00:00,11.7,8.9,164.0
Whitefield,12.9698,77.75,2026-09-20 10:00:00,11.8,8.4,156.0
Whitefield,12.9698,77.75,2026-09-20 11:00:00,11.5,7.8,151.0
Whitefield,12.9698,77.75,2026-09-20 12:00:00,10.5,7.0,151.0
Whitefield,12.9698,77.75,2026-09-20 13:00:00,9.9,6.7,154.0
Whitefield,12.9698,77.75,2026-09-20 14:00:00,9.4,6.4,164.0
Whitefield,12.9698,77.75,2026-09-20 15:00:00,9.0,6.2,173.0
Whitefield,12.9698,77.75,2026-09-20 16:00:00,8.4,6.0,188.0
Whitefield,12.9698,77.75,2026-09-20 17:00:00,12.2,9.1,233.0
Whitefield,12.9698,77.75,2026-09-20 18:00:00,21.8,18.6,340.0
Whitefield,12.9698,77.75,2026-09-20 19:00:00,33.9,30.5,477.0
Whitefield,12.9698,77.75,2026-09-20 20:00:00,38.6,35.5,565.0
Whitefield,12.9698,77.75,2026-09-20 21:00:00,31.4,28.6,566.0
Whitefield,12.9698,77.75,2026-09-20 22:00:00,20.1,17.6,519.0
Whitefield,12.9698,77.75,2026-09-20 23:00:00,15.5,13.1,458.0
Whitefield,12.9698,77.75,2026-09-21 00:00:00,12.3,10.2,384.0
Whitefield,12.9698,77.75,2026-09-21 01:00:00,9.5,7.9,296.0
Whitefield,12.9698,77.75,2026-09-21 02:00:00,7.1,6.2,227.0
Whitefield,12.9698,77.75,2026-09-21 03:00:00,5.3,5.0,187.0
Whitefield,12.9698,77.75,2026-09-21 04:00:00,4.5,4.3,166.0
Whitefield,12.9698,77.75,2026-09-21 05:00:00,5.1,4.4,164.0
Whitefield,12.9698,77.75,2026-09-21 06:00:00,6.1,5.5,196.0
Whitefield,12.9698,77.75,2026-09-21 07:00:00,6.6,5.8,248.0
Whitefield,12.9698,77.75,2026-09-21 08:00:00,7.1,6.2,277.0
Whitefield,12.9698,77.75,2026-09-21 09:00:00,6.7,5.7,259.0
Whitefield,12.9698,77.75,2026-09-21 10:00:00,6.4,5.5,219.0
Whitefield,12.9698,77.75,2026-09-21 11:00:00,6.4,5.5,187.0
Whitefield,12.9698,77.75,2026-09-21 12:00:00,6.9,5.8,165.0
Whitefield,12.9698,77.75,2026-09-21 13:00:00,7.2,6.0,152.0
Whitefield,12.9698,77.75,2026-09-21 14:00:00,7.7,6.5,169.0
Whitefield,12.9698,77.75,2026-09-21 15:00:00,9.3,8.3,237.0
Whitefield,12.9698,77.75,2026-09-21 16:00:00,8.6,7.9,335.0
Whitefield,12.9698,77.75,2026-09-21 17:00:00,10.1,9.6,426.0
Whitefield,12.9698,77.75,2026-09-21 18:00:00,12.2,11.8,507.0
Whitefield,12.9698,77.75,2026-09-21 19:00:00,10.1,9.9,580.0
Whitefield,12.9698,77.75,2026-09-21 20:00:00,10.0,9.8,614.0
Whitefield,12.9698,77.75,2026-09-21 21:00:00,12.8,12.4,586.0
Whitefield,12.9698,77.75,2026-09-21 22:00:00,14.2,13.6,519.0
Whitefield,12.9698,77.75,2026-09-21 23:00:00,13.8,13.1,444.0
Whitefield,12.9698,77.75,2026-09-22 00:00:00,12.4,11.9,363.0
Whitefield,12.9698,77.75,2026-09-22 01:00:00,11.8,11.4,275.0
Whitefield,12.9698,77.75,2026-09-22 02:00:00,11.3,11.1,206.0
Whitefield,12.9698,77.75,2026-09-22 03:00:00,10.2,10.0,162.0
Whitefield,12.9698,77.75,2026-09-22 04:00:00,9.1,8.8,138.0
Whitefield,12.9698,77.75,2026-09-22 05:00:00,5.7,5.2,145.0
Whitefield,12.9698,77.75,2026-09-22 06:00:00,6.5,5.7,212.0
Whitefield,12.9698,77.75,2026-09-22 07:00:00,8.2,6.9,310.0
Whitefield,12.9698,77.75,2026-09-22 08:00:00,9.1,7.3,365.0
Whitefield,12.9698,77.75,2026-09-22 09:00:00,9.4,6.7,332.0
Whitefield,12.9698,77.75,2026-09-22 10:00:00,10.4,6.9,256.0
Whitefield,12.9698,77.75,2026-09-22 11:00:00,11.7,7.5,198.0
Whitefield,12.9698,77.75,2026-09-22 12:00:00,12.9,8.1,182.0
Whitefield,12.9698,77.75,2026-09-22 13:00:00,13.9,8.6,184.0
Whitefield,12.9698,77.75,2026-09-22 14:00:00,14.8,9.2,198.0
Whitefield,12.9698,77.75,2026-09-22 15:00:00,15.6,10.1,222.0
Whitefield,12.9698,77.75,2026-09-22 16:00:00,16.9,11.7,257.0
Whitefield,12.9698,77.75,2026-09-22 17:00:00,16.6,11.4,302.0
Whitefield,12.9698,77.75,2026-09-22 18:00:00,18.1,13.7,373.0
Whitefield,12.9698,77.75,2026-09-22 19:00:00,20.7,16.2,453.0
Whitefield,12.9698,77.75,2026-09-22 20:00:00,21.7,16.9,488.0
Whitefield,12.9698,77.75,2026-09-22 21:00:00,21.7,16.2,442.0
Whitefield,12.9698,77.75,2026-09-22 22:00:00,21.8,15.7,351.0
Whitefield,12.9698,77.75,2026-09-22 23:00:00,20.3,14.0,273.0
Whitefield,12.9698,77.75,2026-09-23 00:00:00,18.9,12.5,228.0
Whitefield,12.9698,77.75,2026-09-23 01:00:00,17.5,11.1,197.0
Whitefield,12.9698,77.75,2026-09-23 02:00:00,16.6,10.0,175.0
Whitefield,12.9698,77.75,2026-09-23 03:00:00,16.2,9.4,158.0
Whitefield,12.9698,77.75,2026-09-23 04:00:00,15.9,8.9,151.0
Whitefield,12.9698,77.75,2026-09-23 05:00:00,14.3,7.8,166.0
Whitefield,12.9698,77.75,2026-09-23 06:00:00,14.4,8.2,228.0
Whitefield,12.9698,77.75,2026-09-23 07:00:00,14.6,8.9,313.0
Whitefield,12.9698,77.75,2026-09-23 08:00:00,15.9,9.3,357.0
Whitefield,12.9698,77.75,2026-09-23 09:00:00,16.6,9.4,318.0
Whitefield,12.9698,77.75,2026-09-23 10:00:00,17.8,9.9,239.0
Whitefield,12.9698,77.75,2026-09-23 11:00:00,18.5,10.4,181.0
Whitefield,12.9698,77.75,2026-09-23 12:00:00,18.7,10.9,168.0
Whitefield,12.9698,77.75,2026-09-23 13:00:00,18.6,11.0,177.0
Whitefield,12.9698,77.75,2026-09-23 14:00:00,26.0,15.2,195.0
Whitefield,12.9698,77.75,2026-09-23 15:00:00,17.4,10.6,226.0
Whitefield,12.9698,77.75,2026-09-23 16:00:00,16.4,10.9,266.0
Whitefield,12.9698,77.75,2026-09-23 17:00:00,19.5,12.5,299.0
Whitefield,12.9698,77.75,2026-09-23 18:00:00,25.7,17.3,320.0
Whitefield,12.9698,77.75,2026-09-23 19:00:00,23.9,17.0,334.0
Whitefield,12.9698,77.75,2026-09-23 20:00:00,23.2,16.6,331.0
Whitefield,12.9698,77.75,2026-09-23 21:00:00,22.8,16.4,303.0
Whitefield,12.9698,77.75,2026-09-23 22:00:00,22.7,16.2,258.0
Whitefield,12.9698,77.75,2026-09-23 23:00:00,21.7,15.3,218.0
Whitefield,12.9698,77.75,2026-09-24 00:00:00,17.9,12.7,188.0
Whitefield,12.9698,77.75,2026-09-24 01:00:00,15.5,11.0,162.0
Whitefield,12.9698,77.75,2026-09-24 02:00:00,13.8,9.7,145.0
Whitefield,12.9698,77.75,2026-09-24 03:00:00,12.4,8.8,135.0
Whitefield,12.9698,77.75,2026-09-24 04:00:00,11.2,8.0,133.0
Whitefield,12.9698,77.75,2026-09-24 05:00:00,10.7,7.7,148.0
Whitefield,12.9698,77.75,2026-09-24 06:00:00,10.6,7.8,201.0
Whitefield,12.9698,77.75,2026-09-24 07:00:00,11.0,8.3,271.0
Whitefield,12.9698,77.75,2026-09-24 08:00:00,9.3,6.9,307.0
Whitefield,12.9698,77.75,2026-09-24 09:00:00,8.3,6.1,276.0
Whitefield,12.9698,77.75,2026-09-24 10:00:00,8.1,6.0,212.0
Whitefield,12.9698,77.75,2026-09-24 11:00:00,7.8,5.6,165.0
Whitefield,12.9698,77.75,2026-09-24 12:00:00,7.9,5.6,154.0
Whitefield,12.9698,77.75,2026-09-24 13:00:00,8.0,5.7,161.0
Whitefield,12.9698,77.75,2026-09-24 14:00:00,9.0,6.5,181.0
Whitefield,12.9698,77.75,2026-09-24 15:00:00,9.8,7.4,222.0
Whitefield,12.9698,77.75,2026-09-24 16:00:00,10.3,7.9,275.0
Whitefield,12.9698,77.75,2026-09-24 17:00:00,10.4,8.2,312.0
Whitefield,12.9698,77.75,2026-09-24 18:00:00,11.2,8.9,319.0
Whitefield,12.9698,77.75,2026-09-24 19:00:00,12.7,9.9,308.0
Whitefield,12.9698,77.75,2026-09-24 20:00:00,12.5,9.5,294.0
Whitefield,12.9698,77.75,2026-09-24 21:00:00,10.7,8.3,278.0
Whitefield,12.9698,77.75,2026-09-24 22:00:00,7.6,6.3,258.0
Whitefield,12.9698,77.75,2026-09-24 23:00:00,5.8,4.9,236.0
Whitefield,12.9698,77.75,2026-09-25 00:00:00,4.2,3.6,209.0
Whitefield,12.9698,77.75,2026-09-25 01:00:00,3.4,2.9,180.0
Whitefield,12.9698,77.75,2026-09-25 02:00:00,2.7,2.3,160.0
Whitefield,12.9698,77.75,2026-09-25 03:00:00,2.4,2.1,152.0
Whitefield,12.9698,77.75,2026-09-25 04:00:00,2.3,2.0,153.0
Whitefield,12.9698,77.75,2026-09-25 05:00:00,2.3,2.1,164.0
Whitefield,12.9698,77.75,2026-09-25 06:00:00,2.8,2.7,195.0
Whitefield,12.9698,77.75,2026-09-25 07:00:00,3.8,3.7,236.0
Whitefield,12.9698,77.75,2026-09-25 08:00:00,3.1,3.0,260.0
Whitefield,12.9698,77.75,2026-09-25 09:00:00,2.5,2.4,248.0
Whitefield,12.9698,77.75,2026-09-25 10:00:00,2.4,2.3,218.0
Whitefield,12.9698,77.75,2026-09-25 11:00:00,2.4,2.4,199.0
Whitefield,12.9698,77.75,2026-09-25 12:00:00,2.7,2.5,195.0
Whitefield,12.9698,77.75,2026-09-25 13:00:00,3.3,3.0,200.0
Whitefield,12.9698,77.75,2026-09-25 14:00:00,3.7,3.5,230.0
Whitefield,12.9698,77.75,2026-09-25 15:00:00,4.4,4.2,304.0
Whitefield,12.9698,77.75,2026-09-25 16:00:00,4.5,4.4,402.0
Whitefield,12.9698,77.75,2026-09-25 17:00:00,4.2,4.1,477.0
Whitefield,12.9698,77.75,2026-09-25 18:00:00,5.2,5.1,515.0
Whitefield,12.9698,77.75,2026-09-25 19:00:00,5.6,5.5,530.0
Whitefield,12.9698,77.75,2026-09-25 20:00:00,5.3,5.2,515.0
Whitefield,12.9698,77.75,2026-09-25 21:00:00,5.2,5.0,452.0
Whitefield,12.9698,77.75,2026-09-25 22:00:00,5.0,4.8,359.0
Whitefield,12.9698,77.75,2026-09-25 23:00:00,4.5,4.3,283.0
Whitefield,12.9698,77.75,2026-09-26 00:00:00,3.8,3.7,244.0
Whitefield,12.9698,77.75,2026-09-26 01:00:00,3.3,3.1,221.0
Whitefield,12.9698,77.75,2026-09-26 02:00:00,2.9,2.7,207.0
Whitefield,12.9698,77.75,2026-09-26 03:00:00,2.6,2.3,196.0
Whitefield,12.9698,77.75,2026-09-26 04:00:00,2.4,2.1,194.0
Whitefield,12.9698,77.75,2026-09-26 05:00:00,2.2,2.0,201.0
Whitefield,12.9698,77.75,2026-09-26 06:00:00,2.6,2.4,228.0
Whitefield,12.9698,77.75,2026-09-26 07:00:00,2.6,2.4,266.0
Whitefield,12.9698,77.75,2026-09-26 08:00:00,3.1,2.8,285.0
Whitefield,12.9698,77.75,2026-09-26 09:00:00,4.4,3.5,268.0
Whitefield,12.9698,77.75,2026-09-26 10:00:00,5.8,4.3,232.0
Whitefield,12.9698,77.75,2026-09-26 11:00:00,8.0,5.4,204.0
Whitefield,12.9698,77.75,2026-09-26 12:00:00,10.4,6.5,189.0
Whitefield,12.9698,77.75,2026-09-26 13:00:00,12.0,7.3,182.0
Whitefield,12.9698,77.75,2026-09-26 14:00:00,12.7,7.7,190.0
Whitefield,12.9698,77.75,2026-09-26 15:00:00,12.9,7.8,199.0
Whitefield,12.9698,77.75,2026-09-26 16:00:00,12.3,7.9,222.0
Whitefield,12.9698,77.75,2026-09-26 17:00:00,13.2,10.2,309.0
Whitefield,12.9698,77.75,2026-09-26 18:00:00,14.8,12.0,548.0
Whitefield,12.9698,77.75,2026-09-26 19:00:00,16.1,13.2,849.0
Whitefield,12.9698,77.75,2026-09-26 20:00:00,15.1,12.5,998.0
Whitefield,12.9698,77.75,2026-09-26 21:00:00,13.7,11.7,848.0
Whitefield,12.9698,77.75,2026-09-26 22:00:00,13.1,11.2,546.0
Whitefield,12.9698,77.75,2026-09-26 23:00:00,11.6,10.0,308.0
Whitefield,12.9698,77.75,2026-09-27 00:00:00,10.0,8.6,227.0
Whitefield,12.9698,77.75,2026-09-27 01:00:00,9.4,7.9,211.0
Whitefield,12.9698,77.75,2026-09-27 02:00:00,9.1,7.6,204.0
Whitefield,12.9698,77.75,2026-09-27 03:00:00,9.2,7.5,187.0
Whitefield,12.9698,77.75,2026-09-27 04:00:00,9.5,7.8,180.0
Whitefield,12.9698,77.75,2026-09-27 05:00:00,10.5,8.5,185.0
Whitefield,12.9698,77.75,2026-09-27 06:00:00,12.4,10.1,213.0
Whitefield,12.9698,77.75,2026-09-27 07:00:00,13.4,10.7,252.0
Whitefield,12.9698,77.75,2026-09-27 08:00:00,14.4,11.0,271.0
Whitefield,12.9698,77.75,2026-09-27 09:00:00,16.4,11.6,248.0
Whitefield,12.9698,77.75,2026-09-27 10:00:00,17.8,11.7,204.0
Whitefield,12.9698,77.75,2026-09-27 11:00:00,18.8,11.3,169.0
Whitefield,12.9698,77.75,2026-09-27 12:00:00,19.0,10.9,152.0
Whitefield,12.9698,77.75,2026-09-27 13:00:00,18.1,10.5,145.0
Whitefield,12.9698,77.75,2026-09-27 14:00:00,17.5,10.2,149.0
Whitefield,12.9698,77.75,2026-09-27 15:00:00,17.1,10.1,138.0
Whitefield,12.9698,77.75,2026-09-27 16:00:00,16.5,10.0,139.0
Whitefield,12.9698,77.75,2026-09-27 17:00:00,17.6,12.1,233.0
Whitefield,12.9698,77.75,2026-09-27 18:00:00,25.7,19.8,526.0
Whitefield,12.9698,77.75,2026-09-27 19:00:00,34.1,27.4,913.0
Whitefield,12.9698,77.75,2026-09-27 20:00:00,39.7,32.7,1159.0
Whitefield,12.9698,77.75,2026-09-27 21:00:00,45.4,38.1,1146.0
Whitefield,12.9698,77.75,2026-09-27 22:00:00,50.4,43.0,991.0
Whitefield,12.9698,77.75,2026-09-27 23:00:00,53.4,45.9,812.0
Whitefield,12.9698,77.75,2026-09-28 00:00:00,54.2,46.9,607.0
Whitefield,12.9698,77.75,2026-09-28 01:00:00,51.3,44.6,378.0
Whitefield,12.9698,77.75,2026-09-28 02:00:00,46.4,40.2,242.0
Whitefield,12.9698,77.75,2026-09-28 03:00:00,41.2,35.4,290.0
Whitefield,12.9698,77.75,2026-09-28 04:00:00,35.7,30.4,432.0
Whitefield,12.9698,77.75,2026-09-28 05:00:00,31.7,26.8,519.0
Whitefield,12.9698,77.75,2026-09-28 06:00:00,32.2,27.7,507.0
Whitefield,12.9698,77.75,2026-09-28 07:00:00,27.8,24.2,463.8
Whitefield,12.9698,77.75,2026-09-28 08:00:00,23.7,18.9,405.0
Whitefield,12.9698,77.75,2026-09-28 09:00:00,23.6,16.9,351.0
Whitefield,12.9698,77.75,2026-09-28 10:00:00,23.9,16.1,295.0
Whitefield,12.9698,77.75,2026-09-28 11:00:00,23.9,16.2,256.0
Whitefield,12.9698,77.75,2026-09-28 12:00:00,23.1,15.9,242.0
Whitefield,12.9698,77.75,2026-09-28 13:00:00,22.0,15.7,245.0
Whitefield,12.9698,77.75,2026-09-28 14:00:00,22.8,16.6,254.0
Whitefield,12.9698,77.75,2026-09-28 15:00:00,22.2,16.5,270.0
Whitefield,12.9698,77.75,2026-09-28 16:00:00,22.6,17.0,291.0
Whitefield,12.9698,77.75,2026-09-28 17:00:00,24.7,18.7,307.0
Whitefield,12.9698,77.75,2026-09-28 18:00:00,,,
Whitefield,12.9698,77.75,2026-09-28 19:00:00,,,
Whitefield,12.9698,77.75,2026-09-28 20:00:00,,,
Whitefield,12.9698,77.75,2026-09-28 21:00:00,,,
Whitefield,12.9698,77.75,2026-09-28 22:00:00,,,
Whitefield,12.9698,77.75,2026-09-28 23:00:00,,,
Jayanagar,12.9308,77.5838,2026-08-25 00:00:00,5.1,3.9,249.0
Jayanagar,12.9308,77.5838,2026-08-25 01:00:00,4.7,3.4,202.0
Jayanagar,12.9308,77.5838,2026-08-25 02:00:00,4.1,3.0,167.0
Jayanagar,12.9308,77.5838,2026-08-25 03:00:00,3.4,2.6,148.0
Jayanagar,12.9308,77.5838,2026-08-25 04:00:00,2.9,2.4,141.0
Jayanagar,12.9308,77.5838,2026-08-25 05:00:00,3.2,2.4,158.0
Jayanagar,12.9308,77.5838,2026-08-25 06:00:00,3.6,2.9,221.0
Jayanagar,12.9308,77.5838,2026-08-25 07:00:00,5.0,4.3,308.0
Jayanagar,12.9308,77.5838,2026-08-25 08:00:00,4.8,4.1,359.0
Jayanagar,12.9308,77.5838,2026-08-25 09:00:00,8.8,5.1,341.0
Jayanagar,12.9308,77.5838,2026-08-25 10:00:00,8.6,4.8,288.0
Jayanagar,12.9308,77.5838,2026-08-25 11:00:00,10.7,5.6,243.0
Jayanagar,12.9308,77.5838,2026-08-25 12:00:00,8.6,4.6,217.0
Jayanagar,12.9308,77.5838,2026-08-25 13:00:00,12.2,6.0,199.0
Jayanagar,12.9308,77.5838,2026-08-25 14:00:00,8.1,4.8,205.0
Jayanagar,12.9308,77.5838,2026-08-25 15:00:00,7.8,4.7,254.0
Jayanagar,12.9308,77.5838,2026-08-25 16:00:00,8.0,5.0,325.0
Jayanagar,12.9308,77.5838,2026-08-25 17:00:00,10.0,6.1,375.0
Jayanagar,12.9308,77.5838,2026-08-25 18:00:00,9.9,6.9,383.0
Jayanagar,12.9308,77.5838,2026-08-25 19:00:00,9.3,7.2,370.0
Jayanagar,12.9308,77.5838,2026-08-25 20:00:00,7.8,6.4,349.0
Jayanagar,12.9308,77.5838,2026-08-25 21:00:00,6.3,5.4,323.0
Jayanagar,12.9308,77.5838,2026-08-25 22:00:00,5.5,4.9,290.0
Jayanagar,12.9308,77.5838,2026-08-25 23:00:00,5.0,4.4,257.0
Jayanagar,12.9308,77.5838,2026-08-26 00:00:00,4.5,3.7,223.0
Jayanagar,12.9308,77.5838,2026-08-26 01:00:00,3.9,3.2,190.0
Jayanagar,12.9308,77.5838,2026-08-26 02:00:00,3.7,2.8,167.0
Jayanagar,12.9308,77.5838,2026-08-26 03:00:00,4.1,2.7,156.0
Jayanagar,12.9308,77.5838,2026-08-26 04:00:00,5.7,3.2,155.0
Jayanagar,12.9308,77.5838,2026-08-26 05:00:00,5.4,3.3,169.0
Jayanagar,12.9308,77.5838,2026-08-26 06:00:00,8.3,4.7,214.0
Jayanagar,12.9308,77.5838,2026-08-26 07:00:00,13.9,6.4,275.0
Jayanagar,12.9308,77.5838,2026-08-26 08:00:00,20.7,8.7,309.0
Jayanagar,12.9308,77.5838,2026-08-26 09:00:00,19.8,8.9,289.0
Jayanagar,12.9308,77.5838,2026-08-26 10:00:00,29.9,12.0,242.0
Jayanagar,12.9308,77.5838,2026-08-26 11:00:00,19.2,8.8,208.0
Jayanagar,12.9308,77.5838,2026-08-26 12:00:00,16.8,8.0,199.0
Jayanagar,12.9308,77.5838,2026-08-26 13:00:00,13.8,7.1,202.0
Jayanagar,12.9308,77.5838,2026-08-26 14:00:00,20.4,8.6,224.0
Jayanagar,12.9308,77.5838,2026-08-26 15:00:00,15.9,7.7,273.0
Jayanagar,12.9308,77.5838,2026-08-26 16:00:00,13.3,8.4,339.0
Jayanagar,12.9308,77.5838,2026-08-26 17:00:00,33.8,17.3,400.0
Jayanagar,12.9308,77.5838,2026-08-26 18:00:00,26.9,16.3,461.0
Jayanagar,12.9308,77.5838,2026-08-26 19:00:00,23.7,15.3,516.0
Jayanagar,12.9308,77.5838,2026-08-26 20:00:00,21.4,14.2,525.0
Jayanagar,12.9308,77.5838,2026-08-26 21:00:00,19.6,12.9,453.0
Jayanagar,12.9308,77.5838,2026-08-26 22:00:00,16.5,10.8,334.0
Jayanagar,12.9308,77.5838,2026-08-26 23:00:00,13.2,8.6,236.0
Jayanagar,12.9308,77.5838,2026-08-27 00:00:00,11.1,6.9,182.0
Jayanagar,12.9308,77.5838,2026-08-27 01:00:00,8.4,5.1,148.0
Jayanagar,12.9308,77.5838,2026-08-27 02:00:00,7.2,4.3,127.0
Jayanagar,12.9308,77.5838,2026-08-27 03:00:00,6.5,3.8,117.0
Jayanagar,12.9308,77.5838,2026-08-27 04:00:00,5.8,3.4,120.0
Jayanagar,12.9308,77.5838,2026-08-27 05:00:00,4.9,2.8,140.0
Jayanagar,12.9308,77.5838,2026-08-27 06:00:00,6.7,3.9,195.0
Jayanagar,12.9308,77.5838,2026-08-27 07:00:00,10.5,5.1,266.0
Jayanagar,12.9308,77.5838,2026-08-27 08:00:00,16.8,6.8,307.0
Jayanagar,12.9308,77.5838,2026-08-27 09:00:00,20.0,8.3,286.0
Jayanagar,12.9308,77.5838,2026-08-27 10:00:00,23.1,9.1,234.0
Jayanagar,12.9308,77.5838,2026-08-27 11:00:00,27.8,10.5,196.0
Jayanagar,12.9308,77.5838,2026-08-27 12:00:00,32.0,12.3,185.0
Jayanagar,12.9308,77.5838,2026-08-27 13:00:00,30.6,12.1,189.0
Jayanagar,12.9308,77.5838,2026-08-27 14:00:00,26.9,11.1,214.0
Jayanagar,12.9308,77.5838,2026-08-27 15:00:00,22.8,9.9,284.0
Jayanagar,12.9308,77.5838,2026-08-27 16:00:00,18.8,9.3,376.0
Jayanagar,12.9308,77.5838,2026-08-27 17:00:00,17.5,9.6,429.0
Jayanagar,12.9308,77.5838,2026-08-27 18:00:00,18.2,11.5,405.0
Jayanagar,12.9308,77.5838,2026-08-27 19:00:00,17.3,11.2,341.0
Jayanagar,12.9308,77.5838,2026-08-27 20:00:00,15.2,10.0,288.0
Jayanagar,12.9308,77.5838,2026-08-27 21:00:00,13.4,9.0,269.0
Jayanagar,12.9308,77.5838,2026-08-27 22:00:00,12.0,7.9,261.0
Jayanagar,12.9308,77.5838,2026-08-27 23:00:00,10.8,7.0,246.0
Jayanagar,12.9308,77.5838,2026-08-28 00:00:00,9.9,6.1,212.0
Jayanagar,12.9308,77.5838,2026-08-28 01:00:00,9.5,5.6,171.0
Jayanagar,12.9308,77.5838,2026-08-28 02:00:00,9.3,5.3,142.0
Jayanagar,12.9308,77.5838,2026-08-28 03:00:00,8.9,5.0,128.0
Jayanagar,12.9308,77.5838,2026-08-28 04:00:00,8.3,4.7,126.0
Jayanagar,12.9308,77.5838,2026-08-28 05:00:00,8.7,5.0,143.0
Jayanagar,12.9308,77.5838,2026-08-28 06:00:00,8.2,5.1,200.0
Jayanagar,12.9308,77.5838,2026-08-28 07:00:00,9.5,5.2,276.0
Jayanagar,12.9308,77.5838,2026-08-28 08:00:00,13.7,6.4,318.0
Jayanagar,12.9308,77.5838,2026-08-28 09:00:00,15.9,7.1,292.0
Jayanagar,12.9308,77.5838,2026-08-28 10:00:00,18.3,7.8,233.0
Jayanagar,12.9308,77.5838,2026-08-28 11:00:00,23.9,9.2,189.0
Jayanagar,12.9308,77.5838,2026-08-28 12:00:00,25.0,9.3,173.0
Jayanagar,12.9308,77.5838,2026-08-28 13:00:00,26.1,9.8,172.0
Jayanagar,12.9308,77.5838,2026-08-28 14:00:00,24.8,9.5,201.0
Jayanagar,12.9308,77.5838,2026-08-28 15:00:00,22.4,9.0,291.0
Jayanagar,12.9308,77.5838,2026-08-28 16:00:00,19.0,9.1,411.0
Jayanagar,12.9308,77.5838,2026-08-28 17:00:00,23.2,11.9,481.0
Jayanagar,12.9308,77.5838,2026-08-28 18:00:00,21.2,11.6,452.0
Jayanagar,12.9308,77.5838,2026-08-28 19:00:00,19.0,12.1,373.0
Jayanagar,12.9308,77.5838,2026-08-28 20:00:00,16.5,11.0,306.0
Jayanagar,12.9308,77.5838,2026-08-28 21:00:00,13.9,9.6,277.0
Jayanagar,12.9308,77.5838,2026-08-28 22:00:00,11.6,8.3,261.0
Jayanagar,12.9308,77.5838,2026-08-28 23:00:00,9.3,6.8,242.0
Jayanagar,12.9308,77.5838,2026-08-29 00:00:00,7.6,5.4,211.0
Jayanagar,12.9308,77.5838,2026-08-29 01:00:00,6.8,4.5,176.0
Jayanagar,12.9308,77.5838,2026-08-29 02:00:00,6.8,4.1,151.0
Jayanagar,12.9308,77.5838,2026-08-29 03:00:00,7.2,4.0,136.0
Jayanagar,12.9308,77.5838,2026-08-29 04:00:00,8.1,4.0,130.0
Jayanagar,12.9308,77.5838,2026-08-29 05:00:00,5.7,3.6,142.0
Jayanagar,12.9308,77.5838,2026-08-29 06:00:00,7.5,4.4,190.0
Jayanagar,12.9308,77.5838,2026-08-29 07:00:00,8.4,5.2,255.0
Jayanagar,12.9308,77.5838,2026-08-29 08:00:00,8.4,5.2,292.0
Jayanagar,12.9308,77.5838,2026-08-29 09:00:00,9.7,5.4,271.0
Jayanagar,12.9308,77.5838,2026-08-29 10:00:00,12.0,5.7,221.0
Jayanagar,12.9308,77.5838,2026-08-29 11:00:00,12.5,5.7,185.0
Jayanagar,12.9308,77.5838,2026-08-29 12:00:00,13.1,6.0,170.0
Jayanagar,12.9308,77.5838,2026-08-29 13:00:00,14.2,6.4,169.0
Jayanagar,12.9308,77.5838,2026-08-29 14:00:00,17.5,7.4,198.0
Jayanagar,12.9308,77.5838,2026-08-29 15:00:00,18.6,8.1,290.0
Jayanagar,12.9308,77.5838,2026-08-29 16:00:00,16.5,8.5,411.0
Jayanagar,12.9308,77.5838,2026-08-29 17:00:00,23.3,11.1,480.0
Jayanagar,12.9308,77.5838,2026-08-29 18:00:00,21.4,11.5,446.0
Jayanagar,12.9308,77.5838,2026-08-29 19:00:00,21.5,12.2,360.0
Jayanagar,12.9308,77.5838,2026-08-29 20:00:00,21.1,12.3,289.0
Jayanagar,12.9308,77.5838,2026-08-29 21:00:00,19.3,11.8,265.0
Jayanagar,12.9308,77.5838,2026-08-29 22:00:00,16.9,10.9,256.0
Jayanagar,12.9308,77.5838,2026-08-29 23:00:00,13.7,9.0,242.0
Jayanagar,12.9308,77.5838,2026-08-30 00:00:00,11.4,7.5,209.0
Jayanagar,12.9308,77.5838,2026-08-30 01:00:00,10.3,6.6,170.0
Jayanagar,12.9308,77.5838,2026-08-30 02:00:00,9.4,6.0,142.0
Jayanagar,12.9308,77.5838,2026-08-30 03:00:00,8.7,5.4,131.0
Jayanagar,12.9308,77.5838,2026-08-30 04:00:00,7.9,5.0,131.0
Jayanagar,12.9308,77.5838,2026-08-30 05:00:00,6.6,4.5,139.0
Jayanagar,12.9308,77.5838,2026-08-30 06:00:00,6.9,4.8,163.0
Jayanagar,12.9308,77.5838,2026-08-30 07:00:00,7.3,5.1,196.0
Jayanagar,12.9308,77.5838,2026-08-30 08:00:00,7.8,5.0,214.0
Jayanagar,12.9308,77.5838,2026-08-30 09:00:00,7.9,4.9,201.0
Jayanagar,12.9308,77.5838,2026-08-30 10:00:00,7.9,4.9,173.0
Jayanagar,12.9308,77.5838,2026-08-30 11:00:00,8.0,4.9,152.0
Jayanagar,12.9308,77.5838,2026-08-30 12:00:00,8.3,4.9,144.0
Jayanagar,12.9308,77.5838,2026-08-30 13:00:00,8.7,5.1,142.0
Jayanagar,12.9308,77.5838,2026-08-30 14:00:00,8.0,4.9,151.0
Jayanagar,12.9308,77.5838,2026-08-30 15:00:00,7.9,5.0,177.0
Jayanagar,12.9308,77.5838,2026-08-30 16:00:00,7.5,4.8,214.0
Jayanagar,12.9308,77.5838,2026-08-30 17:00:00,11.8,7.7,242.0
Jayanagar,12.9308,77.5838,2026-08-30 18:00:00,10.9,8.1,256.0
Jayanagar,12.9308,77.5838,2026-08-30 19:00:00,11.1,8.7,262.0
Jayanagar,12.9308,77.5838,2026-08-30 20:00:00,11.1,8.8,260.0
Jayanagar,12.9308,77.5838,2026-08-30 21:00:00,10.2,8.0,249.0
Jayanagar,12.9308,77.5838,2026-08-30 22:00:00,9.1,7.1,231.0
Jayanagar,12.9308,77.5838,2026-08-30 23:00:00,7.1,5.6,210.0
Jayanagar,12.9308,77.5838,2026-08-31 00:00:00,6.0,4.7,183.0
Jayanagar,12.9308,77.5838,2026-08-31 01:00:00,5.4,4.1,152.0
Jayanagar,12.9308,77.5838,2026-08-31 02:00:00,5.5,4.0,131.0
Jayanagar,12.9308,77.5838,2026-08-31 03:00:00,4.8,3.5,120.0
Jayanagar,12.9308,77.5838,2026-08-31 04:00:00,4.2,3.1,118.0
Jayanagar,12.9308,77.5838,2026-08-31 05:00:00,3.2,2.5,134.0
Jayanagar,12.9308,77.5838,2026-08-31 06:00:00,4.3,3.4,186.0
Jayanagar,12.9308,77.5838,2026-08-31 07:00:00,5.5,4.2,256.0
Jayanagar,12.9308,77.5838,2026-08-31 08:00:00,6.5,4.4,296.0
Jayanagar,12.9308,77.5838,2026-08-31 09:00:00,6.4,4.4,274.0
Jayanagar,12.9308,77.5838,2026-08-31 10:00:00,6.8,4.4,221.0
Jayanagar,12.9308,77.5838,2026-08-31 11:00:00,7.3,4.6,183.0
Jayanagar,12.9308,77.5838,2026-08-31 12:00:00,6.9,4.4,175.0
Jayanagar,12.9308,77.5838,2026-08-31 13:00:00,6.3,4.0,183.0
Jayanagar,12.9308,77.5838,2026-08-31 14:00:00,6.0,3.9,206.0
Jayanagar,12.9308,77.5838,2026-08-31 15:00:00,7.0,4.3,245.0
Jayanagar,12.9308,77.5838,2026-08-31 16:00:00,6.4,4.3,299.0
Jayanagar,12.9308,77.5838,2026-08-31 17:00:00,11.1,7.2,374.0
Jayanagar,12.9308,77.5838,2026-08-31 18:00:00,12.1,9.0,505.0
Jayanagar,12.9308,77.5838,2026-08-31 19:00:00,14.8,11.6,655.0
Jayanagar,12.9308,77.5838,2026-08-31 20:00:00,16.6,13.5,720.0
Jayanagar,12.9308,77.5838,2026-08-31 21:00:00,17.5,14.5,626.0
Jayanagar,12.9308,77.5838,2026-08-31 22:00:00,16.9,14.0,446.0
Jayanagar,12.9308,77.5838,2026-08-31 23:00:00,14.8,11.9,300.0
Jayanagar,12.9308,77.5838,2026-09-01 00:00:00,11.7,9.2,234.0
Jayanagar,12.9308,77.5838,2026-09-01 01:00:00,9.2,7.3,201.0
Jayanagar,12.9308,77.5838,2026-09-01 02:00:00,7.8,6.3,181.0
Jayanagar,12.9308,77.5838,2026-09-01 03:00:00,6.8,5.6,163.0
Jayanagar,12.9308,77.5838,2026-09-01 04:00:00,6.3,5.2,156.0
Jayanagar,12.9308,77.5838,2026-09-01 05:00:00,5.3,4.4,173.0
Jayanagar,12.9308,77.5838,2026-09-01 06:00:00,6.2,5.4,236.0
Jayanagar,12.9308,77.5838,2026-09-01 07:00:00,6.1,5.2,322.0
Jayanagar,12.9308,77.5838,2026-09-01 08:00:00,6.1,4.9,369.0
Jayanagar,12.9308,77.5838,2026-09-01 09:00:00,6.4,4.7,336.0
Jayanagar,12.9308,77.5838,2026-09-01 10:00:00,7.5,5.0,263.0
Jayanagar,12.9308,77.5838,2026-09-01 11:00:00,7.9,5.2,209.0
Jayanagar,12.9308,77.5838,2026-09-01 12:00:00,7.9,5.1,193.0
Jayanagar,12.9308,77.5838,2026-09-01 13:00:00,7.5,4.9,197.0
Jayanagar,12.9308,77.5838,2026-09-01 14:00:00,7.1,4.8,224.0
Jayanagar,12.9308,77.5838,2026-09-01 15:00:00,6.7,4.6,289.0
Jayanagar,12.9308,77.5838,2026-09-01 16:00:00,6.3,4.6,378.0
Jayanagar,12.9308,77.5838,2026-09-01 17:00:00,4.6,4.2,454.0
Jayanagar,12.9308,77.5838,2026-09-01 18:00:00,8.1,7.9,511.0
Jayanagar,12.9308,77.5838,2026-09-01 19:00:00,9.5,9.3,555.0
Jayanagar,12.9308,77.5838,2026-09-01 20:00:00,10.3,10.0,561.0
Jayanagar,12.9308,77.5838,2026-09-01 21:00:00,10.9,10.5,506.0
Jayanagar,12.9308,77.5838,2026-09-01 22:00:00,10.8,10.2,414.0
Jayanagar,12.9308,77.5838,2026-09-01 23:00:00,10.2,9.4,331.0
Jayanagar,12.9308,77.5838,2026-09-02 00:00:00,9.2,8.3,269.0
Jayanagar,12.9308,77.5838,2026-09-02 01:00:00,8.5,7.5,216.0
Jayanagar,12.9308,77.5838,2026-09-02 02:00:00,8.0,7.0,178.0
Jayanagar,12.9308,77.5838,2026-09-02 03:00:00,7.6,6.5,154.0
Jayanagar,12.9308,77.5838,2026-09-02 04:00:00,7.3,6.2,147.0
Jayanagar,12.9308,77.5838,2026-09-02 05:00:00,6.7,5.7,167.0
Jayanagar,12.9308,77.5838,2026-09-02 06:00:00,7.7,6.6,245.0
Jayanagar,12.9308,77.5838,2026-09-02 07:00:00,8.3,6.8,352.0
Jayanagar,12.9308,77.5838,2026-09-02 08:00:00,9.2,6.7,410.0
Jayanagar,12.9308,77.5838,2026-09-02 09:00:00,10.9,7.0,370.0
Jayanagar,12.9308,77.5838,2026-09-02 10:00:00,13.0,7.3,282.0
Jayanagar,12.9308,77.5838,2026-09-02 11:00:00,14.3,7.6,216.0
Jayanagar,12.9308,77.5838,2026-09-02 12:00:00,14.2,7.6,193.0
Jayanagar,12.9308,77.5838,2026-09-02 13:00:00,13.6,7.3,193.0
Jayanagar,12.9308,77.5838,2026-09-02 14:00:00,13.0,7.0,221.0
Jayanagar,12.9308,77.5838,2026-09-02 15:00:00,12.4,6.9,294.0
Jayanagar,12.9308,77.5838,2026-09-02 16:00:00,11.1,6.8,395.0
Jayanagar,12.9308,77.5838,2026-09-02 17:00:00,16.6,9.7,482.0
Jayanagar,12.9308,77.5838,2026-09-02 18:00:00,16.9,12.7,546.0
Jayanagar,12.9308,77.5838,2026-09-02 19:00:00,15.2,12.0,596.0
Jayanagar,12.9308,77.5838,2026-09-02 20:00:00,15.3,12.3,619.0
Jayanagar,12.9308,77.5838,2026-09-02 21:00:00,15.1,12.0,607.0
Jayanagar,12.9308,77.5838,2026-09-02 22:00:00,14.8,11.8,568.0
Jayanagar,12.9308,77.5838,2026-09-02 23:00:00,13.4,10.5,506.0
Jayanagar,12.9308,77.5838,2026-09-03 00:00:00,12.0,9.1,406.0
Jayanagar,12.9308,77.5838,2026-09-03 01:00:00,11.0,8.1,284.0
Jayanagar,12.9308,77.5838,2026-09-03 02:00:00,10.2,7.4,196.0
Jayanagar,12.9308,77.5838,2026-09-03 03:00:00,9.7,6.9,166.0
Jayanagar,12.9308,77.5838,2026-09-03 04:00:00,9.5,6.8,170.0
Jayanagar,12.9308,77.5838,2026-09-03 05:00:00,8.8,6.3,195.0
Jayanagar,12.9308,77.5838,2026-09-03 06:00:00,10.7,8.0,255.0
Jayanagar,12.9308,77.5838,2026-09-03 07:00:00,11.0,7.9,336.0
Jayanagar,12.9308,77.5838,2026-09-03 08:00:00,11.9,8.5,376.0
Jayanagar,12.9308,77.5838,2026-09-03 09:00:00,13.6,8.5,336.0
Jayanagar,12.9308,77.5838,2026-09-03 10:00:00,16.0,8.6,256.0
Jayanagar,12.9308,77.5838,2026-09-03 11:00:00,16.9,8.7,198.0
Jayanagar,12.9308,77.5838,2026-09-03 12:00:00,18.2,9.4,173.0
Jayanagar,12.9308,77.5838,2026-09-03 13:00:00,15.0,7.8,169.0
Jayanagar,12.9308,77.5838,2026-09-03 14:00:00,13.4,7.3,215.0
Jayanagar,12.9308,77.5838,2026-09-03 15:00:00,12.1,6.9,356.0
Jayanagar,12.9308,77.5838,2026-09-03 16:00:00,11.6,6.5,547.0
Jayanagar,12.9308,77.5838,2026-09-03 17:00:00,14.3,10.2,680.0
Jayanagar,12.9308,77.5838,2026-09-03 18:00:00,14.7,11.7,704.0
Jayanagar,12.9308,77.5838,2026-09-03 19:00:00,16.2,13.5,670.0
Jayanagar,12.9308,77.5838,2026-09-03 20:00:00,16.9,14.1,621.0
Jayanagar,12.9308,77.5838,2026-09-03 21:00:00,16.9,14.1,570.0
Jayanagar,12.9308,77.5838,2026-09-03 22:00:00,16.3,13.4,505.0
Jayanagar,12.9308,77.5838,2026-09-03 23:00:00,14.8,12.1,434.0
Jayanagar,12.9308,77.5838,2026-09-04 00:00:00,13.0,10.3,350.0
Jayanagar,12.9308,77.5838,2026-09-04 01:00:00,11.6,9.1,261.0
Jayanagar,12.9308,77.5838,2026-09-04 02:00:00,10.7,8.4,196.0
Jayanagar,12.9308,77.5838,2026-09-04 03:00:00,10.3,7.9,167.0
Jayanagar,12.9308,77.5838,2026-09-04 04:00:00,10.3,7.9,163.0
Jayanagar,12.9308,77.5838,2026-09-04 05:00:00,7.9,6.1,180.0
Jayanagar,12.9308,77.5838,2026-09-04 06:00:00,9.2,7.5,235.0
Jayanagar,12.9308,77.5838,2026-09-04 07:00:00,9.2,7.4,310.0
Jayanagar,12.9308,77.5838,2026-09-04 08:00:00,9.0,6.7,352.0
Jayanagar,12.9308,77.5838,2026-09-04 09:00:00,8.9,6.4,327.0
Jayanagar,12.9308,77.5838,2026-09-04 10:00:00,9.3,6.1,268.0
Jayanagar,12.9308,77.5838,2026-09-04 11:00:00,9.3,5.8,224.0
Jayanagar,12.9308,77.5838,2026-09-04 12:00:00,8.8,5.5,205.0
Jayanagar,12.9308,77.5838,2026-09-04 13:00:00,8.2,5.3,201.0
Jayanagar,12.9308,77.5838,2026-09-04 14:00:00,7.7,5.0,222.0
Jayanagar,12.9308,77.5838,2026-09-04 15:00:00,7.2,4.8,263.0
Jayanagar,12.9308,77.5838,2026-09-04 16:00:00,7.0,4.7,330.0
Jayanagar,12.9308,77.5838,2026-09-04 17:00:00,10.5,8.2,454.0
Jayanagar,12.9308,77.5838,2026-09-04 18:00:00,16.4,14.5,718.0
Jayanagar,12.9308,77.5838,2026-09-04 19:00:00,18.2,16.5,1039.0
Jayanagar,12.9308,77.5838,2026-09-04 20:00:00,13.9,12.5,1201.0
Jayanagar,12.9308,77.5838,2026-09-04 21:00:00,14.7,13.4,1063.0
Jayanagar,12.9308,77.5838,2026-09-04 22:00:00,14.9,13.6,765.0
Jayanagar,12.9308,77.5838,2026-09-04 23:00:00,13.3,12.0,515.0
Jayanagar,12.9308,77.5838,2026-09-05 00:00:00,11.7,10.5,388.0
Jayanagar,12.9308,77.5838,2026-09-05 01:00:00,11.2,9.8,310.0
Jayanagar,12.9308,77.5838,2026-09-05 02:00:00,11.5,10.0,260.0
Jayanagar,12.9308,77.5838,2026-09-05 03:00:00,11.8,10.1,234.0
Jayanagar,12.9308,77.5838,2026-09-05 04:00:00,11.8,9.8,237.0
Jayanagar,12.9308,77.5838,2026-09-05 05:00:00,12.9,10.5,264.0
Jayanagar,12.9308,77.5838,2026-09-05 06:00:00,15.0,12.3,341.0
Jayanagar,12.9308,77.5838,2026-09-05 07:00:00,15.1,11.9,443.0
Jayanagar,12.9308,77.5838,2026-09-05 08:00:00,13.4,9.1,491.0
Jayanagar,12.9308,77.5838,2026-09-05 09:00:00,13.9,8.8,432.0
Jayanagar,12.9308,77.5838,2026-09-05 10:00:00,15.3,8.9,319.0
Jayanagar,12.9308,77.5838,2026-09-05 11:00:00,15.9,8.9,233.0
Jayanagar,12.9308,77.5838,2026-09-05 12:00:00,15.7,8.6,206.0
Jayanagar,12.9308,77.5838,2026-09-05 13:00:00,14.6,8.0,206.0
Jayanagar,12.9308,77.5838,2026-09-05 14:00:00,13.5,7.6,224.0
Jayanagar,12.9308,77.5838,2026-09-05 15:00:00,12.7,7.2,237.0
Jayanagar,12.9308,77.5838,2026-09-05 16:00:00,12.6,7.3,268.0
Jayanagar,12.9308,77.5838,2026-09-05 17:00:00,6.2,5.1,371.0
Jayanagar,12.9308,77.5838,2026-09-05 18:00:00,10.5,9.3,651.0
Jayanagar,12.9308,77.5838,2026-09-05 19:00:00,15.4,14.1,1003.0
Jayanagar,12.9308,77.5838,2026-09-05 20:00:00,16.9,15.4,1170.0
Jayanagar,12.9308,77.5838,2026-09-05 21:00:00,17.3,15.5,978.0
Jayanagar,12.9308,77.5838,2026-09-05 22:00:00,16.2,14.3,600.0
Jayanagar,12.9308,77.5838,2026-09-05 23:00:00,14.3,12.2,308.0
Jayanagar,12.9308,77.5838,2026-09-06 00:00:00,12.9,10.5,214.0
Jayanagar,12.9308,77.5838,2026-09-06 01:00:00,12.6,9.9,205.0
Jayanagar,12.9308,77.5838,2026-09-06 02:00:00,13.3,10.1,207.0
Jayanagar,12.9308,77.5838,2026-09-06 03:00:00,14.5,10.9,195.0
Jayanagar,12.9308,77.5838,2026-09-06 04:00:00,15.4,11.5,194.0
Jayanagar,12.9308,77.5838,2026-09-06 05:00:00,21.7,15.4,203.0
Jayanagar,12.9308,77.5838,2026-09-06 06:00:00,21.2,15.1,233.0
Jayanagar,12.9308,77.5838,2026-09-06 07:00:00,21.1,13.2,274.0
Jayanagar,12.9308,77.5838,2026-09-06 08:00:00,24.5,12.9,291.0
Jayanagar,12.9308,77.5838,2026-09-06 09:00:00,31.0,15.1,261.0
Jayanagar,12.9308,77.5838,2026-09-06 10:00:00,30.3,14.2,207.0
Jayanagar,12.9308,77.5838,2026-09-06 11:00:00,28.6,13.3,167.0
Jayanagar,12.9308,77.5838,2026-09-06 12:00:00,26.8,12.4,155.0
Jayanagar,12.9308,77.5838,2026-09-06 13:00:00,26.7,12.4,157.0
Jayanagar,12.9308,77.5838,2026-09-06 14:00:00,26.7,12.4,167.0
Jayanagar,12.9308,77.5838,2026-09-06 15:00:00,26.4,12.4,178.0
Jayanagar,12.9308,77.5838,2026-09-06 16:00:00,26.5,12.7,197.0
Jayanagar,12.9308,77.5838,2026-09-06 17:00:00,30.4,14.9,242.0
Jayanagar,12.9308,77.5838,2026-09-06 18:00:00,30.6,18.4,345.0
Jayanagar,12.9308,77.5838,2026-09-06 19:00:00,34.2,22.4,473.0
Jayanagar,12.9308,77.5838,2026-09-06 20:00:00,33.6,22.7,549.0
Jayanagar,12.9308,77.5838,2026-09-06 21:00:00,30.4,20.9,531.0
Jayanagar,12.9308,77.5838,2026-09-06 22:00:00,26.2,18.6,461.0
Jayanagar,12.9308,77.5838,2026-09-06 23:00:00,21.2,15.7,386.0
Jayanagar,12.9308,77.5838,2026-09-07 00:00:00,17.0,12.9,313.0
Jayanagar,12.9308,77.5838,2026-09-07 01:00:00,14.4,11.1,236.0
Jayanagar,12.9308,77.5838,2026-09-07 02:00:00,12.1,9.4,183.0
Jayanagar,12.9308,77.5838,2026-09-07 03:00:00,10.8,8.3,163.0
Jayanagar,12.9308,77.5838,2026-09-07 04:00:00,10.1,7.7,167.0
Jayanagar,12.9308,77.5838,2026-09-07 05:00:00,10.0,7.1,192.0
Jayanagar,12.9308,77.5838,2026-09-07 06:00:00,12.0,8.4,258.0
Jayanagar,12.9308,77.5838,2026-09-07 07:00:00,15.2,9.8,345.0
Jayanagar,12.9308,77.5838,2026-09-07 08:00:00,20.5,10.9,390.0
Jayanagar,12.9308,77.5838,2026-09-07 09:00:00,26.3,12.5,352.0
Jayanagar,12.9308,77.5838,2026-09-07 10:00:00,30.2,13.6,271.0
Jayanagar,12.9308,77.5838,2026-09-07 11:00:00,32.4,14.3,209.0
Jayanagar,12.9308,77.5838,2026-09-07 12:00:00,32.8,14.7,187.0
Jayanagar,12.9308,77.5838,2026-09-07 13:00:00,31.7,14.5,183.0
Jayanagar,12.9308,77.5838,2026-09-07 14:00:00,29.3,13.9,194.0
Jayanagar,12.9308,77.5838,2026-09-07 15:00:00,27.1,13.2,219.0
Jayanagar,12.9308,77.5838,2026-09-07 16:00:00,25.7,13.0,258.0
Jayanagar,12.9308,77.5838,2026-09-07 17:00:00,22.4,12.3,306.0
Jayanagar,12.9308,77.5838,2026-09-07 18:00:00,26.2,17.3,380.0
Jayanagar,12.9308,77.5838,2026-09-07 19:00:00,29.0,20.7,463.0
Jayanagar,12.9308,77.5838,2026-09-07 20:00:00,28.1,20.4,501.0
Jayanagar,12.9308,77.5838,2026-09-07 21:00:00,25.4,18.6,456.0
Jayanagar,12.9308,77.5838,2026-09-07 22:00:00,23.1,17.1,366.0
Jayanagar,12.9308,77.5838,2026-09-07 23:00:00,21.4,15.5,287.0
Jayanagar,12.9308,77.5838,2026-09-08 00:00:00,20.0,14.0,235.0
Jayanagar,12.9308,77.5838,2026-09-08 01:00:00,18.2,12.3,195.0
Jayanagar,12.9308,77.5838,2026-09-08 02:00:00,17.6,11.4,170.0
Jayanagar,12.9308,77.5838,2026-09-08 03:00:00,17.9,11.0,164.0
Jayanagar,12.9308,77.5838,2026-09-08 04:00:00,18.7,10.9,175.0
Jayanagar,12.9308,77.5838,2026-09-08 05:00:00,20.1,10.5,200.0
Jayanagar,12.9308,77.5838,2026-09-08 06:00:00,22.0,11.8,255.0
Jayanagar,12.9308,77.5838,2026-09-08 07:00:00,26.0,12.7,323.0
Jayanagar,12.9308,77.5838,2026-09-08 08:00:00,27.2,13.0,357.0
Jayanagar,12.9308,77.5838,2026-09-08 09:00:00,28.5,13.6,322.0
Jayanagar,12.9308,77.5838,2026-09-08 10:00:00,30.4,14.4,251.0
Jayanagar,12.9308,77.5838,2026-09-08 11:00:00,32.1,15.0,199.0
Jayanagar,12.9308,77.5838,2026-09-08 12:00:00,32.2,15.3,184.0
Jayanagar,12.9308,77.5838,2026-09-08 13:00:00,34.0,16.8,186.0
Jayanagar,12.9308,77.5838,2026-09-08 14:00:00,25.8,13.3,202.0
Jayanagar,12.9308,77.5838,2026-09-08 15:00:00,22.7,12.1,231.0
Jayanagar,12.9308,77.5838,2026-09-08 16:00:00,19.0,10.5,272.0
Jayanagar,12.9308,77.5838,2026-09-08 17:00:00,20.7,11.8,321.0
Jayanagar,12.9308,77.5838,2026-09-08 18:00:00,19.8,13.3,393.0
Jayanagar,12.9308,77.5838,2026-09-08 19:00:00,19.6,14.4,473.0
Jayanagar,12.9308,77.5838,2026-09-08 20:00:00,18.7,14.2,509.0
Jayanagar,12.9308,77.5838,2026-09-08 21:00:00,18.2,13.6,467.0
Jayanagar,12.9308,77.5838,2026-09-08 22:00:00,18.2,13.4,381.0
Jayanagar,12.9308,77.5838,2026-09-08 23:00:00,18.2,12.8,304.0
Jayanagar,12.9308,77.5838,2026-09-09 00:00:00,17.2,11.7,251.0
Jayanagar,12.9308,77.5838,2026-09-09 01:00:00,15.1,10.1,208.0
Jayanagar,12.9308,77.5838,2026-09-09 02:00:00,13.2,8.7,180.0
Jayanagar,12.9308,77.5838,2026-09-09 03:00:00,12.5,8.0,172.0
Jayanagar,12.9308,77.5838,2026-09-09 04:00:00,12.8,7.9,180.0
Jayanagar,12.9308,77.5838,2026-09-09 05:00:00,12.0,7.4,200.0
Jayanagar,12.9308,77.5838,2026-09-09 06:00:00,13.5,8.6,246.0
Jayanagar,12.9308,77.5838,2026-09-09 07:00:00,15.8,9.4,304.0
Jayanagar,12.9308,77.5838,2026-09-09 08:00:00,18.2,9.5,333.0
Jayanagar,12.9308,77.5838,2026-09-09 09:00:00,22.3,10.5,303.0
Jayanagar,12.9308,77.5838,2026-09-09 10:00:00,26.4,11.8,244.0
Jayanagar,12.9308,77.5838,2026-09-09 11:00:00,28.1,12.6,201.0
Jayanagar,12.9308,77.5838,2026-09-09 12:00:00,27.8,12.4,193.0
Jayanagar,12.9308,77.5838,2026-09-09 13:00:00,26.6,12.1,201.0
Jayanagar,12.9308,77.5838,2026-09-09 14:00:00,25.1,11.6,218.0
Jayanagar,12.9308,77.5838,2026-09-09 15:00:00,23.1,11.0,235.0
Jayanagar,12.9308,77.5838,2026-09-09 16:00:00,21.6,10.6,260.0
Jayanagar,12.9308,77.5838,2026-09-09 17:00:00,35.6,17.0,310.0
Jayanagar,12.9308,77.5838,2026-09-09 18:00:00,36.1,21.6,419.0
Jayanagar,12.9308,77.5838,2026-09-09 19:00:00,41.1,27.2,552.0
Jayanagar,12.9308,77.5838,2026-09-09 20:00:00,43.0,30.2,621.0
Jayanagar,12.9308,77.5838,2026-09-09 21:00:00,39.6,28.6,571.0
Jayanagar,12.9308,77.5838,2026-09-09 22:00:00,33.3,24.7,457.0
Jayanagar,12.9308,77.5838,2026-09-09 23:00:00,26.0,19.7,353.0
Jayanagar,12.9308,77.5838,2026-09-10 00:00:00,19.6,15.0,282.0
Jayanagar,12.9308,77.5838,2026-09-10 01:00:00,15.4,11.9,221.0
Jayanagar,12.9308,77.5838,2026-09-10 02:00:00,12.3,9.7,181.0
Jayanagar,12.9308,77.5838,2026-09-10 03:00:00,10.9,8.5,164.0
Jayanagar,12.9308,77.5838,2026-09-10 04:00:00,10.4,8.1,168.0
Jayanagar,12.9308,77.5838,2026-09-10 05:00:00,10.5,8.1,189.0
Jayanagar,12.9308,77.5838,2026-09-10 06:00:00,11.8,9.4,243.0
Jayanagar,12.9308,77.5838,2026-09-10 07:00:00,12.6,9.2,315.0
Jayanagar,12.9308,77.5838,2026-09-10 08:00:00,15.6,9.8,356.0
Jayanagar,12.9308,77.5838,2026-09-10 09:00:00,19.2,10.9,333.0
Jayanagar,12.9308,77.5838,2026-09-10 10:00:00,24.1,13.1,279.0
Jayanagar,12.9308,77.5838,2026-09-10 11:00:00,26.5,14.2,239.0
Jayanagar,12.9308,77.5838,2026-09-10 12:00:00,27.1,14.5,223.0
Jayanagar,12.9308,77.5838,2026-09-10 13:00:00,27.2,14.5,222.0
Jayanagar,12.9308,77.5838,2026-09-10 14:00:00,26.4,14.3,251.0
Jayanagar,12.9308,77.5838,2026-09-10 15:00:00,25.4,14.0,336.0
Jayanagar,12.9308,77.5838,2026-09-10 16:00:00,24.7,14.0,452.0
Jayanagar,12.9308,77.5838,2026-09-10 17:00:00,30.3,17.6,534.0
Jayanagar,12.9308,77.5838,2026-09-10 18:00:00,33.1,22.4,555.0
Jayanagar,12.9308,77.5838,2026-09-10 19:00:00,37.7,27.7,542.0
Jayanagar,12.9308,77.5838,2026-09-10 20:00:00,39.6,29.9,515.0
Jayanagar,12.9308,77.5838,2026-09-10 21:00:00,38.6,29.4,473.0
Jayanagar,12.9308,77.5838,2026-09-10 22:00:00,34.2,26.5,417.0
Jayanagar,12.9308,77.5838,2026-09-10 23:00:00,24.3,19.2,362.0
Jayanagar,12.9308,77.5838,2026-09-11 00:00:00,18.0,14.3,308.0
Jayanagar,12.9308,77.5838,2026-09-11 01:00:00,15.3,11.9,255.0
Jayanagar,12.9308,77.5838,2026-09-11 02:00:00,15.3,11.2,221.0
Jayanagar,12.9308,77.5838,2026-09-11 03:00:00,16.3,11.3,215.0
Jayanagar,12.9308,77.5838,2026-09-11 04:00:00,17.8,11.9,228.0
Jayanagar,12.9308,77.5838,2026-09-11 05:00:00,15.4,10.3,251.0
Jayanagar,12.9308,77.5838,2026-09-11 06:00:00,17.1,11.6,294.0
Jayanagar,12.9308,77.5838,2026-09-11 07:00:00,19.0,12.3,348.0
Jayanagar,12.9308,77.5838,2026-09-11 08:00:00,22.6,12.5,374.0
Jayanagar,12.9308,77.5838,2026-09-11 09:00:00,27.5,14.3,345.0
Jayanagar,12.9308,77.5838,2026-09-11 10:00:00,32.1,16.5,288.0
Jayanagar,12.9308,77.5838,2026-09-11 11:00:00,33.8,17.5,245.0
Jayanagar,12.9308,77.5838,2026-09-11 12:00:00,33.1,17.2,231.0
Jayanagar,12.9308,77.5838,2026-09-11 13:00:00,31.7,16.6,232.0
Jayanagar,12.9308,77.5838,2026-09-11 14:00:00,30.2,15.9,247.0
Jayanagar,12.9308,77.5838,2026-09-11 15:00:00,29.3,15.8,253.0
Jayanagar,12.9308,77.5838,2026-09-11 16:00:00,28.7,15.7,272.0
Jayanagar,12.9308,77.5838,2026-09-11 17:00:00,27.9,16.6,371.0
Jayanagar,12.9308,77.5838,2026-09-11 18:00:00,31.8,22.1,644.0
Jayanagar,12.9308,77.5838,2026-09-11 19:00:00,39.2,29.2,995.0
Jayanagar,12.9308,77.5838,2026-09-11 20:00:00,44.9,34.2,1208.0
Jayanagar,12.9308,77.5838,2026-09-11 21:00:00,49.2,38.1,1165.0
Jayanagar,12.9308,77.5838,2026-09-11 22:00:00,50.5,39.1,984.0
Jayanagar,12.9308,77.5838,2026-09-11 23:00:00,46.9,36.0,793.0
Jayanagar,12.9308,77.5838,2026-09-12 00:00:00,39.5,29.4,616.0
Jayanagar,12.9308,77.5838,2026-09-12 01:00:00,31.4,23.0,429.0
Jayanagar,12.9308,77.5838,2026-09-12 02:00:00,25.8,18.7,295.0
Jayanagar,12.9308,77.5838,2026-09-12 03:00:00,22.3,16.1,245.0
Jayanagar,12.9308,77.5838,2026-09-12 04:00:00,20.2,14.4,248.0
Jayanagar,12.9308,77.5838,2026-09-12 05:00:00,16.8,12.2,270.0
Jayanagar,12.9308,77.5838,2026-09-12 06:00:00,17.7,13.0,319.0
Jayanagar,12.9308,77.5838,2026-09-12 07:00:00,20.3,12.8,387.0
Jayanagar,12.9308,77.5838,2026-09-12 08:00:00,24.6,13.6,420.0
Jayanagar,12.9308,77.5838,2026-09-12 09:00:00,28.1,15.0,383.0
Jayanagar,12.9308,77.5838,2026-09-12 10:00:00,31.7,16.0,311.0
Jayanagar,12.9308,77.5838,2026-09-12 11:00:00,31.9,16.0,253.0
Jayanagar,12.9308,77.5838,2026-09-12 12:00:00,29.3,15.0,223.0
Jayanagar,12.9308,77.5838,2026-09-12 13:00:00,27.6,14.5,208.0
Jayanagar,12.9308,77.5838,2026-09-12 14:00:00,26.1,14.0,219.0
Jayanagar,12.9308,77.5838,2026-09-12 15:00:00,25.8,14.1,256.0
Jayanagar,12.9308,77.5838,2026-09-12 16:00:00,26.5,14.7,320.0
Jayanagar,12.9308,77.5838,2026-09-12 17:00:00,21.1,14.6,426.0
Jayanagar,12.9308,77.5838,2026-09-12 18:00:00,24.1,18.3,634.0
Jayanagar,12.9308,77.5838,2026-09-12 19:00:00,27.3,21.7,885.0
Jayanagar,12.9308,77.5838,2026-09-12 20:00:00,26.1,21.0,1017.0
Jayanagar,12.9308,77.5838,2026-09-12 21:00:00,22.2,18.1,930.0
Jayanagar,12.9308,77.5838,2026-09-12 22:00:00,18.5,15.5,726.0
Jayanagar,12.9308,77.5838,2026-09-12 23:00:00,15.7,13.3,544.0
Jayanagar,12.9308,77.5838,2026-09-13 00:00:00,13.4,11.4,431.0
Jayanagar,12.9308,77.5838,2026-09-13 01:00:00,11.8,9.9,341.0
Jayanagar,12.9308,77.5838,2026-09-13 02:00:00,10.8,9.1,281.0
Jayanagar,12.9308,77.5838,2026-09-13 03:00:00,10.1,8.5,261.0
Jayanagar,12.9308,77.5838,2026-09-13 04:00:00,10.0,8.2,272.0
Jayanagar,12.9308,77.5838,2026-09-13 05:00:00,9.8,8.0,292.0
Jayanagar,12.9308,77.5838,2026-09-13 06:00:00,11.3,9.3,326.0
Jayanagar,12.9308,77.5838,2026-09-13 07:00:00,11.9,8.7,368.0
Jayanagar,12.9308,77.5838,2026-09-13 08:00:00,13.7,9.1,381.0
Jayanagar,12.9308,77.5838,2026-09-13 09:00:00,16.4,9.8,338.0
Jayanagar,12.9308,77.5838,2026-09-13 10:00:00,18.3,10.5,266.0
Jayanagar,12.9308,77.5838,2026-09-13 11:00:00,19.5,11.1,210.0
Jayanagar,12.9308,77.5838,2026-09-13 12:00:00,20.1,11.6,187.0
Jayanagar,12.9308,77.5838,2026-09-13 13:00:00,20.3,11.6,180.0
Jayanagar,12.9308,77.5838,2026-09-13 14:00:00,20.5,11.7,188.0
Jayanagar,12.9308,77.5838,2026-09-13 15:00:00,19.8,11.3,194.0
Jayanagar,12.9308,77.5838,2026-09-13 16:00:00,19.4,11.2,216.0
Jayanagar,12.9308,77.5838,2026-09-13 17:00:00,24.7,14.3,301.0
Jayanagar,12.9308,77.5838,2026-09-13 18:00:00,26.8,18.3,519.0
Jayanagar,12.9308,77.5838,2026-09-13 19:00:00,28.9,21.0,802.0
Jayanagar,12.9308,77.5838,2026-09-13 20:00:00,29.9,21.9,990.0
Jayanagar,12.9308,77.5838,2026-09-13 21:00:00,32.1,23.5,1012.0
Jayanagar,12.9308,77.5838,2026-09-13 22:00:00,35.5,26.3,940.0
Jayanagar,12.9308,77.5838,2026-09-13 23:00:00,37.1,28.1,829.0
Jayanagar,12.9308,77.5838,2026-09-14 00:00:00,40.0,30.9,665.0
Jayanagar,12.9308,77.5838,2026-09-14 01:00:00,42.8,33.8,463.0
Jayanagar,12.9308,77.5838,2026-09-14 02:00:00,44.6,35.7,316.0
Jayanagar,12.9308,77.5838,2026-09-14 03:00:00,45.2,36.4,260.0
Jayanagar,12.9308,77.5838,2026-09-14 04:00:00,45.1,36.3,259.0
Jayanagar,12.9308,77.5838,2026-09-14 05:00:00,50.1,41.4,305.0
Jayanagar,12.9308,77.5838,2026-09-14 06:00:00,54.9,46.3,437.0
Jayanagar,12.9308,77.5838,2026-09-14 07:00:00,51.3,43.5,615.0
Jayanagar,12.9308,77.5838,2026-09-14 08:00:00,39.6,29.9,708.0
Jayanagar,12.9308,77.5838,2026-09-14 09:00:00,37.4,25.8,631.0
Jayanagar,12.9308,77.5838,2026-09-14 10:00:00,36.1,23.3,470.0
Jayanagar,12.9308,77.5838,2026-09-14 11:00:00,35.6,22.4,348.0
Jayanagar,12.9308,77.5838,2026-09-14 12:00:00,34.2,21.4,311.0
Jayanagar,12.9308,77.5838,2026-09-14 13:00:00,32.2,20.1,313.0
Jayanagar,12.9308,77.5838,2026-09-14 14:00:00,30.0,19.0,346.0
Jayanagar,12.9308,77.5838,2026-09-14 15:00:00,30.2,19.1,422.0
Jayanagar,12.9308,77.5838,2026-09-14 16:00:00,29.5,18.3,529.0
Jayanagar,12.9308,77.5838,2026-09-14 17:00:00,29.0,22.9,616.0
Jayanagar,12.9308,77.5838,2026-09-14 18:00:00,28.5,25.0,678.0
Jayanagar,12.9308,77.5838,2026-09-14 19:00:00,28.5,26.8,721.0
Jayanagar,12.9308,77.5838,2026-09-14 20:00:00,30.5,29.2,714.0
Jayanagar,12.9308,77.5838,2026-09-14 21:00:00,31.0,29.6,620.0
Jayanagar,12.9308,77.5838,2026-09-14 22:00:00,30.4,28.8,475.0
Jayanagar,12.9308,77.5838,2026-09-14 23:00:00,28.5,26.6,356.0
Jayanagar,12.9308,77.5838,2026-09-15 00:00:00,26.3,24.1,294.0
Jayanagar,12.9308,77.5838,2026-09-15 01:00:00,26.2,23.6,258.0
Jayanagar,12.9308,77.5838,2026-09-15 02:00:00,27.2,24.3,237.0
Jayanagar,12.9308,77.5838,2026-09-15 03:00:00,27.2,24.2,223.0
Jayanagar,12.9308,77.5838,2026-09-15 04:00:00,28.1,24.7,224.0
Jayanagar,12.9308,77.5838,2026-09-15 05:00:00,8.9,7.6,249.0
Jayanagar,12.9308,77.5838,2026-09-15 06:00:00,16.1,13.9,322.0
Jayanagar,12.9308,77.5838,2026-09-15 07:00:00,18.3,11.9,419.0
Jayanagar,12.9308,77.5838,2026-09-15 08:00:00,27.7,16.7,480.0
Jayanagar,12.9308,77.5838,2026-09-15 09:00:00,26.7,15.8,468.0
Jayanagar,12.9308,77.5838,2026-09-15 10:00:00,26.8,15.9,420.0
Jayanagar,12.9308,77.5838,2026-09-15 11:00:00,25.6,15.3,386.0
Jayanagar,12.9308,77.5838,2026-09-15 12:00:00,23.7,14.6,368.0
Jayanagar,12.9308,77.5838,2026-09-15 13:00:00,21.8,13.9,363.0
Jayanagar,12.9308,77.5838,2026-09-15 14:00:00,22.5,14.6,414.0
Jayanagar,12.9308,77.5838,2026-09-15 15:00:00,22.4,14.7,584.0
Jayanagar,12.9308,77.5838,2026-09-15 16:00:00,23.5,15.7,810.0
Jayanagar,12.9308,77.5838,2026-09-15 17:00:00,34.6,24.2,945.0
Jayanagar,12.9308,77.5838,2026-09-15 18:00:00,35.3,29.0,908.0
Jayanagar,12.9308,77.5838,2026-09-15 19:00:00,28.7,23.8,780.0
Jayanagar,12.9308,77.5838,2026-09-15 20:00:00,22.3,18.4,662.0
Jayanagar,12.9308,77.5838,2026-09-15 21:00:00,20.1,16.8,590.0
Jayanagar,12.9308,77.5838,2026-09-15 22:00:00,21.3,17.8,528.0
Jayanagar,12.9308,77.5838,2026-09-15 23:00:00,22.2,18.5,462.0
Jayanagar,12.9308,77.5838,2026-09-16 00:00:00,22.8,19.2,379.0
Jayanagar,12.9308,77.5838,2026-09-16 01:00:00,16.0,12.9,293.0
Jayanagar,12.9308,77.5838,2026-09-16 02:00:00,15.5,11.8,235.0
Jayanagar,12.9308,77.5838,2026-09-16 03:00:00,16.6,12.1,216.0
Jayanagar,12.9308,77.5838,2026-09-16 04:00:00,17.3,12.4,225.0
Jayanagar,12.9308,77.5838,2026-09-16 05:00:00,13.5,8.8,259.0
Jayanagar,12.9308,77.5838,2026-09-16 06:00:00,14.2,10.1,341.0
Jayanagar,12.9308,77.5838,2026-09-16 07:00:00,17.9,12.1,448.0
Jayanagar,12.9308,77.5838,2026-09-16 08:00:00,20.9,14.1,507.0
Jayanagar,12.9308,77.5838,2026-09-16 09:00:00,22.9,14.9,471.0
Jayanagar,12.9308,77.5838,2026-09-16 10:00:00,23.7,15.4,388.0
Jayanagar,12.9308,77.5838,2026-09-16 11:00:00,22.7,14.9,326.0
Jayanagar,12.9308,77.5838,2026-09-16 12:00:00,21.2,14.2,313.0
Jayanagar,12.9308,77.5838,2026-09-16 13:00:00,19.2,13.2,321.0
Jayanagar,12.9308,77.5838,2026-09-16 14:00:00,18.7,13.0,335.0
Jayanagar,12.9308,77.5838,2026-09-16 15:00:00,18.7,12.9,326.0
Jayanagar,12.9308,77.5838,2026-09-16 16:00:00,19.4,13.5,324.0
Jayanagar,12.9308,77.5838,2026-09-16 17:00:00,11.8,11.0,399.0
Jayanagar,12.9308,77.5838,2026-09-16 18:00:00,30.6,29.7,661.0
Jayanagar,12.9308,77.5838,2026-09-16 19:00:00,48.3,46.4,1000.0
Jayanagar,12.9308,77.5838,2026-09-16 20:00:00,55.1,52.9,1160.0
Jayanagar,12.9308,77.5838,2026-09-16 21:00:00,39.5,37.8,965.0
Jayanagar,12.9308,77.5838,2026-09-16 22:00:00,27.8,26.2,591.0
Jayanagar,12.9308,77.5838,2026-09-16 23:00:00,22.5,20.7,312.0
Jayanagar,12.9308,77.5838,2026-09-17 00:00:00,20.0,18.2,251.0
Jayanagar,12.9308,77.5838,2026-09-17 01:00:00,16.1,14.4,285.0
Jayanagar,12.9308,77.5838,2026-09-17 02:00:00,14.0,12.4,315.0
Jayanagar,12.9308,77.5838,2026-09-17 03:00:00,13.6,12.1,303.0
Jayanagar,12.9308,77.5838,2026-09-17 04:00:00,13.7,12.2,287.0
Jayanagar,12.9308,77.5838,2026-09-17 05:00:00,10.7,9.6,282.0
Jayanagar,12.9308,77.5838,2026-09-17 06:00:00,12.7,11.5,303.0
Jayanagar,12.9308,77.5838,2026-09-17 07:00:00,10.5,9.5,334.0
Jayanagar,12.9308,77.5838,2026-09-17 08:00:00,8.6,7.5,344.0
Jayanagar,12.9308,77.5838,2026-09-17 09:00:00,7.9,6.7,310.0
Jayanagar,12.9308,77.5838,2026-09-17 10:00:00,7.5,6.2,255.0
Jayanagar,12.9308,77.5838,2026-09-17 11:00:00,6.8,5.7,213.0
Jayanagar,12.9308,77.5838,2026-09-17 12:00:00,7.1,6.1,183.0
Jayanagar,12.9308,77.5838,2026-09-17 13:00:00,6.5,5.6,167.0
Jayanagar,12.9308,77.5838,2026-09-17 14:00:00,6.6,5.6,204.0
Jayanagar,12.9308,77.5838,2026-09-17 15:00:00,6.5,5.6,328.0
Jayanagar,12.9308,77.5838,2026-09-17 16:00:00,6.8,5.8,505.0
Jayanagar,12.9308,77.5838,2026-09-17 17:00:00,12.9,10.1,676.0
Jayanagar,12.9308,77.5838,2026-09-17 18:00:00,16.6,13.8,852.0
Jayanagar,12.9308,77.5838,2026-09-17 19:00:00,16.2,13.9,1023.0
Jayanagar,12.9308,77.5838,2026-09-17 20:00:00,16.5,14.3,1096.0
Jayanagar,12.9308,77.5838,2026-09-17 21:00:00,15.5,13.6,1007.0
Jayanagar,12.9308,77.5838,2026-09-17 22:00:00,13.8,12.2,821.0
Jayanagar,12.9308,77.5838,2026-09-17 23:00:00,11.4,10.2,639.0
Jayanagar,12.9308,77.5838,2026-09-18 00:00:00,9.5,8.5,482.0
Jayanagar,12.9308,77.5838,2026-09-18 01:00:00,8.6,7.5,329.0
Jayanagar,12.9308,77.5838,2026-09-18 02:00:00,8.3,7.0,223.0
Jayanagar,12.9308,77.5838,2026-09-18 03:00:00,8.3,6.7,188.0
Jayanagar,12.9308,77.5838,2026-09-18 04:00:00,8.6,6.6,199.0
Jayanagar,12.9308,77.5838,2026-09-18 05:00:00,8.8,6.1,226.0
Jayanagar,12.9308,77.5838,2026-09-18 06:00:00,10.8,7.4,273.0
Jayanagar,12.9308,77.5838,2026-09-18 07:00:00,13.4,8.2,334.0
Jayanagar,12.9308,77.5838,2026-09-18 08:00:00,16.2,8.5,364.0
Jayanagar,12.9308,77.5838,2026-09-18 09:00:00,18.0,9.0,331.0
Jayanagar,12.9308,77.5838,2026-09-18 10:00:00,19.7,9.7,266.0
Jayanagar,12.9308,77.5838,2026-09-18 11:00:00,20.6,10.2,218.0
Jayanagar,12.9308,77.5838,2026-09-18 12:00:00,20.5,10.4,199.0
Jayanagar,12.9308,77.5838,2026-09-18 13:00:00,20.1,10.5,197.0
Jayanagar,12.9308,77.5838,2026-09-18 14:00:00,19.8,10.7,229.0
Jayanagar,12.9308,77.5838,2026-09-18 15:00:00,19.2,10.4,320.0
Jayanagar,12.9308,77.5838,2026-09-18 16:00:00,18.6,10.4,445.0
Jayanagar,12.9308,77.5838,2026-09-18 17:00:00,16.5,10.9,543.0
Jayanagar,12.9308,77.5838,2026-09-18 18:00:00,22.8,17.9,597.0
Jayanagar,12.9308,77.5838,2026-09-18 19:00:00,26.8,21.8,625.0
Jayanagar,12.9308,77.5838,2026-09-18 20:00:00,25.3,21.0,617.0
Jayanagar,12.9308,77.5838,2026-09-18 21:00:00,20.3,16.6,549.0
Jayanagar,12.9308,77.5838,2026-09-18 22:00:00,17.7,14.6,445.0
Jayanagar,12.9308,77.5838,2026-09-18 23:00:00,14.7,12.1,367.0
Jayanagar,12.9308,77.5838,2026-09-19 00:00:00,12.2,10.2,351.0
Jayanagar,12.9308,77.5838,2026-09-19 01:00:00,10.8,9.2,361.0
Jayanagar,12.9308,77.5838,2026-09-19 02:00:00,9.9,8.4,356.0
Jayanagar,12.9308,77.5838,2026-09-19 03:00:00,9.3,7.8,306.0
Jayanagar,12.9308,77.5838,2026-09-19 04:00:00,9.0,7.3,241.0
Jayanagar,12.9308,77.5838,2026-09-19 05:00:00,9.1,7.3,210.0
Jayanagar,12.9308,77.5838,2026-09-19 06:00:00,10.8,8.7,250.0
Jayanagar,12.9308,77.5838,2026-09-19 07:00:00,11.0,7.7,324.0
Jayanagar,12.9308,77.5838,2026-09-19 08:00:00,12.8,8.1,366.0
Jayanagar,12.9308,77.5838,2026-09-19 09:00:00,14.6,8.7,339.0
Jayanagar,12.9308,77.5838,2026-09-19 10:00:00,16.2,9.6,280.0
Jayanagar,12.9308,77.5838,2026-09-19 11:00:00,17.5,10.5,235.0
Jayanagar,12.9308,77.5838,2026-09-19 12:00:00,17.4,10.6,200.0
Jayanagar,12.9308,77.5838,2026-09-19 13:00:00,17.1,10.5,178.0
Jayanagar,12.9308,77.5838,2026-09-19 14:00:00,15.7,9.7,226.0
Jayanagar,12.9308,77.5838,2026-09-19 15:00:00,16.1,10.1,429.0
Jayanagar,12.9308,77.5838,2026-09-19 16:00:00,17.8,11.5,702.0
Jayanagar,12.9308,77.5838,2026-09-19 17:00:00,13.8,8.9,850.0
Jayanagar,12.9308,77.5838,2026-09-19 18:00:00,21.3,17.2,737.0
Jayanagar,12.9308,77.5838,2026-09-19 19:00:00,27.8,23.6,499.0
Jayanagar,12.9308,77.5838,2026-09-19 20:00:00,26.6,22.9,351.0
Jayanagar,12.9308,77.5838,2026-09-19 21:00:00,19.2,16.5,417.0
Jayanagar,12.9308,77.5838,2026-09-19 22:00:00,17.5,15.1,573.0
Jayanagar,12.9308,77.5838,2026-09-19 23:00:00,17.3,14.9,662.0
Jayanagar,12.9308,77.5838,2026-09-20 00:00:00,15.5,13.0,603.0
Jayanagar,12.9308,77.5838,2026-09-20 01:00:00,16.5,14.0,476.0
Jayanagar,12.9308,77.5838,2026-09-20 02:00:00,14.6,12.3,367.0
Jayanagar,12.9308,77.5838,2026-09-20 03:00:00,13.5,11.4,301.0
Jayanagar,12.9308,77.5838,2026-09-20 04:00:00,13.5,11.3,253.0
Jayanagar,12.9308,77.5838,2026-09-20 05:00:00,6.4,5.0,229.0
Jayanagar,12.9308,77.5838,2026-09-20 06:00:00,8.2,6.8,247.0
Jayanagar,12.9308,77.5838,2026-09-20 07:00:00,10.5,8.8,290.0
Jayanagar,12.9308,77.5838,2026-09-20 08:00:00,11.4,9.3,315.0
Jayanagar,12.9308,77.5838,2026-09-20 09:00:00,11.7,8.9,297.0
Jayanagar,12.9308,77.5838,2026-09-20 10:00:00,11.8,8.4,260.0
Jayanagar,12.9308,77.5838,2026-09-20 11:00:00,11.5,7.8,233.0
Jayanagar,12.9308,77.5838,2026-09-20 12:00:00,10.5,7.0,208.0
Jayanagar,12.9308,77.5838,2026-09-20 13:00:00,9.9,6.7,192.0
Jayanagar,12.9308,77.5838,2026-09-20 14:00:00,9.4,6.4,233.0
Jayanagar,12.9308,77.5838,2026-09-20 15:00:00,9.0,6.2,399.0
Jayanagar,12.9308,77.5838,2026-09-20 16:00:00,8.4,6.0,623.0
Jayanagar,12.9308,77.5838,2026-09-20 17:00:00,12.2,9.1,748.0
Jayanagar,12.9308,77.5838,2026-09-20 18:00:00,21.8,18.6,671.0
Jayanagar,12.9308,77.5838,2026-09-20 19:00:00,33.9,30.5,495.0
Jayanagar,12.9308,77.5838,2026-09-20 20:00:00,38.6,35.5,373.0
Jayanagar,12.9308,77.5838,2026-09-20 21:00:00,31.4,28.6,390.0
Jayanagar,12.9308,77.5838,2026-09-20 22:00:00,20.1,17.6,461.0
Jayanagar,12.9308,77.5838,2026-09-20 23:00:00,15.5,13.1,488.0
Jayanagar,12.9308,77.5838,2026-09-21 00:00:00,12.3,10.2,412.0
Jayanagar,12.9308,77.5838,2026-09-21 01:00:00,9.5,7.9,292.0
Jayanagar,12.9308,77.5838,2026-09-21 02:00:00,7.1,6.2,201.0
Jayanagar,12.9308,77.5838,2026-09-21 03:00:00,5.3,5.0,167.0
Jayanagar,12.9308,77.5838,2026-09-21 04:00:00,4.5,4.3,164.0
Jayanagar,12.9308,77.5838,2026-09-21 05:00:00,5.1,4.4,182.0
Jayanagar,12.9308,77.5838,2026-09-21 06:00:00,6.1,5.5,238.0
Jayanagar,12.9308,77.5838,2026-09-21 07:00:00,6.6,5.8,316.0
Jayanagar,12.9308,77.5838,2026-09-21 08:00:00,7.1,6.2,361.0
Jayanagar,12.9308,77.5838,2026-09-21 09:00:00,6.7,5.7,340.0
Jayanagar,12.9308,77.5838,2026-09-21 10:00:00,6.4,5.5,285.0
Jayanagar,12.9308,77.5838,2026-09-21 11:00:00,6.4,5.5,242.0
Jayanagar,12.9308,77.5838,2026-09-21 12:00:00,6.9,5.8,220.0
Jayanagar,12.9308,77.5838,2026-09-21 13:00:00,7.2,6.0,209.0
Jayanagar,12.9308,77.5838,2026-09-21 14:00:00,7.7,6.5,224.0
Jayanagar,12.9308,77.5838,2026-09-21 15:00:00,9.3,8.3,271.0
Jayanagar,12.9308,77.5838,2026-09-21 16:00:00,8.6,7.9,344.0
Jayanagar,12.9308,77.5838,2026-09-21 17:00:00,10.1,9.6,445.0
Jayanagar,12.9308,77.5838,2026-09-21 18:00:00,12.2,11.8,613.0
Jayanagar,12.9308,77.5838,2026-09-21 19:00:00,10.1,9.9,809.0
Jayanagar,12.9308,77.5838,2026-09-21 20:00:00,10.0,9.8,915.0
Jayanagar,12.9308,77.5838,2026-09-21 21:00:00,12.8,12.4,864.0
Jayanagar,12.9308,77.5838,2026-09-21 22:00:00,14.2,13.6,724.0
Jayanagar,12.9308,77.5838,2026-09-21 23:00:00,13.8,13.1,581.0
Jayanagar,12.9308,77.5838,2026-09-22 00:00:00,12.4,11.9,451.0
Jayanagar,12.9308,77.5838,2026-09-22 01:00:00,11.8,11.4,319.0
Jayanagar,12.9308,77.5838,2026-09-22 02:00:00,11.3,11.1,224.0
Jayanagar,12.9308,77.5838,2026-09-22 03:00:00,10.2,10.0,178.0
Jayanagar,12.9308,77.5838,2026-09-22 04:00:00,9.1,8.8,170.0
Jayanagar,12.9308,77.5838,2026-09-22 05:00:00,5.7,5.2,200.0
Jayanagar,12.9308,77.5838,2026-09-22 06:00:00,6.5,5.7,305.0
Jayanagar,12.9308,77.5838,2026-09-22 07:00:00,8.2,6.9,450.0
Jayanagar,12.9308,77.5838,2026-09-22 08:00:00,9.1,7.3,527.0
Jayanagar,12.9308,77.5838,2026-09-22 09:00:00,9.4,6.7,470.0
Jayanagar,12.9308,77.5838,2026-09-22 10:00:00,10.4,6.9,347.0
Jayanagar,12.9308,77.5838,2026-09-22 11:00:00,11.7,7.5,253.0
Jayanagar,12.9308,77.5838,2026-09-22 12:00:00,12.9,8.1,218.0
Jayanagar,12.9308,77.5838,2026-09-22 13:00:00,13.9,8.6,212.0
Jayanagar,12.9308,77.5838,2026-09-22 14:00:00,14.8,9.2,248.0
Jayanagar,12.9308,77.5838,2026-09-22 15:00:00,15.6,10.1,358.0
Jayanagar,12.9308,77.5838,2026-09-22 16:00:00,16.9,11.7,508.0
Jayanagar,12.9308,77.5838,2026-09-22 17:00:00,16.6,11.4,612.0
Jayanagar,12.9308,77.5838,2026-09-22 18:00:00,18.1,13.7,634.0
Jayanagar,12.9308,77.5838,2026-09-22 19:00:00,20.7,16.2,608.0
Jayanagar,12.9308,77.5838,2026-09-22 20:00:00,21.7,16.9,556.0
Jayanagar,12.9308,77.5838,2026-09-22 21:00:00,21.7,16.2,466.0
Jayanagar,12.9308,77.5838,2026-09-22 22:00:00,21.8,15.7,349.0
Jayanagar,12.9308,77.5838,2026-09-22 23:00:00,20.3,14.0,255.0
Jayanagar,12.9308,77.5838,2026-09-23 00:00:00,18.9,12.5,203.0
Jayanagar,12.9308,77.5838,2026-09-23 01:00:00,17.5,11.1,174.0
Jayanagar,12.9308,77.5838,2026-09-23 02:00:00,16.6,10.0,157.0
Jayanagar,12.9308,77.5838,2026-09-23 03:00:00,16.2,9.4,146.0
Jayanagar,12.9308,77.5838,2026-09-23 04:00:00,15.9,8.9,147.0
Jayanagar,12.9308,77.5838,2026-09-23 05:00:00,14.3,7.8,175.0
Jayanagar,12.9308,77.5838,2026-09-23 06:00:00,14.4,8.2,261.0
Jayanagar,12.9308,77.5838,2026-09-23 07:00:00,14.6,8.9,373.0
Jayanagar,12.9308,77.5838,2026-09-23 08:00:00,15.9,9.3,430.0
Jayanagar,12.9308,77.5838,2026-09-23 09:00:00,16.6,9.4,377.0
Jayanagar,12.9308,77.5838,2026-09-23 10:00:00,17.8,9.9,268.0
Jayanagar,12.9308,77.5838,2026-09-23 11:00:00,18.5,10.4,190.0
Jayanagar,12.9308,77.5838,2026-09-23 12:00:00,18.7,10.9,167.0
Jayanagar,12.9308,77.5838,2026-09-23 13:00:00,18.6,11.0,173.0
Jayanagar,12.9308,77.5838,2026-09-23 14:00:00,26.0,15.2,218.0
Jayanagar,12.9308,77.5838,2026-09-23 15:00:00,17.4,10.6,344.0
Jayanagar,12.9308,77.5838,2026-09-23 16:00:00,16.4,10.9,508.0
Jayanagar,12.9308,77.5838,2026-09-23 17:00:00,19.5,12.5,595.0
Jayanagar,12.9308,77.5838,2026-09-23 18:00:00,25.7,17.3,529.0
Jayanagar,12.9308,77.5838,2026-09-23 19:00:00,23.9,17.0,385.0
Jayanagar,12.9308,77.5838,2026-09-23 20:00:00,23.2,16.6,272.0
Jayanagar,12.9308,77.5838,2026-09-23 21:00:00,22.8,16.4,239.0
Jayanagar,12.9308,77.5838,2026-09-23 22:00:00,22.7,16.2,237.0
Jayanagar,12.9308,77.5838,2026-09-23 23:00:00,21.7,15.3,229.0
Jayanagar,12.9308,77.5838,2026-09-24 00:00:00,17.9,12.7,197.0
Jayanagar,12.9308,77.5838,2026-09-24 01:00:00,15.5,11.0,160.0
Jayanagar,12.9308,77.5838,2026-09-24 02:00:00,13.8,9.7,136.0
Jayanagar,12.9308,77.5838,2026-09-24 03:00:00,12.4,8.8,133.0
Jayanagar,12.9308,77.5838,2026-09-24 04:00:00,11.2,8.0,144.0
Jayanagar,12.9308,77.5838,2026-09-24 05:00:00,10.7,7.7,164.0
Jayanagar,12.9308,77.5838,2026-09-24 06:00:00,10.6,7.8,202.0
Jayanagar,12.9308,77.5838,2026-09-24 07:00:00,11.0,8.3,250.0
Jayanagar,12.9308,77.5838,2026-09-24 08:00:00,9.3,6.9,275.0
Jayanagar,12.9308,77.5838,2026-09-24 09:00:00,8.3,6.1,255.0
Jayanagar,12.9308,77.5838,2026-09-24 10:00:00,8.1,6.0,213.0
Jayanagar,12.9308,77.5838,2026-09-24 11:00:00,7.8,5.6,183.0
Jayanagar,12.9308,77.5838,2026-09-24 12:00:00,7.9,5.6,175.0
Jayanagar,12.9308,77.5838,2026-09-24 13:00:00,8.0,5.7,180.0
Jayanagar,12.9308,77.5838,2026-09-24 14:00:00,9.0,6.5,208.0
Jayanagar,12.9308,77.5838,2026-09-24 15:00:00,9.8,7.4,286.0
Jayanagar,12.9308,77.5838,2026-09-24 16:00:00,10.3,7.9,388.0
Jayanagar,12.9308,77.5838,2026-09-24 17:00:00,10.4,8.2,444.0
Jayanagar,12.9308,77.5838,2026-09-24 18:00:00,11.2,8.9,410.0
Jayanagar,12.9308,77.5838,2026-09-24 19:00:00,12.7,9.9,330.0
Jayanagar,12.9308,77.5838,2026-09-24 20:00:00,12.5,9.5,267.0
Jayanagar,12.9308,77.5838,2026-09-24 21:00:00,10.7,8.3,247.0
Jayanagar,12.9308,77.5838,2026-09-24 22:00:00,7.6,6.3,244.0
Jayanagar,12.9308,77.5838,2026-09-24 23:00:00,5.8,4.9,236.0
Jayanagar,12.9308,77.5838,2026-09-25 00:00:00,4.2,3.6,211.0
Jayanagar,12.9308,77.5838,2026-09-25 01:00:00,3.4,2.9,182.0
Jayanagar,12.9308,77.5838,2026-09-25 02:00:00,2.7,2.3,162.0
Jayanagar,12.9308,77.5838,2026-09-25 03:00:00,2.4,2.1,154.0
Jayanagar,12.9308,77.5838,2026-09-25 04:00:00,2.3,2.0,155.0
Jayanagar,12.9308,77.5838,2026-09-25 05:00:00,2.3,2.1,170.0
Jayanagar,12.9308,77.5838,2026-09-25 06:00:00,2.8,2.7,213.0
Jayanagar,12.9308,77.5838,2026-09-25 07:00:00,3.8,3.7,269.0
Jayanagar,12.9308,77.5838,2026-09-25 08:00:00,3.1,3.0,301.0
Jayanagar,12.9308,77.5838,2026-09-25 09:00:00,2.5,2.4,282.0
Jayanagar,12.9308,77.5838,2026-09-25 10:00:00,2.4,2.3,238.0
Jayanagar,12.9308,77.5838,2026-09-25 11:00:00,2.4,2.4,209.0
Jayanagar,12.9308,77.5838,2026-09-25 12:00:00,2.7,2.5,209.0
Jayanagar,12.9308,77.5838,2026-09-25 13:00:00,3.3,3.0,224.0
Jayanagar,12.9308,77.5838,2026-09-25 14:00:00,3.7,3.5,257.0
Jayanagar,12.9308,77.5838,2026-09-25 15:00:00,4.4,4.2,320.0
Jayanagar,12.9308,77.5838,2026-09-25 16:00:00,4.5,4.4,401.0
Jayanagar,12.9308,77.5838,2026-09-25 17:00:00,4.2,4.1,468.0
Jayanagar,12.9308,77.5838,2026-09-25 18:00:00,5.2,5.1,517.0
Jayanagar,12.9308,77.5838,2026-09-25 19:00:00,5.6,5.5,551.0
Jayanagar,12.9308,77.5838,2026-09-25 20:00:00,5.3,5.2,552.0
Jayanagar,12.9308,77.5838,2026-09-25 21:00:00,5.2,5.0,496.0
Jayanagar,12.9308,77.5838,2026-09-25 22:00:00,5.0,4.8,406.0
Jayanagar,12.9308,77.5838,2026-09-25 23:00:00,4.5,4.3,329.0
Jayanagar,12.9308,77.5838,2026-09-26 00:00:00,3.8,3.7,280.0
Jayanagar,12.9308,77.5838,2026-09-26 01:00:00,3.3,3.1,244.0
Jayanagar,12.9308,77.5838,2026-09-26 02:00:00,2.9,2.7,221.0
Jayanagar,12.9308,77.5838,2026-09-26 03:00:00,2.6,2.3,212.0
Jayanagar,12.9308,77.5838,2026-09-26 04:00:00,2.4,2.1,217.0
Jayanagar,12.9308,77.5838,2026-09-26 05:00:00,2.2,2.0,229.0
Jayanagar,12.9308,77.5838,2026-09-26 06:00:00,2.6,2.4,256.0
Jayanagar,12.9308,77.5838,2026-09-26 07:00:00,2.6,2.4,291.0
Jayanagar,12.9308,77.5838,2026-09-26 08:00:00,3.1,2.8,307.0
Jayanagar,12.9308,77.5838,2026-09-26 09:00:00,4.4,3.5,284.0
Jayanagar,12.9308,77.5838,2026-09-26 10:00:00,5.8,4.3,243.0
Jayanagar,12.9308,77.5838,2026-09-26 11:00:00,8.0,5.4,213.0
Jayanagar,12.9308,77.5838,2026-09-26 12:00:00,10.4,6.5,197.0
Jayanagar,12.9308,77.5838,2026-09-26 13:00:00,12.0,7.3,194.0
Jayanagar,12.9308,77.5838,2026-09-26 14:00:00,12.7,7.7,226.0
Jayanagar,12.9308,77.5838,2026-09-26 15:00:00,12.9,7.8,332.0
Jayanagar,12.9308,77.5838,2026-09-26 16:00:00,12.3,7.9,474.0
Jayanagar,12.9308,77.5838,2026-09-26 17:00:00,13.2,10.2,564.0
Jayanagar,12.9308,77.5838,2026-09-26 18:00:00,14.8,12.0,554.0
Jayanagar,12.9308,77.5838,2026-09-26 19:00:00,16.1,13.2,491.0
Jayanagar,12.9308,77.5838,2026-09-26 20:00:00,15.1,12.5,432.0
Jayanagar,12.9308,77.5838,2026-09-26 21:00:00,13.7,11.7,396.0
Jayanagar,12.9308,77.5838,2026-09-26 22:00:00,13.1,11.2,362.0
Jayanagar,12.9308,77.5838,2026-09-26 23:00:00,11.6,10.0,326.0
Jayanagar,12.9308,77.5838,2026-09-27 00:00:00,10.0,8.6,279.0
Jayanagar,12.9308,77.5838,2026-09-27 01:00:00,9.4,7.9,229.0
Jayanagar,12.9308,77.5838,2026-09-27 02:00:00,9.1,7.6,195.0
Jayanagar,12.9308,77.5838,2026-09-27 03:00:00,9.2,7.5,186.0
Jayanagar,12.9308,77.5838,2026-09-27 04:00:00,9.5,7.8,192.0
Jayanagar,12.9308,77.5838,2026-09-27 05:00:00,10.5,8.5,207.0
Jayanagar,12.9308,77.5838,2026-09-27 06:00:00,12.4,10.1,236.0
Jayanagar,12.9308,77.5838,2026-09-27 07:00:00,13.4,10.7,274.0
Jayanagar,12.9308,77.5838,2026-09-27 08:00:00,14.4,11.0,292.0
Jayanagar,12.9308,77.5838,2026-09-27 09:00:00,16.4,11.6,270.0
Jayanagar,12.9308,77.5838,2026-09-27 10:00:00,17.8,11.7,229.0
Jayanagar,12.9308,77.5838,2026-09-27 11:00:00,18.8,11.3,201.0
Jayanagar,12.9308,77.5838,2026-09-27 12:00:00,19.0,10.9,195.0
Jayanagar,12.9308,77.5838,2026-09-27 13:00:00,18.1,10.5,202.0
Jayanagar,12.9308,77.5838,2026-09-27 14:00:00,17.5,10.2,227.0
Jayanagar,12.9308,77.5838,2026-09-27 15:00:00,17.1,10.1,236.0
Jayanagar,12.9308,77.5838,2026-09-27 16:00:00,16.5,10.0,263.0
Jayanagar,12.9308,77.5838,2026-09-27 17:00:00,17.6,12.1,420.0
Jayanagar,12.9308,77.5838,2026-09-27 18:00:00,25.7,19.8,854.0
Jayanagar,12.9308,77.5838,2026-09-27 19:00:00,34.1,27.4,1418.0
Jayanagar,12.9308,77.5838,2026-09-27 20:00:00,39.7,32.7,1779.0
Jayanagar,12.9308,77.5838,2026-09-27 21:00:00,45.4,38.1,1743.0
Jayanagar,12.9308,77.5838,2026-09-27 22:00:00,50.4,43.0,1504.0
Jayanagar,12.9308,77.5838,2026-09-27 23:00:00,53.4,45.9,1309.0
Jayanagar,12.9308,77.5838,2026-09-28 00:00:00,54.2,46.9,1268.0
Jayanagar,12.9308,77.5838,2026-09-28 01:00:00,51.3,44.6,1270.0
Jayanagar,12.9308,77.5838,2026-09-28 02:00:00,46.4,40.2,1231.0
Jayanagar,12.9308,77.5838,2026-09-28 03:00:00,41.2,35.4,1076.0
Jayanagar,12.9308,77.5838,2026-09-28 04:00:00,35.7,30.4,880.0
Jayanagar,12.9308,77.5838,2026-09-28 05:00:00,31.7,26.8,722.3
Jayanagar,12.9308,77.5838,2026-09-28 06:00:00,32.2,27.7,616.0
Jayanagar,12.9308,77.5838,2026-09-28 07:00:00,27.8,24.2,524.8
Jayanagar,12.9308,77.5838,2026-09-28 08:00:00,23.7,18.9,405.0
Jayanagar,12.9308,77.5838,2026-09-28 09:00:00,23.6,16.9,351.0
Jayanagar,12.9308,77.5838,2026-09-28 10:00:00,23.9,16.1,295.0
Jayanagar,12.9308,77.5838,2026-09-28 11:00:00,23.9,16.2,256.0
Jayanagar,12.9308,77.5838,2026-09-28 12:00:00,23.1,15.9,242.0
Jayanagar,12.9308,77.5838,2026-09-28 13:00:00,22.0,15.7,245.0
Jayanagar,12.9308,77.5838,2026-09-28 14:00:00,22.8,16.6,254.0
Jayanagar,12.9308,77.5838,2026-09-28 15:00:00,22.2,16.5,270.0
Jayanagar,12.9308,77.5838,2026-09-28 16:00:00,22.6,17.0,291.0
Jayanagar,12.9308,77.5838,2026-09-28 17:00:00,24.7,18.7,307.0
Jayanagar,12.9308,77.5838,2026-09-28 18:00:00,,,
Jayanagar,12.9308,77.5838,2026-09-28 19:00:00,,,
Jayanagar,12.9308,77.5838,2026-09-28 20:00:00,,,
Jayanagar,12.9308,77.5838,2026-09-28 21:00:00,,,
Jayanagar,12.9308,77.5838,2026-09-28 22:00:00,,,
Jayanagar,12.9308,77.5838,2026-09-28 23:00:00,,,
Hebbal,13.035,77.597,2026-08-25 00:00:00,4.8,4.0,243.0
Hebbal,13.035,77.597,2026-08-25 01:00:00,4.1,3.3,205.0
Hebbal,13.035,77.597,2026-08-25 02:00:00,3.6,2.9,178.0
Hebbal,13.035,77.597,2026-08-25 03:00:00,3.2,2.6,158.0
Hebbal,13.035,77.597,2026-08-25 04:00:00,2.9,2.4,149.0
Hebbal,13.035,77.597,2026-08-25 05:00:00,3.2,2.4,175.0
Hebbal,13.035,77.597,2026-08-25 06:00:00,4.3,3.2,276.0
Hebbal,13.035,77.597,2026-08-25 07:00:00,5.4,4.4,412.0
Hebbal,13.035,77.597,2026-08-25 08:00:00,4.0,3.1,487.0
Hebbal,13.035,77.597,2026-08-25 09:00:00,3.9,2.8,438.0
Hebbal,13.035,77.597,2026-08-25 10:00:00,5.6,3.1,328.0
Hebbal,13.035,77.597,2026-08-25 11:00:00,7.7,3.8,246.0
Hebbal,13.035,77.597,2026-08-25 12:00:00,13.0,5.8,223.0
Hebbal,13.035,77.597,2026-08-25 13:00:00,12.3,5.6,228.0
Hebbal,13.035,77.597,2026-08-25 14:00:00,9.5,5.0,253.0
Hebbal,13.035,77.597,2026-08-25 15:00:00,8.4,4.6,313.0
Hebbal,13.035,77.597,2026-08-25 16:00:00,9.1,5.1,394.0
Hebbal,13.035,77.597,2026-08-25 17:00:00,15.0,7.4,442.0
Hebbal,13.035,77.597,2026-08-25 18:00:00,12.1,8.0,428.0
Hebbal,13.035,77.597,2026-08-25 19:00:00,12.0,8.6,381.0
Hebbal,13.035,77.597,2026-08-25 20:00:00,10.2,7.8,338.0
Hebbal,13.035,77.597,2026-08-25 21:00:00,7.8,6.4,312.0
Hebbal,13.035,77.597,2026-08-25 22:00:00,5.8,5.1,289.0
Hebbal,13.035,77.597,2026-08-25 23:00:00,4.6,4.1,262.0
Hebbal,13.035,77.597,2026-08-26 00:00:00,3.9,3.4,223.0
Hebbal,13.035,77.597,2026-08-26 01:00:00,4.1,3.2,180.0
Hebbal,13.035,77.597,2026-08-26 02:00:00,3.4,2.7,152.0
Hebbal,13.035,77.597,2026-08-26 03:00:00,3.8,2.6,146.0
Hebbal,13.035,77.597,2026-08-26 04:00:00,5.3,3.0,155.0
Hebbal,13.035,77.597,2026-08-26 05:00:00,5.5,3.2,180.0
Hebbal,13.035,77.597,2026-08-26 06:00:00,8.6,4.6,238.0
Hebbal,13.035,77.597,2026-08-26 07:00:00,15.8,6.6,312.0
Hebbal,13.035,77.597,2026-08-26 08:00:00,17.3,7.5,354.0
Hebbal,13.035,77.597,2026-08-26 09:00:00,20.5,8.7,329.0
Hebbal,13.035,77.597,2026-08-26 10:00:00,25.3,10.2,272.0
Hebbal,13.035,77.597,2026-08-26 11:00:00,22.9,9.7,233.0
Hebbal,13.035,77.597,2026-08-26 12:00:00,19.6,8.8,229.0
Hebbal,13.035,77.597,2026-08-26 13:00:00,15.9,7.5,243.0
Hebbal,13.035,77.597,2026-08-26 14:00:00,13.3,6.6,275.0
Hebbal,13.035,77.597,2026-08-26 15:00:00,14.3,6.7,338.0
Hebbal,13.035,77.597,2026-08-26 16:00:00,21.4,10.0,419.0
Hebbal,13.035,77.597,2026-08-26 17:00:00,28.2,13.7,484.0
Hebbal,13.035,77.597,2026-08-26 18:00:00,23.3,14.5,527.0
Hebbal,13.035,77.597,2026-08-26 19:00:00,21.7,14.6,554.0
Hebbal,13.035,77.597,2026-08-26 20:00:00,19.8,13.8,542.0
Hebbal,13.035,77.597,2026-08-26 21:00:00,18.0,12.5,465.0
Hebbal,13.035,77.597,2026-08-26 22:00:00,15.5,10.8,350.0
Hebbal,13.035,77.597,2026-08-26 23:00:00,13.0,8.8,254.0
Hebbal,13.035,77.597,2026-08-27 00:00:00,10.8,7.0,200.0
Hebbal,13.035,77.597,2026-08-27 01:00:00,9.1,5.6,165.0
Hebbal,13.035,77.597,2026-08-27 02:00:00,7.2,4.4,144.0
Hebbal,13.035,77.597,2026-08-27 03:00:00,6.6,3.9,132.0
Hebbal,13.035,77.597,2026-08-27 04:00:00,7.2,3.8,133.0
Hebbal,13.035,77.597,2026-08-27 05:00:00,6.2,3.3,152.0
Hebbal,13.035,77.597,2026-08-27 06:00:00,7.8,4.2,208.0
Hebbal,13.035,77.597,2026-08-27 07:00:00,11.5,5.4,281.0
Hebbal,13.035,77.597,2026-08-27 08:00:00,17.6,6.9,324.0
Hebbal,13.035,77.597,2026-08-27 09:00:00,19.5,7.8,304.0
Hebbal,13.035,77.597,2026-08-27 10:00:00,22.9,8.7,253.0
Hebbal,13.035,77.597,2026-08-27 11:00:00,27.8,10.2,216.0
Hebbal,13.035,77.597,2026-08-27 12:00:00,32.7,11.9,204.0
Hebbal,13.035,77.597,2026-08-27 13:00:00,31.2,11.8,204.0
Hebbal,13.035,77.597,2026-08-27 14:00:00,25.4,10.4,228.0
Hebbal,13.035,77.597,2026-08-27 15:00:00,19.0,8.5,292.0
Hebbal,13.035,77.597,2026-08-27 16:00:00,14.8,7.5,379.0
Hebbal,13.035,77.597,2026-08-27 17:00:00,14.3,7.7,445.0
Hebbal,13.035,77.597,2026-08-27 18:00:00,15.1,9.2,476.0
Hebbal,13.035,77.597,2026-08-27 19:00:00,16.2,10.1,485.0
Hebbal,13.035,77.597,2026-08-27 20:00:00,16.0,9.9,472.0
Hebbal,13.035,77.597,2026-08-27 21:00:00,15.1,9.5,426.0
Hebbal,13.035,77.597,2026-08-27 22:00:00,14.3,8.9,357.0
Hebbal,13.035,77.597,2026-08-27 23:00:00,13.1,7.7,293.0
Hebbal,13.035,77.597,2026-08-28 00:00:00,12.2,6.7,238.0
Hebbal,13.035,77.597,2026-08-28 01:00:00,11.3,6.1,187.0
Hebbal,13.035,77.597,2026-08-28 02:00:00,10.2,5.5,153.0
Hebbal,13.035,77.597,2026-08-28 03:00:00,9.1,4.9,140.0
Hebbal,13.035,77.597,2026-08-28 04:00:00,7.9,4.3,144.0
Hebbal,13.035,77.597,2026-08-28 05:00:00,7.6,4.3,165.0
Hebbal,13.035,77.597,2026-08-28 06:00:00,7.4,4.5,221.0
Hebbal,13.035,77.597,2026-08-28 07:00:00,10.4,5.0,294.0
Hebbal,13.035,77.597,2026-08-28 08:00:00,12.0,5.9,334.0
Hebbal,13.035,77.597,2026-08-28 09:00:00,14.1,6.3,307.0
Hebbal,13.035,77.597,2026-08-28 10:00:00,15.8,6.5,247.0
Hebbal,13.035,77.597,2026-08-28 11:00:00,19.8,7.7,203.0
Hebbal,13.035,77.597,2026-08-28 12:00:00,20.1,7.7,187.0
Hebbal,13.035,77.597,2026-08-28 13:00:00,20.8,7.9,187.0
Hebbal,13.035,77.597,2026-08-28 14:00:00,19.7,7.8,219.0
Hebbal,13.035,77.597,2026-08-28 15:00:00,19.7,8.0,314.0
Hebbal,13.035,77.597,2026-08-28 16:00:00,19.3,8.3,441.0
Hebbal,13.035,77.597,2026-08-28 17:00:00,27.0,10.7,521.0
Hebbal,13.035,77.597,2026-08-28 18:00:00,23.4,11.6,513.0
Hebbal,13.035,77.597,2026-08-28 19:00:00,22.8,12.7,457.0
Hebbal,13.035,77.597,2026-08-28 20:00:00,19.7,12.0,400.0
Hebbal,13.035,77.597,2026-08-28 21:00:00,16.2,10.7,355.0
Hebbal,13.035,77.597,2026-08-28 22:00:00,13.4,9.3,309.0
Hebbal,13.035,77.597,2026-08-28 23:00:00,10.2,7.1,265.0
Hebbal,13.035,77.597,2026-08-29 00:00:00,8.4,5.6,223.0
Hebbal,13.035,77.597,2026-08-29 01:00:00,7.5,4.7,184.0
Hebbal,13.035,77.597,2026-08-29 02:00:00,7.1,4.1,157.0
Hebbal,13.035,77.597,2026-08-29 03:00:00,7.3,3.9,143.0
Hebbal,13.035,77.597,2026-08-29 04:00:00,7.9,3.8,140.0
Hebbal,13.035,77.597,2026-08-29 05:00:00,5.1,3.2,156.0
Hebbal,13.035,77.597,2026-08-29 06:00:00,6.1,3.7,209.0
Hebbal,13.035,77.597,2026-08-29 07:00:00,6.4,4.1,280.0
Hebbal,13.035,77.597,2026-08-29 08:00:00,7.5,3.9,320.0
Hebbal,13.035,77.597,2026-08-29 09:00:00,9.4,4.4,297.0
Hebbal,13.035,77.597,2026-08-29 10:00:00,10.2,4.6,243.0
Hebbal,13.035,77.597,2026-08-29 11:00:00,11.1,4.8,203.0
Hebbal,13.035,77.597,2026-08-29 12:00:00,13.6,5.7,186.0
Hebbal,13.035,77.597,2026-08-29 13:00:00,15.1,6.3,183.0
Hebbal,13.035,77.597,2026-08-29 14:00:00,16.4,6.9,216.0
Hebbal,13.035,77.597,2026-08-29 15:00:00,16.2,7.0,325.0
Hebbal,13.035,77.597,2026-08-29 16:00:00,15.4,7.1,471.0
Hebbal,13.035,77.597,2026-08-29 17:00:00,19.7,9.2,555.0
Hebbal,13.035,77.597,2026-08-29 18:00:00,17.0,9.6,518.0
Hebbal,13.035,77.597,2026-08-29 19:00:00,16.7,10.1,420.0
Hebbal,13.035,77.597,2026-08-29 20:00:00,15.7,9.9,339.0
Hebbal,13.035,77.597,2026-08-29 21:00:00,14.2,9.3,309.0
Hebbal,13.035,77.597,2026-08-29 22:00:00,12.7,8.5,296.0
Hebbal,13.035,77.597,2026-08-29 23:00:00,11.6,7.6,276.0
Hebbal,13.035,77.597,2026-08-30 00:00:00,10.1,6.5,232.0
Hebbal,13.035,77.597,2026-08-30 01:00:00,9.3,5.8,181.0
Hebbal,13.035,77.597,2026-08-30 02:00:00,8.7,5.4,146.0
Hebbal,13.035,77.597,2026-08-30 03:00:00,8.0,5.0,136.0
Hebbal,13.035,77.597,2026-08-30 04:00:00,7.4,4.7,142.0
Hebbal,13.035,77.597,2026-08-30 05:00:00,5.9,4.0,157.0
Hebbal,13.035,77.597,2026-08-30 06:00:00,6.4,4.4,187.0
Hebbal,13.035,77.597,2026-08-30 07:00:00,7.1,4.8,226.0
Hebbal,13.035,77.597,2026-08-30 08:00:00,7.3,4.7,246.0
Hebbal,13.035,77.597,2026-08-30 09:00:00,7.2,4.4,230.0
Hebbal,13.035,77.597,2026-08-30 10:00:00,6.7,4.3,196.0
Hebbal,13.035,77.597,2026-08-30 11:00:00,7.3,4.4,170.0
Hebbal,13.035,77.597,2026-08-30 12:00:00,7.8,4.6,162.0
Hebbal,13.035,77.597,2026-08-30 13:00:00,8.1,4.7,162.0
Hebbal,13.035,77.597,2026-08-30 14:00:00,7.6,4.5,170.0
Hebbal,13.035,77.597,2026-08-30 15:00:00,7.1,4.4,191.0
Hebbal,13.035,77.597,2026-08-30 16:00:00,9.6,5.3,220.0
Hebbal,13.035,77.597,2026-08-30 17:00:00,9.6,6.0,242.0
Hebbal,13.035,77.597,2026-08-30 18:00:00,9.3,6.8,251.0
Hebbal,13.035,77.597,2026-08-30 19:00:00,9.5,7.3,254.0
Hebbal,13.035,77.597,2026-08-30 20:00:00,8.8,6.9,251.0
Hebbal,13.035,77.597,2026-08-30 21:00:00,8.1,6.3,244.0
Hebbal,13.035,77.597,2026-08-30 22:00:00,7.5,5.7,231.0
Hebbal,13.035,77.597,2026-08-30 23:00:00,6.7,5.0,214.0
Hebbal,13.035,77.597,2026-08-31 00:00:00,5.4,4.0,188.0
Hebbal,13.035,77.597,2026-08-31 01:00:00,4.9,3.6,157.0
Hebbal,13.035,77.597,2026-08-31 02:00:00,4.5,3.3,136.0
Hebbal,13.035,77.597,2026-08-31 03:00:00,4.2,3.0,127.0
Hebbal,13.035,77.597,2026-08-31 04:00:00,3.7,2.6,127.0
Hebbal,13.035,77.597,2026-08-31 05:00:00,3.2,2.3,143.0
Hebbal,13.035,77.597,2026-08-31 06:00:00,4.4,3.2,191.0
Hebbal,13.035,77.597,2026-08-31 07:00:00,4.9,3.5,255.0
Hebbal,13.035,77.597,2026-08-31 08:00:00,5.4,3.6,291.0
Hebbal,13.035,77.597,2026-08-31 09:00:00,6.2,4.1,272.0
Hebbal,13.035,77.597,2026-08-31 10:00:00,6.8,4.2,225.0
Hebbal,13.035,77.597,2026-08-31 11:00:00,7.2,4.4,192.0
Hebbal,13.035,77.597,2026-08-31 12:00:00,6.8,4.2,185.0
Hebbal,13.035,77.597,2026-08-31 13:00:00,6.1,3.8,191.0
Hebbal,13.035,77.597,2026-08-31 14:00:00,6.3,3.8,210.0
Hebbal,13.035,77.597,2026-08-31 15:00:00,7.0,4.1,248.0
Hebbal,13.035,77.597,2026-08-31 16:00:00,7.1,4.2,300.0
Hebbal,13.035,77.597,2026-08-31 17:00:00,10.7,6.3,351.0
Hebbal,13.035,77.597,2026-08-31 18:00:00,11.1,7.7,406.0
Hebbal,13.035,77.597,2026-08-31 19:00:00,12.6,9.4,461.0
Hebbal,13.035,77.597,2026-08-31 20:00:00,13.6,10.5,488.0
Hebbal,13.035,77.597,2026-08-31 21:00:00,14.1,11.1,473.0
Hebbal,13.035,77.597,2026-08-31 22:00:00,13.8,11.0,431.0
Hebbal,13.035,77.597,2026-08-31 23:00:00,12.2,9.6,380.0
Hebbal,13.035,77.597,2026-09-01 00:00:00,10.1,7.9,315.0
Hebbal,13.035,77.597,2026-09-01 01:00:00,7.6,6.0,242.0
Hebbal,13.035,77.597,2026-09-01 02:00:00,5.9,4.8,190.0
Hebbal,13.035,77.597,2026-09-01 03:00:00,5.1,4.1,172.0
Hebbal,13.035,77.597,2026-09-01 04:00:00,4.8,3.9,176.0
Hebbal,13.035,77.597,2026-09-01 05:00:00,4.2,3.4,198.0
Hebbal,13.035,77.597,2026-09-01 06:00:00,5.0,4.2,255.0
Hebbal,13.035,77.597,2026-09-01 07:00:00,5.2,4.2,330.0
Hebbal,13.035,77.597,2026-09-01 08:00:00,5.5,4.1,368.0
Hebbal,13.035,77.597,2026-09-01 09:00:00,6.3,4.4,331.0
Hebbal,13.035,77.597,2026-09-01 10:00:00,7.7,4.9,257.0
Hebbal,13.035,77.597,2026-09-01 11:00:00,8.1,5.0,204.0
Hebbal,13.035,77.597,2026-09-01 12:00:00,7.8,4.8,192.0
Hebbal,13.035,77.597,2026-09-01 13:00:00,7.5,4.7,202.0
Hebbal,13.035,77.597,2026-09-01 14:00:00,7.0,4.5,236.0
Hebbal,13.035,77.597,2026-09-01 15:00:00,6.4,4.2,308.0
Hebbal,13.035,77.597,2026-09-01 16:00:00,6.1,4.2,403.0
Hebbal,13.035,77.597,2026-09-01 17:00:00,2.6,2.3,486.0
Hebbal,13.035,77.597,2026-09-01 18:00:00,3.8,3.7,551.0
Hebbal,13.035,77.597,2026-09-01 19:00:00,6.7,6.4,603.0
Hebbal,13.035,77.597,2026-09-01 20:00:00,8.0,7.6,617.0
Hebbal,13.035,77.597,2026-09-01 21:00:00,8.8,8.2,571.0
Hebbal,13.035,77.597,2026-09-01 22:00:00,9.3,8.5,486.0
Hebbal,13.035,77.597,2026-09-01 23:00:00,9.0,8.1,402.0
Hebbal,13.035,77.597,2026-09-02 00:00:00,8.2,7.3,324.0
Hebbal,13.035,77.597,2026-09-02 01:00:00,7.5,6.6,246.0
Hebbal,13.035,77.597,2026-09-02 02:00:00,6.9,5.9,193.0
Hebbal,13.035,77.597,2026-09-02 03:00:00,6.3,5.3,174.0
Hebbal,13.035,77.597,2026-09-02 04:00:00,5.9,4.9,179.0
Hebbal,13.035,77.597,2026-09-02 05:00:00,5.6,4.7,200.0
Hebbal,13.035,77.597,2026-09-02 06:00:00,6.6,5.5,252.0
Hebbal,13.035,77.597,2026-09-02 07:00:00,7.5,5.6,321.0
Hebbal,13.035,77.597,2026-09-02 08:00:00,9.1,5.9,357.0
Hebbal,13.035,77.597,2026-09-02 09:00:00,11.1,6.4,328.0
Hebbal,13.035,77.597,2026-09-02 10:00:00,13.3,6.8,265.0
Hebbal,13.035,77.597,2026-09-02 11:00:00,14.0,7.1,219.0
Hebbal,13.035,77.597,2026-09-02 12:00:00,13.9,7.1,204.0
Hebbal,13.035,77.597,2026-09-02 13:00:00,13.4,6.8,205.0
Hebbal,13.035,77.597,2026-09-02 14:00:00,12.6,6.5,224.0
Hebbal,13.035,77.597,2026-09-02 15:00:00,11.6,6.2,267.0
Hebbal,13.035,77.597,2026-09-02 16:00:00,10.4,5.7,328.0
Hebbal,13.035,77.597,2026-09-02 17:00:00,14.3,7.6,391.0
Hebbal,13.035,77.597,2026-09-02 18:00:00,12.6,8.4,461.0
Hebbal,13.035,77.597,2026-09-02 19:00:00,12.4,8.8,532.0
Hebbal,13.035,77.597,2026-09-02 20:00:00,12.6,9.2,574.0
Hebbal,13.035,77.597,2026-09-02 21:00:00,12.8,9.3,573.0
Hebbal,13.035,77.597,2026-09-02 22:00:00,12.8,9.1,543.0
Hebbal,13.035,77.597,2026-09-02 23:00:00,12.3,8.5,492.0
Hebbal,13.035,77.597,2026-09-03 00:00:00,11.2,7.7,407.0
Hebbal,13.035,77.597,2026-09-03 01:00:00,9.4,6.5,301.0
Hebbal,13.035,77.597,2026-09-03 02:00:00,8.3,5.8,223.0
Hebbal,13.035,77.597,2026-09-03 03:00:00,7.6,5.3,189.0
Hebbal,13.035,77.597,2026-09-03 04:00:00,7.4,5.2,184.0
Hebbal,13.035,77.597,2026-09-03 05:00:00,6.9,5.0,202.0
Hebbal,13.035,77.597,2026-09-03 06:00:00,8.2,6.2,266.0
Hebbal,13.035,77.597,2026-09-03 07:00:00,9.3,6.5,355.0
Hebbal,13.035,77.597,2026-09-03 08:00:00,10.5,7.1,401.0
Hebbal,13.035,77.597,2026-09-03 09:00:00,12.6,7.5,360.0
Hebbal,13.035,77.597,2026-09-03 10:00:00,14.4,7.4,275.0
Hebbal,13.035,77.597,2026-09-03 11:00:00,15.5,7.6,212.0
Hebbal,13.035,77.597,2026-09-03 12:00:00,15.4,7.6,189.0
Hebbal,13.035,77.597,2026-09-03 13:00:00,17.9,8.6,188.0
Hebbal,13.035,77.597,2026-09-03 14:00:00,14.1,7.2,217.0
Hebbal,13.035,77.597,2026-09-03 15:00:00,13.1,6.8,293.0
Hebbal,13.035,77.597,2026-09-03 16:00:00,12.4,6.4,399.0
Hebbal,13.035,77.597,2026-09-03 17:00:00,15.0,8.1,491.0
Hebbal,13.035,77.597,2026-09-03 18:00:00,14.2,9.3,565.0
Hebbal,13.035,77.597,2026-09-03 19:00:00,13.8,10.0,625.0
Hebbal,13.035,77.597,2026-09-03 20:00:00,13.8,10.7,635.0
Hebbal,13.035,77.597,2026-09-03 21:00:00,14.1,11.2,560.0
Hebbal,13.035,77.597,2026-09-03 22:00:00,14.1,11.3,436.0
Hebbal,13.035,77.597,2026-09-03 23:00:00,13.3,10.6,329.0
Hebbal,13.035,77.597,2026-09-04 00:00:00,12.0,9.4,262.0
Hebbal,13.035,77.597,2026-09-04 01:00:00,10.7,8.3,214.0
Hebbal,13.035,77.597,2026-09-04 02:00:00,9.6,7.5,184.0
Hebbal,13.035,77.597,2026-09-04 03:00:00,8.8,6.8,175.0
Hebbal,13.035,77.597,2026-09-04 04:00:00,8.3,6.5,186.0
Hebbal,13.035,77.597,2026-09-04 05:00:00,6.1,4.9,210.0
Hebbal,13.035,77.597,2026-09-04 06:00:00,7.1,5.9,261.0
Hebbal,13.035,77.597,2026-09-04 07:00:00,6.9,5.5,325.0
Hebbal,13.035,77.597,2026-09-04 08:00:00,6.4,4.7,358.0
Hebbal,13.035,77.597,2026-09-04 09:00:00,6.9,4.6,329.0
Hebbal,13.035,77.597,2026-09-04 10:00:00,8.0,5.0,268.0
Hebbal,13.035,77.597,2026-09-04 11:00:00,8.1,4.9,222.0
Hebbal,13.035,77.597,2026-09-04 12:00:00,7.8,4.7,207.0
Hebbal,13.035,77.597,2026-09-04 13:00:00,7.4,4.5,208.0
Hebbal,13.035,77.597,2026-09-04 14:00:00,7.0,4.4,222.0
Hebbal,13.035,77.597,2026-09-04 15:00:00,7.9,4.6,238.0
Hebbal,13.035,77.597,2026-09-04 16:00:00,6.4,4.1,268.0
Hebbal,13.035,77.597,2026-09-04 17:00:00,5.5,4.0,347.0
Hebbal,13.035,77.597,2026-09-04 18:00:00,7.2,5.8,535.0
Hebbal,13.035,77.597,2026-09-04 19:00:00,8.7,7.6,772.0
Hebbal,13.035,77.597,2026-09-04 20:00:00,8.9,7.9,911.0
Hebbal,13.035,77.597,2026-09-04 21:00:00,11.4,10.4,870.0
Hebbal,13.035,77.597,2026-09-04 22:00:00,11.4,10.3,730.0
Hebbal,13.035,77.597,2026-09-04 23:00:00,10.0,8.8,588.0
Hebbal,13.035,77.597,2026-09-05 00:00:00,8.8,7.5,462.0
Hebbal,13.035,77.597,2026-09-05 01:00:00,8.0,6.5,335.0
Hebbal,13.035,77.597,2026-09-05 02:00:00,7.5,5.9,249.0
Hebbal,13.035,77.597,2026-09-05 03:00:00,7.5,5.7,227.0
Hebbal,13.035,77.597,2026-09-05 04:00:00,7.8,5.9,246.0
Hebbal,13.035,77.597,2026-09-05 05:00:00,11.2,9.1,280.0
Hebbal,13.035,77.597,2026-09-05 06:00:00,11.8,9.5,341.0
Hebbal,13.035,77.597,2026-09-05 07:00:00,10.8,7.7,417.0
Hebbal,13.035,77.597,2026-09-05 08:00:00,10.9,7.0,449.0
Hebbal,13.035,77.597,2026-09-05 09:00:00,12.2,7.2,393.0
Hebbal,13.035,77.597,2026-09-05 10:00:00,14.1,7.4,293.0
Hebbal,13.035,77.597,2026-09-05 11:00:00,15.1,7.6,219.0
Hebbal,13.035,77.597,2026-09-05 12:00:00,14.5,7.3,200.0
Hebbal,13.035,77.597,2026-09-05 13:00:00,13.6,7.0,206.0
Hebbal,13.035,77.597,2026-09-05 14:00:00,13.3,6.9,224.0
Hebbal,13.035,77.597,2026-09-05 15:00:00,13.0,6.8,233.0
Hebbal,13.035,77.597,2026-09-05 16:00:00,13.6,7.2,253.0
Hebbal,13.035,77.597,2026-09-05 17:00:00,7.3,4.6,326.0
Hebbal,13.035,77.597,2026-09-05 18:00:00,8.8,6.0,530.0
Hebbal,13.035,77.597,2026-09-05 19:00:00,12.7,10.2,787.0
Hebbal,13.035,77.597,2026-09-05 20:00:00,14.4,11.8,908.0
Hebbal,13.035,77.597,2026-09-05 21:00:00,14.6,11.9,763.0
Hebbal,13.035,77.597,2026-09-05 22:00:00,13.7,11.1,482.0
Hebbal,13.035,77.597,2026-09-05 23:00:00,12.5,9.6,263.0
Hebbal,13.035,77.597,2026-09-06 00:00:00,11.6,8.6,191.0
Hebbal,13.035,77.597,2026-09-06 01:00:00,11.5,8.1,181.0
Hebbal,13.035,77.597,2026-09-06 02:00:00,11.8,8.0,180.0
Hebbal,13.035,77.597,2026-09-06 03:00:00,12.2,8.1,169.0
Hebbal,13.035,77.597,2026-09-06 04:00:00,13.1,8.5,168.0
Hebbal,13.035,77.597,2026-09-06 05:00:00,17.3,10.9,179.0
Hebbal,13.035,77.597,2026-09-06 06:00:00,18.1,11.6,215.0
Hebbal,13.035,77.597,2026-09-06 07:00:00,20.5,11.6,264.0
Hebbal,13.035,77.597,2026-09-06 08:00:00,23.0,11.9,289.0
Hebbal,13.035,77.597,2026-09-06 09:00:00,25.5,12.1,266.0
Hebbal,13.035,77.597,2026-09-06 10:00:00,27.5,12.2,218.0
Hebbal,13.035,77.597,2026-09-06 11:00:00,25.7,11.6,183.0
Hebbal,13.035,77.597,2026-09-06 12:00:00,24.6,11.2,173.0
Hebbal,13.035,77.597,2026-09-06 13:00:00,24.9,11.3,175.0
Hebbal,13.035,77.597,2026-09-06 14:00:00,25.6,11.6,183.0
Hebbal,13.035,77.597,2026-09-06 15:00:00,26.0,11.9,185.0
Hebbal,13.035,77.597,2026-09-06 16:00:00,26.9,12.6,193.0
Hebbal,13.035,77.597,2026-09-06 17:00:00,29.2,13.6,240.0
Hebbal,13.035,77.597,2026-09-06 18:00:00,27.6,15.0,375.0
Hebbal,13.035,77.597,2026-09-06 19:00:00,30.0,18.9,549.0
Hebbal,13.035,77.597,2026-09-06 20:00:00,30.7,20.4,640.0
Hebbal,13.035,77.597,2026-09-06 21:00:00,29.8,20.7,572.0
Hebbal,13.035,77.597,2026-09-06 22:00:00,27.4,19.7,421.0
Hebbal,13.035,77.597,2026-09-06 23:00:00,22.6,16.6,296.0
Hebbal,13.035,77.597,2026-09-07 00:00:00,17.0,12.7,238.0
Hebbal,13.035,77.597,2026-09-07 01:00:00,13.0,9.8,206.0
Hebbal,13.035,77.597,2026-09-07 02:00:00,10.7,7.9,188.0
Hebbal,13.035,77.597,2026-09-07 03:00:00,9.2,6.6,178.0
Hebbal,13.035,77.597,2026-09-07 04:00:00,8.8,6.0,182.0
Hebbal,13.035,77.597,2026-09-07 05:00:00,9.7,6.0,200.0
Hebbal,13.035,77.597,2026-09-07 06:00:00,12.4,7.2,246.0
Hebbal,13.035,77.597,2026-09-07 07:00:00,15.7,8.6,306.0
Hebbal,13.035,77.597,2026-09-07 08:00:00,21.1,10.1,337.0
Hebbal,13.035,77.597,2026-09-07 09:00:00,26.5,11.5,309.0
Hebbal,13.035,77.597,2026-09-07 10:00:00,30.4,12.8,252.0
Hebbal,13.035,77.597,2026-09-07 11:00:00,32.4,13.6,209.0
Hebbal,13.035,77.597,2026-09-07 12:00:00,33.1,14.2,196.0
Hebbal,13.035,77.597,2026-09-07 13:00:00,32.2,14.3,197.0
Hebbal,13.035,77.597,2026-09-07 14:00:00,30.4,13.9,210.0
Hebbal,13.035,77.597,2026-09-07 15:00:00,29.0,13.6,233.0
Hebbal,13.035,77.597,2026-09-07 16:00:00,27.8,13.4,268.0
Hebbal,13.035,77.597,2026-09-07 17:00:00,26.8,13.2,315.0
Hebbal,13.035,77.597,2026-09-07 18:00:00,26.8,15.2,397.0
Hebbal,13.035,77.597,2026-09-07 19:00:00,28.3,18.7,492.0
Hebbal,13.035,77.597,2026-09-07 20:00:00,28.5,19.6,533.0
Hebbal,13.035,77.597,2026-09-07 21:00:00,27.2,19.3,474.0
Hebbal,13.035,77.597,2026-09-07 22:00:00,24.9,18.1,362.0
Hebbal,13.035,77.597,2026-09-07 23:00:00,21.7,15.7,268.0
Hebbal,13.035,77.597,2026-09-08 00:00:00,18.8,13.2,219.0
Hebbal,13.035,77.597,2026-09-08 01:00:00,17.7,11.9,188.0
Hebbal,13.035,77.597,2026-09-08 02:00:00,17.3,11.1,172.0
Hebbal,13.035,77.597,2026-09-08 03:00:00,16.8,10.2,167.0
Hebbal,13.035,77.597,2026-09-08 04:00:00,17.4,10.0,176.0
Hebbal,13.035,77.597,2026-09-08 05:00:00,18.0,9.4,202.0
Hebbal,13.035,77.597,2026-09-08 06:00:00,19.7,10.3,264.0
Hebbal,13.035,77.597,2026-09-08 07:00:00,22.5,10.7,343.0
Hebbal,13.035,77.597,2026-09-08 08:00:00,23.8,11.3,382.0
Hebbal,13.035,77.597,2026-09-08 09:00:00,25.5,11.8,344.0
Hebbal,13.035,77.597,2026-09-08 10:00:00,27.9,12.7,267.0
Hebbal,13.035,77.597,2026-09-08 11:00:00,29.3,13.5,210.0
Hebbal,13.035,77.597,2026-09-08 12:00:00,29.2,13.8,194.0
Hebbal,13.035,77.597,2026-09-08 13:00:00,27.4,13.6,197.0
Hebbal,13.035,77.597,2026-09-08 14:00:00,24.3,12.6,212.0
Hebbal,13.035,77.597,2026-09-08 15:00:00,21.7,11.6,245.0
Hebbal,13.035,77.597,2026-09-08 16:00:00,15.8,9.0,291.0
Hebbal,13.035,77.597,2026-09-08 17:00:00,17.6,10.1,324.0
Hebbal,13.035,77.597,2026-09-08 18:00:00,15.2,9.8,333.0
Hebbal,13.035,77.597,2026-09-08 19:00:00,15.3,10.5,331.0
Hebbal,13.035,77.597,2026-09-08 20:00:00,15.5,11.1,329.0
Hebbal,13.035,77.597,2026-09-08 21:00:00,16.8,11.8,338.0
Hebbal,13.035,77.597,2026-09-08 22:00:00,17.5,12.0,348.0
Hebbal,13.035,77.597,2026-09-08 23:00:00,16.7,11.3,339.0
Hebbal,13.035,77.597,2026-09-09 00:00:00,15.1,10.0,290.0
Hebbal,13.035,77.597,2026-09-09 01:00:00,13.7,8.9,221.0
Hebbal,13.035,77.597,2026-09-09 02:00:00,12.3,7.7,174.0
Hebbal,13.035,77.597,2026-09-09 03:00:00,11.9,7.3,168.0
Hebbal,13.035,77.597,2026-09-09 04:00:00,12.0,7.1,184.0
Hebbal,13.035,77.597,2026-09-09 05:00:00,12.3,7.1,207.0
Hebbal,13.035,77.597,2026-09-09 06:00:00,13.4,7.7,244.0
Hebbal,13.035,77.597,2026-09-09 07:00:00,15.1,8.3,288.0
Hebbal,13.035,77.597,2026-09-09 08:00:00,20.7,9.5,309.0
Hebbal,13.035,77.597,2026-09-09 09:00:00,24.9,10.7,283.0
Hebbal,13.035,77.597,2026-09-09 10:00:00,28.5,11.7,235.0
Hebbal,13.035,77.597,2026-09-09 11:00:00,29.2,12.2,200.0
Hebbal,13.035,77.597,2026-09-09 12:00:00,27.9,11.8,194.0
Hebbal,13.035,77.597,2026-09-09 13:00:00,26.5,11.5,202.0
Hebbal,13.035,77.597,2026-09-09 14:00:00,25.0,11.2,221.0
Hebbal,13.035,77.597,2026-09-09 15:00:00,23.3,10.7,249.0
Hebbal,13.035,77.597,2026-09-09 16:00:00,22.8,10.7,287.0
Hebbal,13.035,77.597,2026-09-09 17:00:00,34.5,15.0,333.0
Hebbal,13.035,77.597,2026-09-09 18:00:00,31.3,16.9,403.0
Hebbal,13.035,77.597,2026-09-09 19:00:00,32.4,20.2,481.0
Hebbal,13.035,77.597,2026-09-09 20:00:00,31.7,20.5,511.0
Hebbal,13.035,77.597,2026-09-09 21:00:00,28.9,19.2,454.0
Hebbal,13.035,77.597,2026-09-09 22:00:00,25.6,17.5,350.0
Hebbal,13.035,77.597,2026-09-09 23:00:00,21.5,15.0,264.0
Hebbal,13.035,77.597,2026-09-10 00:00:00,17.7,12.7,222.0
Hebbal,13.035,77.597,2026-09-10 01:00:00,15.0,11.1,198.0
Hebbal,13.035,77.597,2026-09-10 02:00:00,13.0,9.7,185.0
Hebbal,13.035,77.597,2026-09-10 03:00:00,11.4,8.6,181.0
Hebbal,13.035,77.597,2026-09-10 04:00:00,10.4,7.9,187.0
Hebbal,13.035,77.597,2026-09-10 05:00:00,10.4,7.7,204.0
Hebbal,13.035,77.597,2026-09-10 06:00:00,11.3,8.4,243.0
Hebbal,13.035,77.597,2026-09-10 07:00:00,13.0,8.6,292.0
Hebbal,13.035,77.597,2026-09-10 08:00:00,16.2,8.9,318.0
Hebbal,13.035,77.597,2026-09-10 09:00:00,21.7,10.9,297.0
Hebbal,13.035,77.597,2026-09-10 10:00:00,25.8,12.8,252.0
Hebbal,13.035,77.597,2026-09-10 11:00:00,27.8,13.9,220.0
Hebbal,13.035,77.597,2026-09-10 12:00:00,27.6,14.0,211.0
Hebbal,13.035,77.597,2026-09-10 13:00:00,26.4,13.6,213.0
Hebbal,13.035,77.597,2026-09-10 14:00:00,25.4,13.6,232.0
Hebbal,13.035,77.597,2026-09-10 15:00:00,25.1,13.7,269.0
Hebbal,13.035,77.597,2026-09-10 16:00:00,25.3,14.1,322.0
Hebbal,13.035,77.597,2026-09-10 17:00:00,26.5,14.2,385.0
Hebbal,13.035,77.597,2026-09-10 18:00:00,25.5,16.1,473.0
Hebbal,13.035,77.597,2026-09-10 19:00:00,27.4,19.2,570.0
Hebbal,13.035,77.597,2026-09-10 20:00:00,28.0,20.5,626.0
Hebbal,13.035,77.597,2026-09-10 21:00:00,27.6,20.4,613.0
Hebbal,13.035,77.597,2026-09-10 22:00:00,26.6,19.6,559.0
Hebbal,13.035,77.597,2026-09-10 23:00:00,25.3,18.2,493.0
Hebbal,13.035,77.597,2026-09-11 00:00:00,24.0,16.8,411.0
Hebbal,13.035,77.597,2026-09-11 01:00:00,23.0,15.8,316.0
Hebbal,13.035,77.597,2026-09-11 02:00:00,22.4,14.9,252.0
Hebbal,13.035,77.597,2026-09-11 03:00:00,21.8,14.2,240.0
Hebbal,13.035,77.597,2026-09-11 04:00:00,21.5,13.6,258.0
Hebbal,13.035,77.597,2026-09-11 05:00:00,21.2,13.1,280.0
Hebbal,13.035,77.597,2026-09-11 06:00:00,20.7,12.5,306.0
Hebbal,13.035,77.597,2026-09-11 07:00:00,22.2,12.3,335.0
Hebbal,13.035,77.597,2026-09-11 08:00:00,23.9,12.5,345.0
Hebbal,13.035,77.597,2026-09-11 09:00:00,27.8,14.0,315.0
Hebbal,13.035,77.597,2026-09-11 10:00:00,31.9,16.6,266.0
Hebbal,13.035,77.597,2026-09-11 11:00:00,33.3,17.6,230.0
Hebbal,13.035,77.597,2026-09-11 12:00:00,32.6,17.2,220.0
Hebbal,13.035,77.597,2026-09-11 13:00:00,30.6,16.4,225.0
Hebbal,13.035,77.597,2026-09-11 14:00:00,28.8,15.7,238.0
Hebbal,13.035,77.597,2026-09-11 15:00:00,27.8,15.2,249.0
Hebbal,13.035,77.597,2026-09-11 16:00:00,27.9,15.4,269.0
Hebbal,13.035,77.597,2026-09-11 17:00:00,26.0,14.6,330.0
Hebbal,13.035,77.597,2026-09-11 18:00:00,26.7,17.8,482.0
Hebbal,13.035,77.597,2026-09-11 19:00:00,32.6,23.8,673.0
Hebbal,13.035,77.597,2026-09-11 20:00:00,36.1,27.1,786.0
Hebbal,13.035,77.597,2026-09-11 21:00:00,36.3,27.4,752.0
Hebbal,13.035,77.597,2026-09-11 22:00:00,35.0,26.2,639.0
Hebbal,13.035,77.597,2026-09-11 23:00:00,31.8,23.0,527.0
Hebbal,13.035,77.597,2026-09-12 00:00:00,27.8,19.3,433.0
Hebbal,13.035,77.597,2026-09-12 01:00:00,25.0,16.8,340.0
Hebbal,13.035,77.597,2026-09-12 02:00:00,23.2,15.5,275.0
Hebbal,13.035,77.597,2026-09-12 03:00:00,21.8,14.6,250.0
Hebbal,13.035,77.597,2026-09-12 04:00:00,20.7,14.0,254.0
Hebbal,13.035,77.597,2026-09-12 05:00:00,17.5,11.9,277.0
Hebbal,13.035,77.597,2026-09-12 06:00:00,18.1,12.5,339.0
Hebbal,13.035,77.597,2026-09-12 07:00:00,20.6,12.4,421.0
Hebbal,13.035,77.597,2026-09-12 08:00:00,23.2,13.0,460.0
Hebbal,13.035,77.597,2026-09-12 09:00:00,26.7,14.0,413.0
Hebbal,13.035,77.597,2026-09-12 10:00:00,29.3,14.7,323.0
Hebbal,13.035,77.597,2026-09-12 11:00:00,29.5,14.6,256.0
Hebbal,13.035,77.597,2026-09-12 12:00:00,27.3,13.9,236.0
Hebbal,13.035,77.597,2026-09-12 13:00:00,25.8,13.5,239.0
Hebbal,13.035,77.597,2026-09-12 14:00:00,25.2,13.4,255.0
Hebbal,13.035,77.597,2026-09-12 15:00:00,24.9,13.5,278.0
Hebbal,13.035,77.597,2026-09-12 16:00:00,25.2,13.9,314.0
Hebbal,13.035,77.597,2026-09-12 17:00:00,19.8,12.6,378.0
Hebbal,13.035,77.597,2026-09-12 18:00:00,20.2,14.4,507.0
Hebbal,13.035,77.597,2026-09-12 19:00:00,23.6,18.3,664.0
Hebbal,13.035,77.597,2026-09-12 20:00:00,24.5,19.3,743.0
Hebbal,13.035,77.597,2026-09-12 21:00:00,22.8,18.0,679.0
Hebbal,13.035,77.597,2026-09-12 22:00:00,19.7,15.9,537.0
Hebbal,13.035,77.597,2026-09-12 23:00:00,16.1,13.3,415.0
Hebbal,13.035,77.597,2026-09-13 00:00:00,12.8,10.7,346.0
Hebbal,13.035,77.597,2026-09-13 01:00:00,10.4,8.7,297.0
Hebbal,13.035,77.597,2026-09-13 02:00:00,9.1,7.4,262.0
Hebbal,13.035,77.597,2026-09-13 03:00:00,8.4,6.7,239.0
Hebbal,13.035,77.597,2026-09-13 04:00:00,8.4,6.4,230.0
Hebbal,13.035,77.597,2026-09-13 05:00:00,8.6,6.6,237.0
Hebbal,13.035,77.597,2026-09-13 06:00:00,10.0,7.4,276.0
Hebbal,13.035,77.597,2026-09-13 07:00:00,12.1,7.9,331.0
Hebbal,13.035,77.597,2026-09-13 08:00:00,15.2,8.9,357.0
Hebbal,13.035,77.597,2026-09-13 09:00:00,17.8,9.7,323.0
Hebbal,13.035,77.597,2026-09-13 10:00:00,18.7,10.1,260.0
Hebbal,13.035,77.597,2026-09-13 11:00:00,19.2,10.5,213.0
Hebbal,13.035,77.597,2026-09-13 12:00:00,19.5,10.9,202.0
Hebbal,13.035,77.597,2026-09-13 13:00:00,19.3,10.9,208.0
Hebbal,13.035,77.597,2026-09-13 14:00:00,18.7,10.7,220.0
Hebbal,13.035,77.597,2026-09-13 15:00:00,18.0,10.4,222.0
Hebbal,13.035,77.597,2026-09-13 16:00:00,17.4,10.1,230.0
Hebbal,13.035,77.597,2026-09-13 17:00:00,23.2,12.6,288.0
Hebbal,13.035,77.597,2026-09-13 18:00:00,23.9,15.5,445.0
Hebbal,13.035,77.597,2026-09-13 19:00:00,27.9,20.0,651.0
Hebbal,13.035,77.597,2026-09-13 20:00:00,28.2,20.4,803.0
Hebbal,13.035,77.597,2026-09-13 21:00:00,28.1,20.3,865.0
Hebbal,13.035,77.597,2026-09-13 22:00:00,27.4,19.4,874.0
Hebbal,13.035,77.597,2026-09-13 23:00:00,24.9,17.0,833.0
Hebbal,13.035,77.597,2026-09-14 00:00:00,23.1,15.2,718.0
Hebbal,13.035,77.597,2026-09-14 01:00:00,22.5,14.4,555.0
Hebbal,13.035,77.597,2026-09-14 02:00:00,22.6,14.5,421.0
Hebbal,13.035,77.597,2026-09-14 03:00:00,24.0,15.8,338.0
Hebbal,13.035,77.597,2026-09-14 04:00:00,26.6,18.3,285.0
Hebbal,13.035,77.597,2026-09-14 05:00:00,26.3,18.4,281.0
Hebbal,13.035,77.597,2026-09-14 06:00:00,27.6,19.8,369.0
Hebbal,13.035,77.597,2026-09-14 07:00:00,24.2,15.2,506.0
Hebbal,13.035,77.597,2026-09-14 08:00:00,24.9,12.5,578.0
Hebbal,13.035,77.597,2026-09-14 09:00:00,28.5,13.1,515.0
Hebbal,13.035,77.597,2026-09-14 10:00:00,29.7,13.4,388.0
Hebbal,13.035,77.597,2026-09-14 11:00:00,29.5,13.8,294.0
Hebbal,13.035,77.597,2026-09-14 12:00:00,29.1,13.9,268.0
Hebbal,13.035,77.597,2026-09-14 13:00:00,29.1,14.2,275.0
Hebbal,13.035,77.597,2026-09-14 14:00:00,28.9,14.4,310.0
Hebbal,13.035,77.597,2026-09-14 15:00:00,30.4,15.3,383.0
Hebbal,13.035,77.597,2026-09-14 16:00:00,31.4,15.8,485.0
Hebbal,13.035,77.597,2026-09-14 17:00:00,18.9,10.6,580.0
Hebbal,13.035,77.597,2026-09-14 18:00:00,22.9,15.9,677.0
Hebbal,13.035,77.597,2026-09-14 19:00:00,26.2,21.5,768.0
Hebbal,13.035,77.597,2026-09-14 20:00:00,26.4,23.6,794.0
Hebbal,13.035,77.597,2026-09-14 21:00:00,27.2,25.6,707.0
Hebbal,13.035,77.597,2026-09-14 22:00:00,27.4,26.4,554.0
Hebbal,13.035,77.597,2026-09-14 23:00:00,26.8,25.9,426.0
Hebbal,13.035,77.597,2026-09-15 00:00:00,27.0,25.8,353.0
Hebbal,13.035,77.597,2026-09-15 01:00:00,28.1,26.7,304.0
Hebbal,13.035,77.597,2026-09-15 02:00:00,28.8,27.1,271.0
Hebbal,13.035,77.597,2026-09-15 03:00:00,29.8,27.6,251.0
Hebbal,13.035,77.597,2026-09-15 04:00:00,30.7,28.1,247.0
Hebbal,13.035,77.597,2026-09-15 05:00:00,13.3,11.2,266.0
Hebbal,13.035,77.597,2026-09-15 06:00:00,16.4,12.7,330.0
Hebbal,13.035,77.597,2026-09-15 07:00:00,19.8,13.6,417.0
Hebbal,13.035,77.597,2026-09-15 08:00:00,25.7,15.9,467.0
Hebbal,13.035,77.597,2026-09-15 09:00:00,27.6,16.8,443.0
Hebbal,13.035,77.597,2026-09-15 10:00:00,25.3,15.4,382.0
Hebbal,13.035,77.597,2026-09-15 11:00:00,22.5,13.9,338.0
Hebbal,13.035,77.597,2026-09-15 12:00:00,20.5,12.9,320.0
Hebbal,13.035,77.597,2026-09-15 13:00:00,19.0,12.2,318.0
Hebbal,13.035,77.597,2026-09-15 14:00:00,18.6,12.2,357.0
Hebbal,13.035,77.597,2026-09-15 15:00:00,18.5,12.3,461.0
Hebbal,13.035,77.597,2026-09-15 16:00:00,18.1,12.2,604.0
Hebbal,13.035,77.597,2026-09-15 17:00:00,29.3,18.3,737.0
Hebbal,13.035,77.597,2026-09-15 18:00:00,30.9,21.1,864.0
Hebbal,13.035,77.597,2026-09-15 19:00:00,34.9,26.9,980.0
Hebbal,13.035,77.597,2026-09-15 20:00:00,26.8,23.1,1018.0
Hebbal,13.035,77.597,2026-09-15 21:00:00,21.6,18.9,922.0
Hebbal,13.035,77.597,2026-09-15 22:00:00,20.4,17.6,748.0
Hebbal,13.035,77.597,2026-09-15 23:00:00,20.6,17.7,592.0
Hebbal,13.035,77.597,2026-09-16 00:00:00,20.1,17.8,486.0
Hebbal,13.035,77.597,2026-09-16 01:00:00,18.3,15.7,398.0
Hebbal,13.035,77.597,2026-09-16 02:00:00,16.7,14.1,335.0
Hebbal,13.035,77.597,2026-09-16 03:00:00,16.2,13.3,292.0
Hebbal,13.035,77.597,2026-09-16 04:00:00,16.2,13.0,273.0
Hebbal,13.035,77.597,2026-09-16 05:00:00,14.6,10.2,294.0
Hebbal,13.035,77.597,2026-09-16 06:00:00,15.7,11.8,396.0
Hebbal,13.035,77.597,2026-09-16 07:00:00,16.1,12.1,538.0
Hebbal,13.035,77.597,2026-09-16 08:00:00,18.9,13.1,609.0
Hebbal,13.035,77.597,2026-09-16 09:00:00,21.1,13.8,536.0
Hebbal,13.035,77.597,2026-09-16 10:00:00,20.8,13.4,393.0
Hebbal,13.035,77.597,2026-09-16 11:00:00,20.1,13.2,290.0
Hebbal,13.035,77.597,2026-09-16 12:00:00,18.2,12.1,275.0
Hebbal,13.035,77.597,2026-09-16 13:00:00,17.1,11.6,300.0
Hebbal,13.035,77.597,2026-09-16 14:00:00,16.6,11.4,335.0
Hebbal,13.035,77.597,2026-09-16 15:00:00,16.5,11.4,343.0
Hebbal,13.035,77.597,2026-09-16 16:00:00,15.8,11.1,360.0
Hebbal,13.035,77.597,2026-09-16 17:00:00,6.1,5.5,462.0
Hebbal,13.035,77.597,2026-09-16 18:00:00,16.7,16.1,769.0
Hebbal,13.035,77.597,2026-09-16 19:00:00,36.7,35.4,1160.0
Hebbal,13.035,77.597,2026-09-16 20:00:00,51.8,50.3,1347.0
Hebbal,13.035,77.597,2026-09-16 21:00:00,58.6,57.2,1136.0
Hebbal,13.035,77.597,2026-09-16 22:00:00,48.3,47.0,722.0
Hebbal,13.035,77.597,2026-09-16 23:00:00,41.2,39.9,399.0
Hebbal,13.035,77.597,2026-09-17 00:00:00,34.8,34.0,292.0
Hebbal,13.035,77.597,2026-09-17 01:00:00,29.2,28.3,277.0
Hebbal,13.035,77.597,2026-09-17 02:00:00,23.3,22.5,279.0
Hebbal,13.035,77.597,2026-09-17 03:00:00,19.1,18.3,275.0
Hebbal,13.035,77.597,2026-09-17 04:00:00,16.4,15.6,288.0
Hebbal,13.035,77.597,2026-09-17 05:00:00,10.1,9.3,314.0
Hebbal,13.035,77.597,2026-09-17 06:00:00,11.3,10.4,367.0
Hebbal,13.035,77.597,2026-09-17 07:00:00,9.8,8.8,433.0
Hebbal,13.035,77.597,2026-09-17 08:00:00,7.7,6.4,461.0
Hebbal,13.035,77.597,2026-09-17 09:00:00,7.7,5.9,414.0
Hebbal,13.035,77.597,2026-09-17 10:00:00,7.8,5.9,328.0
Hebbal,13.035,77.597,2026-09-17 11:00:00,7.6,5.7,264.0
Hebbal,13.035,77.597,2026-09-17 12:00:00,7.3,5.6,230.0
Hebbal,13.035,77.597,2026-09-17 13:00:00,6.7,5.3,218.0
Hebbal,13.035,77.597,2026-09-17 14:00:00,6.8,5.4,261.0
Hebbal,13.035,77.597,2026-09-17 15:00:00,6.9,5.5,394.0
Hebbal,13.035,77.597,2026-09-17 16:00:00,7.1,5.7,582.0
Hebbal,13.035,77.597,2026-09-17 17:00:00,11.8,9.0,756.0
Hebbal,13.035,77.597,2026-09-17 18:00:00,13.8,11.2,924.0
Hebbal,13.035,77.597,2026-09-17 19:00:00,13.6,11.0,1079.0
Hebbal,13.035,77.597,2026-09-17 20:00:00,14.4,11.7,1130.0
Hebbal,13.035,77.597,2026-09-17 21:00:00,11.9,10.1,1004.0
Hebbal,13.035,77.597,2026-09-17 22:00:00,10.2,8.9,775.0
Hebbal,13.035,77.597,2026-09-17 23:00:00,8.5,7.5,568.0
Hebbal,13.035,77.597,2026-09-18 00:00:00,7.2,6.3,421.0
Hebbal,13.035,77.597,2026-09-18 01:00:00,6.9,5.7,296.0
Hebbal,13.035,77.597,2026-09-18 02:00:00,7.3,5.6,210.0
Hebbal,13.035,77.597,2026-09-18 03:00:00,8.0,5.6,175.0
Hebbal,13.035,77.597,2026-09-18 04:00:00,8.9,5.7,177.0
Hebbal,13.035,77.597,2026-09-18 05:00:00,8.8,5.4,196.0
Hebbal,13.035,77.597,2026-09-18 06:00:00,11.4,6.2,237.0
Hebbal,13.035,77.597,2026-09-18 07:00:00,13.6,7.0,294.0
Hebbal,13.035,77.597,2026-09-18 08:00:00,15.7,7.7,324.0
Hebbal,13.035,77.597,2026-09-18 09:00:00,17.5,8.4,299.0
Hebbal,13.035,77.597,2026-09-18 10:00:00,18.9,8.9,248.0
Hebbal,13.035,77.597,2026-09-18 11:00:00,18.6,8.9,211.0
Hebbal,13.035,77.597,2026-09-18 12:00:00,17.7,8.8,201.0
Hebbal,13.035,77.597,2026-09-18 13:00:00,17.5,8.9,206.0
Hebbal,13.035,77.597,2026-09-18 14:00:00,16.9,9.0,233.0
Hebbal,13.035,77.597,2026-09-18 15:00:00,15.7,8.5,287.0
Hebbal,13.035,77.597,2026-09-18 16:00:00,14.9,8.3,362.0
Hebbal,13.035,77.597,2026-09-18 17:00:00,11.1,6.6,447.0
Hebbal,13.035,77.597,2026-09-18 18:00:00,13.3,9.1,561.0
Hebbal,13.035,77.597,2026-09-18 19:00:00,16.6,12.5,686.0
Hebbal,13.035,77.597,2026-09-18 20:00:00,21.0,16.6,749.0
Hebbal,13.035,77.597,2026-09-18 21:00:00,23.1,18.8,706.0
Hebbal,13.035,77.597,2026-09-18 22:00:00,22.0,18.3,602.0
Hebbal,13.035,77.597,2026-09-18 23:00:00,19.3,16.1,502.0
Hebbal,13.035,77.597,2026-09-19 00:00:00,15.5,12.8,424.0
Hebbal,13.035,77.597,2026-09-19 01:00:00,12.6,10.2,349.0
Hebbal,13.035,77.597,2026-09-19 02:00:00,10.4,8.1,289.0
Hebbal,13.035,77.597,2026-09-19 03:00:00,8.8,6.5,242.0
Hebbal,13.035,77.597,2026-09-19 04:00:00,8.1,5.6,209.0
Hebbal,13.035,77.597,2026-09-19 05:00:00,8.3,5.8,203.0
Hebbal,13.035,77.597,2026-09-19 06:00:00,9.0,6.2,247.0
Hebbal,13.035,77.597,2026-09-19 07:00:00,10.7,6.7,319.0
Hebbal,13.035,77.597,2026-09-19 08:00:00,12.9,7.5,358.0
Hebbal,13.035,77.597,2026-09-19 09:00:00,14.3,8.1,330.0
Hebbal,13.035,77.597,2026-09-19 10:00:00,15.2,8.8,270.0
Hebbal,13.035,77.597,2026-09-19 11:00:00,15.1,8.9,226.0
Hebbal,13.035,77.597,2026-09-19 12:00:00,14.5,8.7,207.0
Hebbal,13.035,77.597,2026-09-19 13:00:00,13.9,8.4,205.0
Hebbal,13.035,77.597,2026-09-19 14:00:00,13.1,8.0,238.0
Hebbal,13.035,77.597,2026-09-19 15:00:00,13.2,8.2,334.0
Hebbal,13.035,77.597,2026-09-19 16:00:00,15.8,10.1,466.0
Hebbal,13.035,77.597,2026-09-19 17:00:00,11.8,7.5,572.0
Hebbal,13.035,77.597,2026-09-19 18:00:00,13.1,9.6,623.0
Hebbal,13.035,77.597,2026-09-19 19:00:00,17.3,14.6,648.0
Hebbal,13.035,77.597,2026-09-19 20:00:00,20.7,18.0,675.0
Hebbal,13.035,77.597,2026-09-19 21:00:00,21.7,19.3,735.0
Hebbal,13.035,77.597,2026-09-19 22:00:00,19.3,17.2,797.0
Hebbal,13.035,77.597,2026-09-19 23:00:00,15.8,13.9,796.0
Hebbal,13.035,77.597,2026-09-20 00:00:00,14.3,12.3,676.0
Hebbal,13.035,77.597,2026-09-20 01:00:00,13.3,11.3,493.0
Hebbal,13.035,77.597,2026-09-20 02:00:00,13.1,11.1,344.0
Hebbal,13.035,77.597,2026-09-20 03:00:00,12.7,10.8,267.0
Hebbal,13.035,77.597,2026-09-20 04:00:00,11.0,9.2,225.0
Hebbal,13.035,77.597,2026-09-20 05:00:00,5.4,4.2,207.0
Hebbal,13.035,77.597,2026-09-20 06:00:00,6.4,5.2,224.0
Hebbal,13.035,77.597,2026-09-20 07:00:00,8.2,6.6,265.0
Hebbal,13.035,77.597,2026-09-20 08:00:00,10.0,7.8,291.0
Hebbal,13.035,77.597,2026-09-20 09:00:00,10.9,7.5,279.0
Hebbal,13.035,77.597,2026-09-20 10:00:00,10.9,7.3,252.0
Hebbal,13.035,77.597,2026-09-20 11:00:00,10.5,7.1,233.0
Hebbal,13.035,77.597,2026-09-20 12:00:00,9.7,6.6,215.0
Hebbal,13.035,77.597,2026-09-20 13:00:00,8.7,6.0,206.0
Hebbal,13.035,77.597,2026-09-20 14:00:00,8.1,5.8,255.0
Hebbal,13.035,77.597,2026-09-20 15:00:00,7.5,5.4,425.0
Hebbal,13.035,77.597,2026-09-20 16:00:00,6.7,5.0,653.0
Hebbal,13.035,77.597,2026-09-20 17:00:00,8.9,6.9,799.0
Hebbal,13.035,77.597,2026-09-20 18:00:00,13.0,11.5,785.0
Hebbal,13.035,77.597,2026-09-20 19:00:00,20.0,18.6,690.0
Hebbal,13.035,77.597,2026-09-20 20:00:00,20.0,18.7,610.0
Hebbal,13.035,77.597,2026-09-20 21:00:00,20.8,19.6,595.0
Hebbal,13.035,77.597,2026-09-20 22:00:00,26.0,24.7,596.0
Hebbal,13.035,77.597,2026-09-20 23:00:00,22.5,20.9,561.0
Hebbal,13.035,77.597,2026-09-21 00:00:00,19.3,17.5,447.0
Hebbal,13.035,77.597,2026-09-21 01:00:00,16.1,14.5,298.0
Hebbal,13.035,77.597,2026-09-21 02:00:00,12.3,11.0,190.0
Hebbal,13.035,77.597,2026-09-21 03:00:00,8.7,7.9,157.0
Hebbal,13.035,77.597,2026-09-21 04:00:00,6.0,5.5,165.0
Hebbal,13.035,77.597,2026-09-21 05:00:00,7.5,6.8,193.0
Hebbal,13.035,77.597,2026-09-21 06:00:00,7.0,6.5,251.0
Hebbal,13.035,77.597,2026-09-21 07:00:00,6.8,6.0,330.0
Hebbal,13.035,77.597,2026-09-21 08:00:00,6.8,5.7,374.0
Hebbal,13.035,77.597,2026-09-21 09:00:00,7.2,6.1,351.0
Hebbal,13.035,77.597,2026-09-21 10:00:00,7.4,6.4,294.0
Hebbal,13.035,77.597,2026-09-21 11:00:00,7.8,6.7,251.0
Hebbal,13.035,77.597,2026-09-21 12:00:00,7.9,6.8,231.0
Hebbal,13.035,77.597,2026-09-21 13:00:00,8.1,7.0,225.0
Hebbal,13.035,77.597,2026-09-21 14:00:00,8.5,7.3,251.0
Hebbal,13.035,77.597,2026-09-21 15:00:00,10.4,9.0,322.0
Hebbal,13.035,77.597,2026-09-21 16:00:00,9.5,8.5,426.0
Hebbal,13.035,77.597,2026-09-21 17:00:00,7.2,6.7,545.0
Hebbal,13.035,77.597,2026-09-21 18:00:00,11.7,11.4,714.0
Hebbal,13.035,77.597,2026-09-21 19:00:00,10.5,10.2,897.0
Hebbal,13.035,77.597,2026-09-21 20:00:00,10.0,9.8,974.0
Hebbal,13.035,77.597,2026-09-21 21:00:00,11.4,11.2,858.0
Hebbal,13.035,77.597,2026-09-21 22:00:00,12.5,12.2,635.0
Hebbal,13.035,77.597,2026-09-21 23:00:00,12.4,12.0,444.0
Hebbal,13.035,77.597,2026-09-22 00:00:00,11.6,11.2,335.0
Hebbal,13.035,77.597,2026-09-22 01:00:00,10.4,9.8,258.0
Hebbal,13.035,77.597,2026-09-22 02:00:00,8.2,7.6,206.0
Hebbal,13.035,77.597,2026-09-22 03:00:00,7.3,6.5,170.0
Hebbal,13.035,77.597,2026-09-22 04:00:00,7.4,6.5,158.0
Hebbal,13.035,77.597,2026-09-22 05:00:00,6.8,5.6,186.0
Hebbal,13.035,77.597,2026-09-22 06:00:00,7.7,6.3,296.0
Hebbal,13.035,77.597,2026-09-22 07:00:00,9.3,7.3,445.0
Hebbal,13.035,77.597,2026-09-22 08:00:00,10.1,7.7,529.0
Hebbal,13.035,77.597,2026-09-22 09:00:00,10.2,6.8,480.0
Hebbal,13.035,77.597,2026-09-22 10:00:00,11.1,7.0,366.0
Hebbal,13.035,77.597,2026-09-22 11:00:00,12.5,7.6,276.0
Hebbal,13.035,77.597,2026-09-22 12:00:00,13.8,8.1,239.0
Hebbal,13.035,77.597,2026-09-22 13:00:00,15.0,8.7,226.0
Hebbal,13.035,77.597,2026-09-22 14:00:00,15.8,9.2,248.0
Hebbal,13.035,77.597,2026-09-22 15:00:00,16.1,9.9,330.0
Hebbal,13.035,77.597,2026-09-22 16:00:00,16.5,10.6,445.0
Hebbal,13.035,77.597,2026-09-22 17:00:00,11.8,8.3,525.0
Hebbal,13.035,77.597,2026-09-22 18:00:00,13.5,10.4,538.0
Hebbal,13.035,77.597,2026-09-22 19:00:00,15.9,12.9,516.0
Hebbal,13.035,77.597,2026-09-22 20:00:00,17.5,14.0,479.0
Hebbal,13.035,77.597,2026-09-22 21:00:00,18.3,14.1,428.0
Hebbal,13.035,77.597,2026-09-22 22:00:00,19.1,14.0,361.0
Hebbal,13.035,77.597,2026-09-22 23:00:00,19.5,13.6,301.0
Hebbal,13.035,77.597,2026-09-23 00:00:00,19.0,12.8,250.0
Hebbal,13.035,77.597,2026-09-23 01:00:00,17.1,11.1,205.0
Hebbal,13.035,77.597,2026-09-23 02:00:00,16.1,9.9,175.0
Hebbal,13.035,77.597,2026-09-23 03:00:00,15.1,9.0,156.0
Hebbal,13.035,77.597,2026-09-23 04:00:00,14.1,8.3,151.0
Hebbal,13.035,77.597,2026-09-23 05:00:00,11.6,6.9,184.0
Hebbal,13.035,77.597,2026-09-23 06:00:00,11.1,7.0,297.0
Hebbal,13.035,77.597,2026-09-23 07:00:00,11.7,8.1,448.0
Hebbal,13.035,77.597,2026-09-23 08:00:00,12.0,8.1,526.0
Hebbal,13.035,77.597,2026-09-23 09:00:00,12.8,8.4,460.0
Hebbal,13.035,77.597,2026-09-23 10:00:00,14.1,8.9,322.0
Hebbal,13.035,77.597,2026-09-23 11:00:00,15.8,9.9,219.0
Hebbal,13.035,77.597,2026-09-23 12:00:00,13.6,8.6,189.0
Hebbal,13.035,77.597,2026-09-23 13:00:00,12.9,8.4,195.0
Hebbal,13.035,77.597,2026-09-23 14:00:00,12.9,8.3,231.0
Hebbal,13.035,77.597,2026-09-23 15:00:00,12.7,8.1,322.0
Hebbal,13.035,77.597,2026-09-23 16:00:00,11.6,8.0,443.0
Hebbal,13.035,77.597,2026-09-23 17:00:00,11.8,8.4,513.0
Hebbal,13.035,77.597,2026-09-23 18:00:00,14.0,10.8,483.0
Hebbal,13.035,77.597,2026-09-23 19:00:00,15.8,12.5,401.0
Hebbal,13.035,77.597,2026-09-23 20:00:00,17.6,13.6,331.0
Hebbal,13.035,77.597,2026-09-23 21:00:00,19.0,14.2,300.0
Hebbal,13.035,77.597,2026-09-23 22:00:00,20.2,14.8,282.0
Hebbal,13.035,77.597,2026-09-23 23:00:00,20.3,14.7,259.0
Hebbal,13.035,77.597,2026-09-24 00:00:00,18.5,13.3,220.0
Hebbal,13.035,77.597,2026-09-24 01:00:00,14.3,10.4,178.0
Hebbal,13.035,77.597,2026-09-24 02:00:00,11.8,8.7,150.0
Hebbal,13.035,77.597,2026-09-24 03:00:00,9.4,7.1,144.0
Hebbal,13.035,77.597,2026-09-24 04:00:00,7.6,5.9,153.0
Hebbal,13.035,77.597,2026-09-24 05:00:00,6.8,5.4,176.0
Hebbal,13.035,77.597,2026-09-24 06:00:00,6.6,5.3,229.0
Hebbal,13.035,77.597,2026-09-24 07:00:00,7.0,5.8,296.0
Hebbal,13.035,77.597,2026-09-24 08:00:00,5.5,4.4,333.0
Hebbal,13.035,77.597,2026-09-24 09:00:00,5.3,4.3,309.0
Hebbal,13.035,77.597,2026-09-24 10:00:00,4.5,3.6,254.0
Hebbal,13.035,77.597,2026-09-24 11:00:00,4.5,3.5,215.0
Hebbal,13.035,77.597,2026-09-24 12:00:00,4.6,3.6,201.0
Hebbal,13.035,77.597,2026-09-24 13:00:00,5.0,3.8,203.0
Hebbal,13.035,77.597,2026-09-24 14:00:00,5.4,4.1,233.0
Hebbal,13.035,77.597,2026-09-24 15:00:00,5.4,4.2,323.0
Hebbal,13.035,77.597,2026-09-24 16:00:00,6.2,5.1,442.0
Hebbal,13.035,77.597,2026-09-24 17:00:00,7.0,5.8,508.0
Hebbal,13.035,77.597,2026-09-24 18:00:00,7.5,6.4,470.0
Hebbal,13.035,77.597,2026-09-24 19:00:00,7.8,6.6,380.0
Hebbal,13.035,77.597,2026-09-24 20:00:00,7.9,6.6,308.0
Hebbal,13.035,77.597,2026-09-24 21:00:00,6.8,5.8,286.0
Hebbal,13.035,77.597,2026-09-24 22:00:00,4.9,4.5,283.0
Hebbal,13.035,77.597,2026-09-24 23:00:00,3.8,3.5,271.0
Hebbal,13.035,77.597,2026-09-25 00:00:00,3.1,2.9,234.0
Hebbal,13.035,77.597,2026-09-25 01:00:00,2.3,2.1,189.0
Hebbal,13.035,77.597,2026-09-25 02:00:00,2.1,1.9,160.0
Hebbal,13.035,77.597,2026-09-25 03:00:00,2.0,1.8,154.0
Hebbal,13.035,77.597,2026-09-25 04:00:00,2.0,1.8,164.0
Hebbal,13.035,77.597,2026-09-25 05:00:00,2.0,1.8,192.0
Hebbal,13.035,77.597,2026-09-25 06:00:00,2.5,2.4,260.0
Hebbal,13.035,77.597,2026-09-25 07:00:00,3.1,3.0,346.0
Hebbal,13.035,77.597,2026-09-25 08:00:00,2.8,2.6,393.0
Hebbal,13.035,77.597,2026-09-25 09:00:00,2.5,2.4,361.0
Hebbal,13.035,77.597,2026-09-25 10:00:00,2.7,2.6,289.0
Hebbal,13.035,77.597,2026-09-25 11:00:00,3.2,3.0,240.0
Hebbal,13.035,77.597,2026-09-25 12:00:00,4.6,4.2,234.0
Hebbal,13.035,77.597,2026-09-25 13:00:00,6.0,5.4,251.0
Hebbal,13.035,77.597,2026-09-25 14:00:00,6.4,5.8,293.0
Hebbal,13.035,77.597,2026-09-25 15:00:00,7.1,6.4,381.0
Hebbal,13.035,77.597,2026-09-25 16:00:00,7.5,7.0,494.0
Hebbal,13.035,77.597,2026-09-25 17:00:00,7.6,7.2,577.0
Hebbal,13.035,77.597,2026-09-25 18:00:00,7.4,7.2,610.0
Hebbal,13.035,77.597,2026-09-25 19:00:00,6.8,6.7,613.0
Hebbal,13.035,77.597,2026-09-25 20:00:00,6.0,5.9,584.0
Hebbal,13.035,77.597,2026-09-25 21:00:00,5.6,5.5,507.0
Hebbal,13.035,77.597,2026-09-25 22:00:00,5.5,5.4,399.0
Hebbal,13.035,77.597,2026-09-25 23:00:00,5.4,5.2,310.0
Hebbal,13.035,77.597,2026-09-26 00:00:00,5.1,4.8,258.0
Hebbal,13.035,77.597,2026-09-26 01:00:00,4.7,4.4,226.0
Hebbal,13.035,77.597,2026-09-26 02:00:00,4.4,4.2,207.0
Hebbal,13.035,77.597,2026-09-26 03:00:00,3.9,3.8,201.0
Hebbal,13.035,77.597,2026-09-26 04:00:00,3.3,3.2,209.0
Hebbal,13.035,77.597,2026-09-26 05:00:00,2.4,2.4,231.0
Hebbal,13.035,77.597,2026-09-26 06:00:00,2.5,2.4,283.0
Hebbal,13.035,77.597,2026-09-26 07:00:00,2.4,2.3,348.0
Hebbal,13.035,77.597,2026-09-26 08:00:00,2.7,2.4,382.0
Hebbal,13.035,77.597,2026-09-26 09:00:00,3.4,2.8,352.0
Hebbal,13.035,77.597,2026-09-26 10:00:00,5.2,3.8,291.0
Hebbal,13.035,77.597,2026-09-26 11:00:00,7.6,5.0,245.0
Hebbal,13.035,77.597,2026-09-26 12:00:00,11.4,6.6,222.0
Hebbal,13.035,77.597,2026-09-26 13:00:00,14.3,7.8,214.0
Hebbal,13.035,77.597,2026-09-26 14:00:00,16.0,8.6,249.0
Hebbal,13.035,77.597,2026-09-26 15:00:00,18.2,9.8,357.0
Hebbal,13.035,77.597,2026-09-26 16:00:00,16.5,9.3,508.0
Hebbal,13.035,77.597,2026-09-26 17:00:00,15.7,10.3,637.0
Hebbal,13.035,77.597,2026-09-26 18:00:00,16.3,12.2,738.0
Hebbal,13.035,77.597,2026-09-26 19:00:00,16.4,13.3,817.0
Hebbal,13.035,77.597,2026-09-26 20:00:00,15.1,12.7,824.0
Hebbal,13.035,77.597,2026-09-26 21:00:00,13.6,11.5,707.0
Hebbal,13.035,77.597,2026-09-26 22:00:00,12.4,10.6,519.0
Hebbal,13.035,77.597,2026-09-26 23:00:00,11.2,9.7,363.0
Hebbal,13.035,77.597,2026-09-27 00:00:00,9.7,8.4,279.0
Hebbal,13.035,77.597,2026-09-27 01:00:00,8.8,7.6,228.0
Hebbal,13.035,77.597,2026-09-27 02:00:00,8.5,7.3,199.0
Hebbal,13.035,77.597,2026-09-27 03:00:00,8.4,7.1,194.0
Hebbal,13.035,77.597,2026-09-27 04:00:00,8.5,7.1,212.0
Hebbal,13.035,77.597,2026-09-27 05:00:00,9.0,7.5,237.0
Hebbal,13.035,77.597,2026-09-27 06:00:00,10.6,8.8,275.0
Hebbal,13.035,77.597,2026-09-27 07:00:00,11.7,9.1,319.0
Hebbal,13.035,77.597,2026-09-27 08:00:00,13.5,10.1,338.0
Hebbal,13.035,77.597,2026-09-27 09:00:00,15.1,10.5,305.0
Hebbal,13.035,77.597,2026-09-27 10:00:00,15.9,10.2,247.0
Hebbal,13.035,77.597,2026-09-27 11:00:00,17.1,10.0,205.0
Hebbal,13.035,77.597,2026-09-27 12:00:00,18.0,10.1,195.0
Hebbal,13.035,77.597,2026-09-27 13:00:00,18.0,10.0,202.0
Hebbal,13.035,77.597,2026-09-27 14:00:00,16.9,9.5,222.0
Hebbal,13.035,77.597,2026-09-27 15:00:00,16.8,9.6,209.0
Hebbal,13.035,77.597,2026-09-27 16:00:00,17.0,9.7,209.0
Hebbal,13.035,77.597,2026-09-27 17:00:00,17.5,10.2,351.0
Hebbal,13.035,77.597,2026-09-27 18:00:00,21.8,16.3,780.0
Hebbal,13.035,77.597,2026-09-27 19:00:00,29.1,22.8,1351.0
Hebbal,13.035,77.597,2026-09-27 20:00:00,33.4,26.4,1765.0
Hebbal,13.035,77.597,2026-09-27 21:00:00,36.1,28.3,1897.0
Hebbal,13.035,77.597,2026-09-27 22:00:00,37.3,29.0,1871.0
Hebbal,13.035,77.597,2026-09-27 23:00:00,36.3,28.1,1756.0
Hebbal,13.035,77.597,2026-09-28 00:00:00,35.4,27.4,1532.0
Hebbal,13.035,77.597,2026-09-28 01:00:00,35.2,27.8,1220.0
Hebbal,13.035,77.597,2026-09-28 02:00:00,32.1,25.4,948.0
Hebbal,13.035,77.597,2026-09-28 03:00:00,28.1,22.2,740.0
Hebbal,13.035,77.597,2026-09-28 04:00:00,24.6,19.3,573.0
Hebbal,13.035,77.597,2026-09-28 05:00:00,22.2,17.8,450.8
Hebbal,13.035,77.597,2026-09-28 06:00:00,23.5,19.6,374.0
Hebbal,13.035,77.597,2026-09-28 07:00:00,19.6,16.4,326.0
Hebbal,13.035,77.597,2026-09-28 08:00:00,19.5,14.4,264.0
Hebbal,13.035,77.597,2026-09-28 09:00:00,20.9,13.8,245.0
Hebbal,13.035,77.597,2026-09-28 10:00:00,21.5,14.0,222.0
Hebbal,13.035,77.597,2026-09-28 11:00:00,21.1,13.9,205.0
Hebbal,13.035,77.597,2026-09-28 12:00:00,19.9,13.3,192.0
Hebbal,13.035,77.597,2026-09-28 13:00:00,18.5,12.7,185.0
Hebbal,13.035,77.597,2026-09-28 14:00:00,17.6,12.3,196.0
Hebbal,13.035,77.597,2026-09-28 15:00:00,17.7,12.5,239.0
Hebbal,13.035,77.597,2026-09-28 16:00:00,18.1,12.8,301.0
Hebbal,13.035,77.597,2026-09-28 17:00:00,20.4,16.1,345.0
Hebbal,13.035,77.597,2026-09-28 18:00:00,,,
Hebbal,13.035,77.597,2026-09-28 19:00:00,,,
Hebbal,13.035,77.597,2026-09-28 20:00:00,,,
Hebbal,13.035,77.597,2026-09-28 21:00:00,,,
Hebbal,13.035,77.597,2026-09-28 22:00:00,,,
Hebbal,13.035,77.597,2026-09-28 23:00:00,,,
Electronic City,12.8399,77.677,2026-08-25 00:00:00,5.1,3.9,164.0
Electronic City,12.8399,77.677,2026-08-25 01:00:00,4.7,3.4,150.0
Electronic City,12.8399,77.677,2026-08-25 02:00:00,4.1,3.0,139.0
Electronic City,12.8399,77.677,2026-08-25 03:00:00,3.4,2.6,130.0
Electronic City,12.8399,77.677,2026-08-25 04:00:00,2.9,2.4,125.0
Electronic City,12.8399,77.677,2026-08-25 05:00:00,3.2,2.4,125.0
Electronic City,12.8399,77.677,2026-08-25 06:00:00,3.6,2.9,138.0
Electronic City,12.8399,77.677,2026-08-25 07:00:00,5.0,4.3,156.0
Electronic City,12.8399,77.677,2026-08-25 08:00:00,4.8,4.1,169.0
Electronic City,12.8399,77.677,2026-08-25 09:00:00,8.8,5.1,169.0
Electronic City,12.8399,77.677,2026-08-25 10:00:00,8.6,4.8,162.0
Electronic City,12.8399,77.677,2026-08-25 11:00:00,10.7,5.6,155.0
Electronic City,12.8399,77.677,2026-08-25 12:00:00,8.6,4.6,147.0
Electronic City,12.8399,77.677,2026-08-25 13:00:00,12.2,6.0,138.0
Electronic City,12.8399,77.677,2026-08-25 14:00:00,8.1,4.8,135.0
Electronic City,12.8399,77.677,2026-08-25 15:00:00,7.8,4.7,141.0
Electronic City,12.8399,77.677,2026-08-25 16:00:00,8.0,5.0,153.0
Electronic City,12.8399,77.677,2026-08-25 17:00:00,10.0,6.1,165.0
Electronic City,12.8399,77.677,2026-08-25 18:00:00,9.9,6.9,176.0
Electronic City,12.8399,77.677,2026-08-25 19:00:00,9.3,7.2,187.0
Electronic City,12.8399,77.677,2026-08-25 20:00:00,7.8,6.4,192.0
Electronic City,12.8399,77.677,2026-08-25 21:00:00,6.3,5.4,188.0
Electronic City,12.8399,77.677,2026-08-25 22:00:00,5.5,4.9,178.0
Electronic City,12.8399,77.677,2026-08-25 23:00:00,5.0,4.4,167.0
Electronic City,12.8399,77.677,2026-08-26 00:00:00,4.5,3.7,155.0
Electronic City,12.8399,77.677,2026-08-26 01:00:00,3.9,3.2,143.0
Electronic City,12.8399,77.677,2026-08-26 02:00:00,3.7,2.8,133.0
Electronic City,12.8399,77.677,2026-08-26 03:00:00,4.1,2.7,127.0
Electronic City,12.8399,77.677,2026-08-26 04:00:00,5.7,3.2,125.0
Electronic City,12.8399,77.677,2026-08-26 05:00:00,5.4,3.3,127.0
Electronic City,12.8399,77.677,2026-08-26 06:00:00,8.3,4.7,139.0
Electronic City,12.8399,77.677,2026-08-26 07:00:00,13.9,6.4,157.0
Electronic City,12.8399,77.677,2026-08-26 08:00:00,20.7,8.7,166.0
Electronic City,12.8399,77.677,2026-08-26 09:00:00,19.8,8.9,158.0
Electronic City,12.8399,77.677,2026-08-26 10:00:00,29.9,12.0,143.0
Electronic City,12.8399,77.677,2026-08-26 11:00:00,19.2,8.8,131.0
Electronic City,12.8399,77.677,2026-08-26 12:00:00,16.8,8.0,128.0
Electronic City,12.8399,77.677,2026-08-26 13:00:00,13.8,7.1,129.0
Electronic City,12.8399,77.677,2026-08-26 14:00:00,20.4,8.6,135.0
Electronic City,12.8399,77.677,2026-08-26 15:00:00,15.9,7.7,146.0
Electronic City,12.8399,77.677,2026-08-26 16:00:00,13.3,8.4,162.0
Electronic City,12.8399,77.677,2026-08-26 17:00:00,33.8,17.3,177.0
Electronic City,12.8399,77.677,2026-08-26 18:00:00,26.9,16.3,195.0
Electronic City,12.8399,77.677,2026-08-26 19:00:00,23.7,15.3,213.0
Electronic City,12.8399,77.677,2026-08-26 20:00:00,21.4,14.2,220.0
Electronic City,12.8399,77.677,2026-08-26 21:00:00,19.6,12.9,210.0
Electronic City,12.8399,77.677,2026-08-26 22:00:00,16.5,10.8,189.0
Electronic City,12.8399,77.677,2026-08-26 23:00:00,13.2,8.6,168.0
Electronic City,12.8399,77.677,2026-08-27 00:00:00,11.1,6.9,147.0
Electronic City,12.8399,77.677,2026-08-27 01:00:00,8.4,5.1,125.0
Electronic City,12.8399,77.677,2026-08-27 02:00:00,7.2,4.3,109.0
Electronic City,12.8399,77.677,2026-08-27 03:00:00,6.5,3.8,103.0
Electronic City,12.8399,77.677,2026-08-27 04:00:00,5.8,3.4,103.0
Electronic City,12.8399,77.677,2026-08-27 05:00:00,4.9,2.8,109.0
Electronic City,12.8399,77.677,2026-08-27 06:00:00,6.7,3.9,124.0
Electronic City,12.8399,77.677,2026-08-27 07:00:00,10.5,5.1,143.0
Electronic City,12.8399,77.677,2026-08-27 08:00:00,16.8,6.8,155.0
Electronic City,12.8399,77.677,2026-08-27 09:00:00,20.0,8.3,151.0
Electronic City,12.8399,77.677,2026-08-27 10:00:00,23.1,9.1,139.0
Electronic City,12.8399,77.677,2026-08-27 11:00:00,27.8,10.5,130.0
Electronic City,12.8399,77.677,2026-08-27 12:00:00,32.0,12.3,128.0
Electronic City,12.8399,77.677,2026-08-27 13:00:00,30.6,12.1,130.0
Electronic City,12.8399,77.677,2026-08-27 14:00:00,26.9,11.1,135.0
Electronic City,12.8399,77.677,2026-08-27 15:00:00,22.8,9.9,146.0
Electronic City,12.8399,77.677,2026-08-27 16:00:00,18.8,9.3,160.0
Electronic City,12.8399,77.677,2026-08-27 17:00:00,17.5,9.6,171.0
Electronic City,12.8399,77.677,2026-08-27 18:00:00,18.2,11.5,177.0
Electronic City,12.8399,77.677,2026-08-27 19:00:00,17.3,11.2,180.0
Electronic City,12.8399,77.677,2026-08-27 20:00:00,15.2,10.0,178.0
Electronic City,12.8399,77.677,2026-08-27 21:00:00,13.4,9.0,169.0
Electronic City,12.8399,77.677,2026-08-27 22:00:00,12.0,7.9,156.0
Electronic City,12.8399,77.677,2026-08-27 23:00:00,10.8,7.0,144.0
Electronic City,12.8399,77.677,2026-08-28 00:00:00,9.9,6.1,136.0
Electronic City,12.8399,77.677,2026-08-28 01:00:00,9.5,5.6,129.0
Electronic City,12.8399,77.677,2026-08-28 02:00:00,9.3,5.3,123.0
Electronic City,12.8399,77.677,2026-08-28 03:00:00,8.9,5.0,118.0
Electronic City,12.8399,77.677,2026-08-28 04:00:00,8.3,4.7,113.0
Electronic City,12.8399,77.677,2026-08-28 05:00:00,8.7,5.0,114.0
Electronic City,12.8399,77.677,2026-08-28 06:00:00,8.2,5.1,124.0
Electronic City,12.8399,77.677,2026-08-28 07:00:00,9.5,5.2,139.0
Electronic City,12.8399,77.677,2026-08-28 08:00:00,13.7,6.4,148.0
Electronic City,12.8399,77.677,2026-08-28 09:00:00,15.9,7.1,144.0
Electronic City,12.8399,77.677,2026-08-28 10:00:00,18.3,7.8,133.0
Electronic City,12.8399,77.677,2026-08-28 11:00:00,23.9,9.2,126.0
Electronic City,12.8399,77.677,2026-08-28 12:00:00,25.0,9.3,122.0
Electronic City,12.8399,77.677,2026-08-28 13:00:00,26.1,9.8,121.0
Electronic City,12.8399,77.677,2026-08-28 14:00:00,24.8,9.5,130.0
Electronic City,12.8399,77.677,2026-08-28 15:00:00,22.4,9.0,158.0
Electronic City,12.8399,77.677,2026-08-28 16:00:00,19.0,9.1,196.0
Electronic City,12.8399,77.677,2026-08-28 17:00:00,23.2,11.9,218.0
Electronic City,12.8399,77.677,2026-08-28 18:00:00,21.2,11.6,210.0
Electronic City,12.8399,77.677,2026-08-28 19:00:00,19.0,12.1,187.0
Electronic City,12.8399,77.677,2026-08-28 20:00:00,16.5,11.0,168.0
Electronic City,12.8399,77.677,2026-08-28 21:00:00,13.9,9.6,160.0
Electronic City,12.8399,77.677,2026-08-28 22:00:00,11.6,8.3,156.0
Electronic City,12.8399,77.677,2026-08-28 23:00:00,9.3,6.8,151.0
Electronic City,12.8399,77.677,2026-08-29 00:00:00,7.6,5.4,142.0
Electronic City,12.8399,77.677,2026-08-29 01:00:00,6.8,4.5,132.0
Electronic City,12.8399,77.677,2026-08-29 02:00:00,6.8,4.1,123.0
Electronic City,12.8399,77.677,2026-08-29 03:00:00,7.2,4.0,116.0
Electronic City,12.8399,77.677,2026-08-29 04:00:00,8.1,4.0,111.0
Electronic City,12.8399,77.677,2026-08-29 05:00:00,5.7,3.6,111.0
Electronic City,12.8399,77.677,2026-08-29 06:00:00,7.5,4.4,122.0
Electronic City,12.8399,77.677,2026-08-29 07:00:00,8.4,5.2,138.0
Electronic City,12.8399,77.677,2026-08-29 08:00:00,8.4,5.2,147.0
Electronic City,12.8399,77.677,2026-08-29 09:00:00,9.7,5.4,142.0
Electronic City,12.8399,77.677,2026-08-29 10:00:00,12.0,5.7,131.0
Electronic City,12.8399,77.677,2026-08-29 11:00:00,12.5,5.7,123.0
Electronic City,12.8399,77.677,2026-08-29 12:00:00,13.1,6.0,117.0
Electronic City,12.8399,77.677,2026-08-29 13:00:00,14.2,6.4,114.0
Electronic City,12.8399,77.677,2026-08-29 14:00:00,17.5,7.4,125.0
Electronic City,12.8399,77.677,2026-08-29 15:00:00,18.6,8.1,167.0
Electronic City,12.8399,77.677,2026-08-29 16:00:00,16.5,8.5,224.0
Electronic City,12.8399,77.677,2026-08-29 17:00:00,23.3,11.1,256.0
Electronic City,12.8399,77.677,2026-08-29 18:00:00,21.4,11.5,239.0
Electronic City,12.8399,77.677,2026-08-29 19:00:00,21.5,12.2,197.0
Electronic City,12.8399,77.677,2026-08-29 20:00:00,21.1,12.3,163.0
Electronic City,12.8399,77.677,2026-08-29 21:00:00,19.3,11.8,153.0
Electronic City,12.8399,77.677,2026-08-29 22:00:00,16.9,10.9,151.0
Electronic City,12.8399,77.677,2026-08-29 23:00:00,13.7,9.0,148.0
Electronic City,12.8399,77.677,2026-08-30 00:00:00,11.4,7.5,139.0
Electronic City,12.8399,77.677,2026-08-30 01:00:00,10.3,6.6,129.0
Electronic City,12.8399,77.677,2026-08-30 02:00:00,9.4,6.0,121.0
Electronic City,12.8399,77.677,2026-08-30 03:00:00,8.7,5.4,114.0
Electronic City,12.8399,77.677,2026-08-30 04:00:00,7.9,5.0,109.0
Electronic City,12.8399,77.677,2026-08-30 05:00:00,6.6,4.5,107.0
Electronic City,12.8399,77.677,2026-08-30 06:00:00,6.9,4.8,111.0
Electronic City,12.8399,77.677,2026-08-30 07:00:00,7.3,5.1,119.0
Electronic City,12.8399,77.677,2026-08-30 08:00:00,7.8,5.0,123.0
Electronic City,12.8399,77.677,2026-08-30 09:00:00,7.9,4.9,119.0
Electronic City,12.8399,77.677,2026-08-30 10:00:00,7.9,4.9,111.0
Electronic City,12.8399,77.677,2026-08-30 11:00:00,8.0,4.9,106.0
Electronic City,12.8399,77.677,2026-08-30 12:00:00,8.3,4.9,107.0
Electronic City,12.8399,77.677,2026-08-30 13:00:00,8.7,5.1,110.0
Electronic City,12.8399,77.677,2026-08-30 14:00:00,8.0,4.9,115.0
Electronic City,12.8399,77.677,2026-08-30 15:00:00,7.9,5.0,120.0
Electronic City,12.8399,77.677,2026-08-30 16:00:00,7.5,4.8,126.0
Electronic City,12.8399,77.677,2026-08-30 17:00:00,11.8,7.7,133.0
Electronic City,12.8399,77.677,2026-08-30 18:00:00,10.9,8.1,144.0
Electronic City,12.8399,77.677,2026-08-30 19:00:00,11.1,8.7,157.0
Electronic City,12.8399,77.677,2026-08-30 20:00:00,11.1,8.8,164.0
Electronic City,12.8399,77.677,2026-08-30 21:00:00,10.2,8.0,160.0
Electronic City,12.8399,77.677,2026-08-30 22:00:00,9.1,7.1,151.0
Electronic City,12.8399,77.677,2026-08-30 23:00:00,7.1,5.6,141.0
Electronic City,12.8399,77.677,2026-08-31 00:00:00,6.0,4.7,133.0
Electronic City,12.8399,77.677,2026-08-31 01:00:00,5.4,4.1,124.0
Electronic City,12.8399,77.677,2026-08-31 02:00:00,5.5,4.0,118.0
Electronic City,12.8399,77.677,2026-08-31 03:00:00,4.8,3.5,112.0
Electronic City,12.8399,77.677,2026-08-31 04:00:00,4.2,3.1,108.0
Electronic City,12.8399,77.677,2026-08-31 05:00:00,3.2,2.5,111.0
Electronic City,12.8399,77.677,2026-08-31 06:00:00,4.3,3.4,129.0
Electronic City,12.8399,77.677,2026-08-31 07:00:00,5.5,4.2,153.0
Electronic City,12.8399,77.677,2026-08-31 08:00:00,6.5,4.4,167.0
Electronic City,12.8399,77.677,2026-08-31 09:00:00,6.4,4.4,159.0
Electronic City,12.8399,77.677,2026-08-31 10:00:00,6.8,4.4,141.0
Electronic City,12.8399,77.677,2026-08-31 11:00:00,7.3,4.6,128.0
Electronic City,12.8399,77.677,2026-08-31 12:00:00,6.9,4.4,125.0
Electronic City,12.8399,77.677,2026-08-31 13:00:00,6.3,4.0,127.0
Electronic City,12.8399,77.677,2026-08-31 14:00:00,6.0,3.9,133.0
Electronic City,12.8399,77.677,2026-08-31 15:00:00,7.0,4.3,141.0
Electronic City,12.8399,77.677,2026-08-31 16:00:00,6.4,4.3,153.0
Electronic City,12.8399,77.677,2026-08-31 17:00:00,11.1,7.2,175.0
Electronic City,12.8399,77.677,2026-08-31 18:00:00,12.1,9.0,220.0
Electronic City,12.8399,77.677,2026-08-31 19:00:00,14.8,11.6,274.0
Electronic City,12.8399,77.677,2026-08-31 20:00:00,16.6,13.5,301.0
Electronic City,12.8399,77.677,2026-08-31 21:00:00,17.5,14.5,276.0
Electronic City,12.8399,77.677,2026-08-31 22:00:00,16.9,14.0,223.0
Electronic City,12.8399,77.677,2026-08-31 23:00:00,14.8,11.9,179.0
Electronic City,12.8399,77.677,2026-09-01 00:00:00,11.7,9.2,157.0
Electronic City,12.8399,77.677,2026-09-01 01:00:00,9.2,7.3,144.0
Electronic City,12.8399,77.677,2026-09-01 02:00:00,7.8,6.3,135.0
Electronic City,12.8399,77.677,2026-09-01 03:00:00,6.8,5.6,127.0
Electronic City,12.8399,77.677,2026-09-01 04:00:00,6.3,5.2,123.0
Electronic City,12.8399,77.677,2026-09-01 05:00:00,5.3,4.4,127.0
Electronic City,12.8399,77.677,2026-09-01 06:00:00,6.2,5.4,145.0
Electronic City,12.8399,77.677,2026-09-01 07:00:00,6.1,5.2,170.0
Electronic City,12.8399,77.677,2026-09-01 08:00:00,6.1,4.9,185.0
Electronic City,12.8399,77.677,2026-09-01 09:00:00,6.4,4.7,179.0
Electronic City,12.8399,77.677,2026-09-01 10:00:00,7.5,5.0,163.0
Electronic City,12.8399,77.677,2026-09-01 11:00:00,7.9,5.2,149.0
Electronic City,12.8399,77.677,2026-09-01 12:00:00,7.9,5.1,139.0
Electronic City,12.8399,77.677,2026-09-01 13:00:00,7.5,4.9,132.0
Electronic City,12.8399,77.677,2026-09-01 14:00:00,7.1,4.8,135.0
Electronic City,12.8399,77.677,2026-09-01 15:00:00,6.7,4.6,155.0
Electronic City,12.8399,77.677,2026-09-01 16:00:00,6.3,4.6,186.0
Electronic City,12.8399,77.677,2026-09-01 17:00:00,4.6,4.2,210.0
Electronic City,12.8399,77.677,2026-09-01 18:00:00,8.1,7.9,223.0
Electronic City,12.8399,77.677,2026-09-01 19:00:00,9.5,9.3,231.0
Electronic City,12.8399,77.677,2026-09-01 20:00:00,10.3,10.0,230.0
Electronic City,12.8399,77.677,2026-09-01 21:00:00,10.9,10.5,218.0
Electronic City,12.8399,77.677,2026-09-01 22:00:00,10.8,10.2,198.0
Electronic City,12.8399,77.677,2026-09-01 23:00:00,10.2,9.4,180.0
Electronic City,12.8399,77.677,2026-09-02 00:00:00,9.2,8.3,166.0
Electronic City,12.8399,77.677,2026-09-02 01:00:00,8.5,7.5,153.0
Electronic City,12.8399,77.677,2026-09-02 02:00:00,8.0,7.0,143.0
Electronic City,12.8399,77.677,2026-09-02 03:00:00,7.6,6.5,135.0
Electronic City,12.8399,77.677,2026-09-02 04:00:00,7.3,6.2,130.0
Electronic City,12.8399,77.677,2026-09-02 05:00:00,6.7,5.7,132.0
Electronic City,12.8399,77.677,2026-09-02 06:00:00,7.7,6.6,150.0
Electronic City,12.8399,77.677,2026-09-02 07:00:00,8.3,6.8,176.0
Electronic City,12.8399,77.677,2026-09-02 08:00:00,9.2,6.7,190.0
Electronic City,12.8399,77.677,2026-09-02 09:00:00,10.9,7.0,180.0
Electronic City,12.8399,77.677,2026-09-02 10:00:00,13.0,7.3,158.0
Electronic City,12.8399,77.677,2026-09-02 11:00:00,14.3,7.6,141.0
Electronic City,12.8399,77.677,2026-09-02 12:00:00,14.2,7.6,133.0
Electronic City,12.8399,77.677,2026-09-02 13:00:00,13.6,7.3,129.0
Electronic City,12.8399,77.677,2026-09-02 14:00:00,13.0,7.0,134.0
Electronic City,12.8399,77.677,2026-09-02 15:00:00,12.4,6.9,152.0
Electronic City,12.8399,77.677,2026-09-02 16:00:00,11.1,6.8,180.0
Electronic City,12.8399,77.677,2026-09-02 17:00:00,16.6,9.7,207.0
Electronic City,12.8399,77.677,2026-09-02 18:00:00,16.9,12.7,235.0
Electronic City,12.8399,77.677,2026-09-02 19:00:00,15.2,12.0,263.0
Electronic City,12.8399,77.677,2026-09-02 20:00:00,15.3,12.3,280.0
Electronic City,12.8399,77.677,2026-09-02 21:00:00,15.1,12.0,280.0
Electronic City,12.8399,77.677,2026-09-02 22:00:00,14.8,11.8,268.0
Electronic City,12.8399,77.677,2026-09-02 23:00:00,13.4,10.5,248.0
Electronic City,12.8399,77.677,2026-09-03 00:00:00,12.0,9.1,215.0
Electronic City,12.8399,77.677,2026-09-03 01:00:00,11.0,8.1,175.0
Electronic City,12.8399,77.677,2026-09-03 02:00:00,10.2,7.4,145.0
Electronic City,12.8399,77.677,2026-09-03 03:00:00,9.7,6.9,135.0
Electronic City,12.8399,77.677,2026-09-03 04:00:00,9.5,6.8,135.0
Electronic City,12.8399,77.677,2026-09-03 05:00:00,8.8,6.3,140.0
Electronic City,12.8399,77.677,2026-09-03 06:00:00,10.7,8.0,152.0
Electronic City,12.8399,77.677,2026-09-03 07:00:00,11.0,7.9,168.0
Electronic City,12.8399,77.677,2026-09-03 08:00:00,11.9,8.5,176.0
Electronic City,12.8399,77.677,2026-09-03 09:00:00,13.6,8.5,166.0
Electronic City,12.8399,77.677,2026-09-03 10:00:00,16.0,8.6,146.0
Electronic City,12.8399,77.677,2026-09-03 11:00:00,16.9,8.7,132.0
Electronic City,12.8399,77.677,2026-09-03 12:00:00,18.2,9.4,125.0
Electronic City,12.8399,77.677,2026-09-03 13:00:00,15.0,7.8,123.0
Electronic City,12.8399,77.677,2026-09-03 14:00:00,13.4,7.3,133.0
Electronic City,12.8399,77.677,2026-09-03 15:00:00,12.1,6.9,162.0
Electronic City,12.8399,77.677,2026-09-03 16:00:00,11.6,6.5,202.0
Electronic City,12.8399,77.677,2026-09-03 17:00:00,14.3,10.2,240.0
Electronic City,12.8399,77.677,2026-09-03 18:00:00,14.7,11.7,279.0
Electronic City,12.8399,77.677,2026-09-03 19:00:00,16.2,13.5,315.0
Electronic City,12.8399,77.677,2026-09-03 20:00:00,16.9,14.1,325.0
Electronic City,12.8399,77.677,2026-09-03 21:00:00,16.9,14.1,289.0
Electronic City,12.8399,77.677,2026-09-03 22:00:00,16.3,13.4,228.0
Electronic City,12.8399,77.677,2026-09-03 23:00:00,14.8,12.1,178.0
Electronic City,12.8399,77.677,2026-09-04 00:00:00,13.0,10.3,156.0
Electronic City,12.8399,77.677,2026-09-04 01:00:00,11.6,9.1,146.0
Electronic City,12.8399,77.677,2026-09-04 02:00:00,10.7,8.4,139.0
Electronic City,12.8399,77.677,2026-09-04 03:00:00,10.3,7.9,132.0
Electronic City,12.8399,77.677,2026-09-04 04:00:00,10.3,7.9,128.0
Electronic City,12.8399,77.677,2026-09-04 05:00:00,7.9,6.1,130.0
Electronic City,12.8399,77.677,2026-09-04 06:00:00,9.2,7.5,142.0
Electronic City,12.8399,77.677,2026-09-04 07:00:00,9.2,7.4,160.0
Electronic City,12.8399,77.677,2026-09-04 08:00:00,9.0,6.7,171.0
Electronic City,12.8399,77.677,2026-09-04 09:00:00,8.9,6.4,168.0
Electronic City,12.8399,77.677,2026-09-04 10:00:00,9.3,6.1,157.0
Electronic City,12.8399,77.677,2026-09-04 11:00:00,9.3,5.8,149.0
Electronic City,12.8399,77.677,2026-09-04 12:00:00,8.8,5.5,143.0
Electronic City,12.8399,77.677,2026-09-04 13:00:00,8.2,5.3,140.0
Electronic City,12.8399,77.677,2026-09-04 14:00:00,7.7,5.0,145.0
Electronic City,12.8399,77.677,2026-09-04 15:00:00,7.2,4.8,157.0
Electronic City,12.8399,77.677,2026-09-04 16:00:00,7.0,4.7,178.0
Electronic City,12.8399,77.677,2026-09-04 17:00:00,10.5,8.2,221.0
Electronic City,12.8399,77.677,2026-09-04 18:00:00,16.4,14.5,315.0
Electronic City,12.8399,77.677,2026-09-04 19:00:00,18.2,16.5,431.0
Electronic City,12.8399,77.677,2026-09-04 20:00:00,13.9,12.5,492.0
Electronic City,12.8399,77.677,2026-09-04 21:00:00,14.7,13.4,449.0
Electronic City,12.8399,77.677,2026-09-04 22:00:00,14.9,13.6,351.0
Electronic City,12.8399,77.677,2026-09-04 23:00:00,13.3,12.0,270.0
Electronic City,12.8399,77.677,2026-09-05 00:00:00,11.7,10.5,233.0
Electronic City,12.8399,77.677,2026-09-05 01:00:00,11.2,9.8,213.0
Electronic City,12.8399,77.677,2026-09-05 02:00:00,11.5,10.0,200.0
Electronic City,12.8399,77.677,2026-09-05 03:00:00,11.8,10.1,190.0
Electronic City,12.8399,77.677,2026-09-05 04:00:00,11.8,9.8,187.0
Electronic City,12.8399,77.677,2026-09-05 05:00:00,12.9,10.5,190.0
Electronic City,12.8399,77.677,2026-09-05 06:00:00,15.0,12.3,206.0
Electronic City,12.8399,77.677,2026-09-05 07:00:00,15.1,11.9,230.0
Electronic City,12.8399,77.677,2026-09-05 08:00:00,13.4,9.1,240.0
Electronic City,12.8399,77.677,2026-09-05 09:00:00,13.9,8.8,226.0
Electronic City,12.8399,77.677,2026-09-05 10:00:00,15.3,8.9,199.0
Electronic City,12.8399,77.677,2026-09-05 11:00:00,15.9,8.9,176.0
Electronic City,12.8399,77.677,2026-09-05 12:00:00,15.7,8.6,161.0
Electronic City,12.8399,77.677,2026-09-05 13:00:00,14.6,8.0,149.0
Electronic City,12.8399,77.677,2026-09-05 14:00:00,13.5,7.6,144.0
Electronic City,12.8399,77.677,2026-09-05 15:00:00,12.7,7.2,143.0
Electronic City,12.8399,77.677,2026-09-05 16:00:00,12.6,7.3,149.0
Electronic City,12.8399,77.677,2026-09-05 17:00:00,6.2,5.1,175.0
Electronic City,12.8399,77.677,2026-09-05 18:00:00,10.5,9.3,238.0
Electronic City,12.8399,77.677,2026-09-05 19:00:00,15.4,14.1,321.0
Electronic City,12.8399,77.677,2026-09-05 20:00:00,16.9,15.4,386.0
Electronic City,12.8399,77.677,2026-09-05 21:00:00,17.3,15.5,425.0
Electronic City,12.8399,77.677,2026-09-05 22:00:00,16.2,14.3,445.0
Electronic City,12.8399,77.677,2026-09-05 23:00:00,14.3,12.2,434.0
Electronic City,12.8399,77.677,2026-09-06 00:00:00,12.9,10.5,369.0
Electronic City,12.8399,77.677,2026-09-06 01:00:00,12.6,9.9,272.0
Electronic City,12.8399,77.677,2026-09-06 02:00:00,13.3,10.1,198.0
Electronic City,12.8399,77.677,2026-09-06 03:00:00,14.5,10.9,170.0
Electronic City,12.8399,77.677,2026-09-06 04:00:00,15.4,11.5,165.0
Electronic City,12.8399,77.677,2026-09-06 05:00:00,21.7,15.4,165.0
Electronic City,12.8399,77.677,2026-09-06 06:00:00,21.2,15.1,169.0
Electronic City,12.8399,77.677,2026-09-06 07:00:00,21.1,13.2,178.0
Electronic City,12.8399,77.677,2026-09-06 08:00:00,24.5,12.9,179.0
Electronic City,12.8399,77.677,2026-09-06 09:00:00,31.0,15.1,163.0
Electronic City,12.8399,77.677,2026-09-06 10:00:00,30.3,14.2,139.0
Electronic City,12.8399,77.677,2026-09-06 11:00:00,28.6,13.3,121.0
Electronic City,12.8399,77.677,2026-09-06 12:00:00,26.8,12.4,115.0
Electronic City,12.8399,77.677,2026-09-06 13:00:00,26.7,12.4,116.0
Electronic City,12.8399,77.677,2026-09-06 14:00:00,26.7,12.4,119.0
Electronic City,12.8399,77.677,2026-09-06 15:00:00,26.4,12.4,116.0
Electronic City,12.8399,77.677,2026-09-06 16:00:00,26.5,12.7,115.0
Electronic City,12.8399,77.677,2026-09-06 17:00:00,30.4,14.9,144.0
Electronic City,12.8399,77.677,2026-09-06 18:00:00,30.6,18.4,238.0
Electronic City,12.8399,77.677,2026-09-06 19:00:00,34.2,22.4,361.0
Electronic City,12.8399,77.677,2026-09-06 20:00:00,33.6,22.7,428.0
Electronic City,12.8399,77.677,2026-09-06 21:00:00,30.4,20.9,386.0
Electronic City,12.8399,77.677,2026-09-06 22:00:00,26.2,18.6,289.0
Electronic City,12.8399,77.677,2026-09-06 23:00:00,21.2,15.7,209.0
Electronic City,12.8399,77.677,2026-09-07 00:00:00,17.0,12.9,176.0
Electronic City,12.8399,77.677,2026-09-07 01:00:00,14.4,11.1,160.0
Electronic City,12.8399,77.677,2026-09-07 02:00:00,12.1,9.4,150.0
Electronic City,12.8399,77.677,2026-09-07 03:00:00,10.8,8.3,140.0
Electronic City,12.8399,77.677,2026-09-07 04:00:00,10.1,7.7,135.0
Electronic City,12.8399,77.677,2026-09-07 05:00:00,10.0,7.1,142.0
Electronic City,12.8399,77.677,2026-09-07 06:00:00,12.0,8.4,172.0
Electronic City,12.8399,77.677,2026-09-07 07:00:00,15.2,9.8,213.0
Electronic City,12.8399,77.677,2026-09-07 08:00:00,20.5,10.9,235.0
Electronic City,12.8399,77.677,2026-09-07 09:00:00,26.3,12.5,219.0
Electronic City,12.8399,77.677,2026-09-07 10:00:00,30.2,13.6,184.0
Electronic City,12.8399,77.677,2026-09-07 11:00:00,32.4,14.3,154.0
Electronic City,12.8399,77.677,2026-09-07 12:00:00,32.8,14.7,137.0
Electronic City,12.8399,77.677,2026-09-07 13:00:00,31.7,14.5,127.0
Electronic City,12.8399,77.677,2026-09-07 14:00:00,29.3,13.9,126.0
Electronic City,12.8399,77.677,2026-09-07 15:00:00,27.1,13.2,129.0
Electronic City,12.8399,77.677,2026-09-07 16:00:00,25.7,13.0,143.0
Electronic City,12.8399,77.677,2026-09-07 17:00:00,22.4,12.3,190.0
Electronic City,12.8399,77.677,2026-09-07 18:00:00,26.2,17.3,317.0
Electronic City,12.8399,77.677,2026-09-07 19:00:00,29.0,20.7,478.0
Electronic City,12.8399,77.677,2026-09-07 20:00:00,28.1,20.4,556.0
Electronic City,12.8399,77.677,2026-09-07 21:00:00,25.4,18.6,471.0
Electronic City,12.8399,77.677,2026-09-07 22:00:00,23.1,17.1,303.0
Electronic City,12.8399,77.677,2026-09-07 23:00:00,21.4,15.5,174.0
Electronic City,12.8399,77.677,2026-09-08 00:00:00,20.0,14.0,135.0
Electronic City,12.8399,77.677,2026-09-08 01:00:00,18.2,12.3,134.0
Electronic City,12.8399,77.677,2026-09-08 02:00:00,17.6,11.4,138.0
Electronic City,12.8399,77.677,2026-09-08 03:00:00,17.9,11.0,135.0
Electronic City,12.8399,77.677,2026-09-08 04:00:00,18.7,10.9,137.0
Electronic City,12.8399,77.677,2026-09-08 05:00:00,20.1,10.5,143.0
Electronic City,12.8399,77.677,2026-09-08 06:00:00,22.0,11.8,158.0
Electronic City,12.8399,77.677,2026-09-08 07:00:00,26.0,12.7,178.0
Electronic City,12.8399,77.677,2026-09-08 08:00:00,27.2,13.0,187.0
Electronic City,12.8399,77.677,2026-09-08 09:00:00,28.5,13.6,177.0
Electronic City,12.8399,77.677,2026-09-08 10:00:00,30.4,14.4,157.0
Electronic City,12.8399,77.677,2026-09-08 11:00:00,32.1,15.0,141.0
Electronic City,12.8399,77.677,2026-09-08 12:00:00,32.2,15.3,133.0
Electronic City,12.8399,77.677,2026-09-08 13:00:00,34.0,16.8,130.0
Electronic City,12.8399,77.677,2026-09-08 14:00:00,25.8,13.3,133.0
Electronic City,12.8399,77.677,2026-09-08 15:00:00,22.7,12.1,144.0
Electronic City,12.8399,77.677,2026-09-08 16:00:00,19.0,10.5,161.0
Electronic City,12.8399,77.677,2026-09-08 17:00:00,20.7,11.8,180.0
Electronic City,12.8399,77.677,2026-09-08 18:00:00,19.8,13.3,203.0
Electronic City,12.8399,77.677,2026-09-08 19:00:00,19.6,14.4,228.0
Electronic City,12.8399,77.677,2026-09-08 20:00:00,18.7,14.2,239.0
Electronic City,12.8399,77.677,2026-09-08 21:00:00,18.2,13.6,225.0
Electronic City,12.8399,77.677,2026-09-08 22:00:00,18.2,13.4,197.0
Electronic City,12.8399,77.677,2026-09-08 23:00:00,18.2,12.8,173.0
Electronic City,12.8399,77.677,2026-09-09 00:00:00,17.2,11.7,160.0
Electronic City,12.8399,77.677,2026-09-09 01:00:00,15.1,10.1,151.0
Electronic City,12.8399,77.677,2026-09-09 02:00:00,13.2,8.7,145.0
Electronic City,12.8399,77.677,2026-09-09 03:00:00,12.5,8.0,139.0
Electronic City,12.8399,77.677,2026-09-09 04:00:00,12.8,7.9,136.0
Electronic City,12.8399,77.677,2026-09-09 05:00:00,12.0,7.4,141.0
Electronic City,12.8399,77.677,2026-09-09 06:00:00,13.5,8.6,163.0
Electronic City,12.8399,77.677,2026-09-09 07:00:00,15.8,9.4,194.0
Electronic City,12.8399,77.677,2026-09-09 08:00:00,18.2,9.5,210.0
Electronic City,12.8399,77.677,2026-09-09 09:00:00,22.3,10.5,198.0
Electronic City,12.8399,77.677,2026-09-09 10:00:00,26.4,11.8,171.0
Electronic City,12.8399,77.677,2026-09-09 11:00:00,28.1,12.6,151.0
Electronic City,12.8399,77.677,2026-09-09 12:00:00,27.8,12.4,146.0
Electronic City,12.8399,77.677,2026-09-09 13:00:00,26.6,12.1,147.0
Electronic City,12.8399,77.677,2026-09-09 14:00:00,25.1,11.6,149.0
Electronic City,12.8399,77.677,2026-09-09 15:00:00,23.1,11.0,145.0
Electronic City,12.8399,77.677,2026-09-09 16:00:00,21.6,10.6,141.0
Electronic City,12.8399,77.677,2026-09-09 17:00:00,35.6,17.0,155.0
Electronic City,12.8399,77.677,2026-09-09 18:00:00,36.1,21.6,207.0
Electronic City,12.8399,77.677,2026-09-09 19:00:00,41.1,27.2,275.0
Electronic City,12.8399,77.677,2026-09-09 20:00:00,43.0,30.2,317.0
Electronic City,12.8399,77.677,2026-09-09 21:00:00,39.6,28.6,307.0
Electronic City,12.8399,77.677,2026-09-09 22:00:00,33.3,24.7,269.0
Electronic City,12.8399,77.677,2026-09-09 23:00:00,26.0,19.7,233.0
Electronic City,12.8399,77.677,2026-09-10 00:00:00,19.6,15.0,207.0
Electronic City,12.8399,77.677,2026-09-10 01:00:00,15.4,11.9,183.0
Electronic City,12.8399,77.677,2026-09-10 02:00:00,12.3,9.7,164.0
Electronic City,12.8399,77.677,2026-09-10 03:00:00,10.9,8.5,148.0
Electronic City,12.8399,77.677,2026-09-10 04:00:00,10.4,8.1,137.0
Electronic City,12.8399,77.677,2026-09-10 05:00:00,10.5,8.1,140.0
Electronic City,12.8399,77.677,2026-09-10 06:00:00,11.8,9.4,170.0
Electronic City,12.8399,77.677,2026-09-10 07:00:00,12.6,9.2,213.0
Electronic City,12.8399,77.677,2026-09-10 08:00:00,15.6,9.8,241.0
Electronic City,12.8399,77.677,2026-09-10 09:00:00,19.2,10.9,236.0
Electronic City,12.8399,77.677,2026-09-10 10:00:00,24.1,13.1,216.0
Electronic City,12.8399,77.677,2026-09-10 11:00:00,26.5,14.2,199.0
Electronic City,12.8399,77.677,2026-09-10 12:00:00,27.1,14.5,190.0
Electronic City,12.8399,77.677,2026-09-10 13:00:00,27.2,14.5,185.0
Electronic City,12.8399,77.677,2026-09-10 14:00:00,26.4,14.3,193.0
Electronic City,12.8399,77.677,2026-09-10 15:00:00,25.4,14.0,221.0
Electronic City,12.8399,77.677,2026-09-10 16:00:00,24.7,14.0,261.0
Electronic City,12.8399,77.677,2026-09-10 17:00:00,30.3,17.6,298.0
Electronic City,12.8399,77.677,2026-09-10 18:00:00,33.1,22.4,333.0
Electronic City,12.8399,77.677,2026-09-10 19:00:00,37.7,27.7,363.0
Electronic City,12.8399,77.677,2026-09-10 20:00:00,39.6,29.9,369.0
Electronic City,12.8399,77.677,2026-09-10 21:00:00,38.6,29.4,329.0
Electronic City,12.8399,77.677,2026-09-10 22:00:00,34.2,26.5,265.0
Electronic City,12.8399,77.677,2026-09-10 23:00:00,24.3,19.2,215.0
Electronic City,12.8399,77.677,2026-09-11 00:00:00,18.0,14.3,197.0
Electronic City,12.8399,77.677,2026-09-11 01:00:00,15.3,11.9,194.0
Electronic City,12.8399,77.677,2026-09-11 02:00:00,15.3,11.2,193.0
Electronic City,12.8399,77.677,2026-09-11 03:00:00,16.3,11.3,190.0
Electronic City,12.8399,77.677,2026-09-11 04:00:00,17.8,11.9,189.0
Electronic City,12.8399,77.677,2026-09-11 05:00:00,15.4,10.3,195.0
Electronic City,12.8399,77.677,2026-09-11 06:00:00,17.1,11.6,216.0
Electronic City,12.8399,77.677,2026-09-11 07:00:00,19.0,12.3,245.0
Electronic City,12.8399,77.677,2026-09-11 08:00:00,22.6,12.5,259.0
Electronic City,12.8399,77.677,2026-09-11 09:00:00,27.5,14.3,246.0
Electronic City,12.8399,77.677,2026-09-11 10:00:00,32.1,16.5,218.0
Electronic City,12.8399,77.677,2026-09-11 11:00:00,33.8,17.5,196.0
Electronic City,12.8399,77.677,2026-09-11 12:00:00,33.1,17.2,186.0
Electronic City,12.8399,77.677,2026-09-11 13:00:00,31.7,16.6,182.0
Electronic City,12.8399,77.677,2026-09-11 14:00:00,30.2,15.9,181.0
Electronic City,12.8399,77.677,2026-09-11 15:00:00,29.3,15.8,178.0
Electronic City,12.8399,77.677,2026-09-11 16:00:00,28.7,15.7,180.0
Electronic City,12.8399,77.677,2026-09-11 17:00:00,27.9,16.6,202.0
Electronic City,12.8399,77.677,2026-09-11 18:00:00,31.8,22.1,269.0
Electronic City,12.8399,77.677,2026-09-11 19:00:00,39.2,29.2,357.0
Electronic City,12.8399,77.677,2026-09-11 20:00:00,44.9,34.2,412.0
Electronic City,12.8399,77.677,2026-09-11 21:00:00,49.2,38.1,407.0
Electronic City,12.8399,77.677,2026-09-11 22:00:00,50.5,39.1,370.0
Electronic City,12.8399,77.677,2026-09-11 23:00:00,46.9,36.0,330.0
Electronic City,12.8399,77.677,2026-09-12 00:00:00,39.5,29.4,292.0
Electronic City,12.8399,77.677,2026-09-12 01:00:00,31.4,23.0,252.0
Electronic City,12.8399,77.677,2026-09-12 02:00:00,25.8,18.7,220.0
Electronic City,12.8399,77.677,2026-09-12 03:00:00,22.3,16.1,203.0
Electronic City,12.8399,77.677,2026-09-12 04:00:00,20.2,14.4,194.0
Electronic City,12.8399,77.677,2026-09-12 05:00:00,16.8,12.2,191.0
Electronic City,12.8399,77.677,2026-09-12 06:00:00,17.7,13.0,195.0
Electronic City,12.8399,77.677,2026-09-12 07:00:00,20.3,12.8,205.0
Electronic City,12.8399,77.677,2026-09-12 08:00:00,24.6,13.6,208.0
Electronic City,12.8399,77.677,2026-09-12 09:00:00,28.1,15.0,198.0
Electronic City,12.8399,77.677,2026-09-12 10:00:00,31.7,16.0,182.0
Electronic City,12.8399,77.677,2026-09-12 11:00:00,31.9,16.0,167.0
Electronic City,12.8399,77.677,2026-09-12 12:00:00,29.3,15.0,153.0
Electronic City,12.8399,77.677,2026-09-12 13:00:00,27.6,14.5,140.0
Electronic City,12.8399,77.677,2026-09-12 14:00:00,26.1,14.0,137.0
Electronic City,12.8399,77.677,2026-09-12 15:00:00,25.8,14.1,118.0
Electronic City,12.8399,77.677,2026-09-12 16:00:00,26.5,14.7,110.0
Electronic City,12.8399,77.677,2026-09-12 17:00:00,21.1,14.6,202.0
Electronic City,12.8399,77.677,2026-09-12 18:00:00,24.1,18.3,527.0
Electronic City,12.8399,77.677,2026-09-12 19:00:00,27.3,21.7,952.0
Electronic City,12.8399,77.677,2026-09-12 20:00:00,26.1,21.0,1174.0
Electronic City,12.8399,77.677,2026-09-12 21:00:00,22.2,18.1,995.0
Electronic City,12.8399,77.677,2026-09-12 22:00:00,18.5,15.5,611.0
Electronic City,12.8399,77.677,2026-09-12 23:00:00,15.7,13.3,309.0
Electronic City,12.8399,77.677,2026-09-13 00:00:00,13.4,11.4,206.0
Electronic City,12.8399,77.677,2026-09-13 01:00:00,11.8,9.9,184.0
Electronic City,12.8399,77.677,2026-09-13 02:00:00,10.8,9.1,178.0
Electronic City,12.8399,77.677,2026-09-13 03:00:00,10.1,8.5,171.0
Electronic City,12.8399,77.677,2026-09-13 04:00:00,10.0,8.2,180.0
Electronic City,12.8399,77.677,2026-09-13 05:00:00,9.8,8.0,191.0
Electronic City,12.8399,77.677,2026-09-13 06:00:00,11.3,9.3,205.0
Electronic City,12.8399,77.677,2026-09-13 07:00:00,11.9,8.7,221.0
Electronic City,12.8399,77.677,2026-09-13 08:00:00,13.7,9.1,226.0
Electronic City,12.8399,77.677,2026-09-13 09:00:00,16.4,9.8,211.0
Electronic City,12.8399,77.677,2026-09-13 10:00:00,18.3,10.5,185.0
Electronic City,12.8399,77.677,2026-09-13 11:00:00,19.5,11.1,162.0
Electronic City,12.8399,77.677,2026-09-13 12:00:00,20.1,11.6,145.0
Electronic City,12.8399,77.677,2026-09-13 13:00:00,20.3,11.6,131.0
Electronic City,12.8399,77.677,2026-09-13 14:00:00,20.5,11.7,127.0
Electronic City,12.8399,77.677,2026-09-13 15:00:00,19.8,11.3,130.0
Electronic City,12.8399,77.677,2026-09-13 16:00:00,19.4,11.2,144.0
Electronic City,12.8399,77.677,2026-09-13 17:00:00,24.7,14.3,187.0
Electronic City,12.8399,77.677,2026-09-13 18:00:00,26.8,18.3,289.0
Electronic City,12.8399,77.677,2026-09-13 19:00:00,28.9,21.0,420.0
Electronic City,12.8399,77.677,2026-09-13 20:00:00,29.9,21.9,512.0
Electronic City,12.8399,77.677,2026-09-13 21:00:00,32.1,23.5,537.0
Electronic City,12.8399,77.677,2026-09-13 22:00:00,35.5,26.3,523.0
Electronic City,12.8399,77.677,2026-09-13 23:00:00,37.1,28.1,489.0
Electronic City,12.8399,77.677,2026-09-14 00:00:00,40.0,30.9,427.0
Electronic City,12.8399,77.677,2026-09-14 01:00:00,42.8,33.8,345.0
Electronic City,12.8399,77.677,2026-09-14 02:00:00,44.6,35.7,286.0
Electronic City,12.8399,77.677,2026-09-14 03:00:00,45.2,36.4,272.0
Electronic City,12.8399,77.677,2026-09-14 04:00:00,45.1,36.3,280.0
Electronic City,12.8399,77.677,2026-09-14 05:00:00,50.1,41.4,290.0
Electronic City,12.8399,77.677,2026-09-14 06:00:00,54.9,46.3,298.0
Electronic City,12.8399,77.677,2026-09-14 07:00:00,51.3,43.5,307.0
Electronic City,12.8399,77.677,2026-09-14 08:00:00,39.6,29.9,305.0
Electronic City,12.8399,77.677,2026-09-14 09:00:00,37.4,25.8,280.0
Electronic City,12.8399,77.677,2026-09-14 10:00:00,36.1,23.3,244.0
Electronic City,12.8399,77.677,2026-09-14 11:00:00,35.6,22.4,218.0
Electronic City,12.8399,77.677,2026-09-14 12:00:00,34.2,21.4,207.0
Electronic City,12.8399,77.677,2026-09-14 13:00:00,32.2,20.1,205.0
Electronic City,12.8399,77.677,2026-09-14 14:00:00,30.0,19.0,218.0
Electronic City,12.8399,77.677,2026-09-14 15:00:00,30.2,19.1,255.0
Electronic City,12.8399,77.677,2026-09-14 16:00:00,29.5,18.3,307.0
Electronic City,12.8399,77.677,2026-09-14 17:00:00,29.0,22.9,346.0
Electronic City,12.8399,77.677,2026-09-14 18:00:00,28.5,25.0,365.0
Electronic City,12.8399,77.677,2026-09-14 19:00:00,28.5,26.8,373.0
Electronic City,12.8399,77.677,2026-09-14 20:00:00,30.5,29.2,364.0
Electronic City,12.8399,77.677,2026-09-14 21:00:00,31.0,29.6,331.0
Electronic City,12.8399,77.677,2026-09-14 22:00:00,30.4,28.8,282.0
Electronic City,12.8399,77.677,2026-09-14 23:00:00,28.5,26.6,241.0
Electronic City,12.8399,77.677,2026-09-15 00:00:00,26.3,24.1,217.0
Electronic City,12.8399,77.677,2026-09-15 01:00:00,26.2,23.6,202.0
Electronic City,12.8399,77.677,2026-09-15 02:00:00,27.2,24.3,191.0
Electronic City,12.8399,77.677,2026-09-15 03:00:00,27.2,24.2,183.0
Electronic City,12.8399,77.677,2026-09-15 04:00:00,28.1,24.7,180.0
Electronic City,12.8399,77.677,2026-09-15 05:00:00,8.9,7.6,185.0
Electronic City,12.8399,77.677,2026-09-15 06:00:00,16.1,13.9,205.0
Electronic City,12.8399,77.677,2026-09-15 07:00:00,18.3,11.9,233.0
Electronic City,12.8399,77.677,2026-09-15 08:00:00,27.7,16.7,253.0
Electronic City,12.8399,77.677,2026-09-15 09:00:00,26.7,15.8,256.0
Electronic City,12.8399,77.677,2026-09-15 10:00:00,26.8,15.9,250.0
Electronic City,12.8399,77.677,2026-09-15 11:00:00,25.6,15.3,244.0
Electronic City,12.8399,77.677,2026-09-15 12:00:00,23.7,14.6,234.0
Electronic City,12.8399,77.677,2026-09-15 13:00:00,21.8,13.9,224.0
Electronic City,12.8399,77.677,2026-09-15 14:00:00,22.5,14.6,235.0
Electronic City,12.8399,77.677,2026-09-15 15:00:00,22.4,14.7,293.0
Electronic City,12.8399,77.677,2026-09-15 16:00:00,23.5,15.7,373.0
Electronic City,12.8399,77.677,2026-09-15 17:00:00,34.6,24.2,421.0
Electronic City,12.8399,77.677,2026-09-15 18:00:00,35.3,29.0,407.0
Electronic City,12.8399,77.677,2026-09-15 19:00:00,28.7,23.8,362.0
Electronic City,12.8399,77.677,2026-09-15 20:00:00,22.3,18.4,323.0
Electronic City,12.8399,77.677,2026-09-15 21:00:00,20.1,16.8,307.0
Electronic City,12.8399,77.677,2026-09-15 22:00:00,21.3,17.8,297.0
Electronic City,12.8399,77.677,2026-09-15 23:00:00,22.2,18.5,282.0
Electronic City,12.8399,77.677,2026-09-16 00:00:00,22.8,19.2,253.0
Electronic City,12.8399,77.677,2026-09-16 01:00:00,16.0,12.9,218.0
Electronic City,12.8399,77.677,2026-09-16 02:00:00,15.5,11.8,194.0
Electronic City,12.8399,77.677,2026-09-16 03:00:00,16.6,12.1,185.0
Electronic City,12.8399,77.677,2026-09-16 04:00:00,17.3,12.4,186.0
Electronic City,12.8399,77.677,2026-09-16 05:00:00,13.5,8.8,195.0
Electronic City,12.8399,77.677,2026-09-16 06:00:00,14.2,10.1,215.0
Electronic City,12.8399,77.677,2026-09-16 07:00:00,17.9,12.1,242.0
Electronic City,12.8399,77.677,2026-09-16 08:00:00,20.9,14.1,264.0
Electronic City,12.8399,77.677,2026-09-16 09:00:00,22.9,14.9,276.0
Electronic City,12.8399,77.677,2026-09-16 10:00:00,23.7,15.4,281.0
Electronic City,12.8399,77.677,2026-09-16 11:00:00,22.7,14.9,281.0
Electronic City,12.8399,77.677,2026-09-16 12:00:00,21.2,14.2,269.0
Electronic City,12.8399,77.677,2026-09-16 13:00:00,19.2,13.2,250.0
Electronic City,12.8399,77.677,2026-09-16 14:00:00,18.7,13.0,244.0
Electronic City,12.8399,77.677,2026-09-16 15:00:00,18.7,12.9,257.0
Electronic City,12.8399,77.677,2026-09-16 16:00:00,19.4,13.5,282.0
Electronic City,12.8399,77.677,2026-09-16 17:00:00,11.8,11.0,316.0
Electronic City,12.8399,77.677,2026-09-16 18:00:00,30.6,29.7,376.0
Electronic City,12.8399,77.677,2026-09-16 19:00:00,48.3,46.4,445.0
Electronic City,12.8399,77.677,2026-09-16 20:00:00,55.1,52.9,472.0
Electronic City,12.8399,77.677,2026-09-16 21:00:00,39.5,37.8,418.0
Electronic City,12.8399,77.677,2026-09-16 22:00:00,27.8,26.2,321.0
Electronic City,12.8399,77.677,2026-09-16 23:00:00,22.5,20.7,244.0
Electronic City,12.8399,77.677,2026-09-17 00:00:00,20.0,18.2,213.0
Electronic City,12.8399,77.677,2026-09-17 01:00:00,16.1,14.4,203.0
Electronic City,12.8399,77.677,2026-09-17 02:00:00,14.0,12.4,201.0
Electronic City,12.8399,77.677,2026-09-17 03:00:00,13.6,12.1,208.0
Electronic City,12.8399,77.677,2026-09-17 04:00:00,13.7,12.2,224.0
Electronic City,12.8399,77.677,2026-09-17 05:00:00,10.7,9.6,232.0
Electronic City,12.8399,77.677,2026-09-17 06:00:00,12.7,11.5,224.0
Electronic City,12.8399,77.677,2026-09-17 07:00:00,10.5,9.5,209.0
Electronic City,12.8399,77.677,2026-09-17 08:00:00,8.6,7.5,192.0
Electronic City,12.8399,77.677,2026-09-17 09:00:00,7.9,6.7,174.0
Electronic City,12.8399,77.677,2026-09-17 10:00:00,7.5,6.2,154.0
Electronic City,12.8399,77.677,2026-09-17 11:00:00,6.8,5.7,141.0
Electronic City,12.8399,77.677,2026-09-17 12:00:00,7.1,6.1,133.0
Electronic City,12.8399,77.677,2026-09-17 13:00:00,6.5,5.6,131.0
Electronic City,12.8399,77.677,2026-09-17 14:00:00,6.6,5.6,143.0
Electronic City,12.8399,77.677,2026-09-17 15:00:00,6.5,5.6,170.0
Electronic City,12.8399,77.677,2026-09-17 16:00:00,6.8,5.8,212.0
Electronic City,12.8399,77.677,2026-09-17 17:00:00,12.9,10.1,277.0
Electronic City,12.8399,77.677,2026-09-17 18:00:00,16.6,13.8,401.0
Electronic City,12.8399,77.677,2026-09-17 19:00:00,16.2,13.9,549.0
Electronic City,12.8399,77.677,2026-09-17 20:00:00,16.5,14.3,624.0
Electronic City,12.8399,77.677,2026-09-17 21:00:00,15.5,13.6,563.0
Electronic City,12.8399,77.677,2026-09-17 22:00:00,13.8,12.2,429.0
Electronic City,12.8399,77.677,2026-09-17 23:00:00,11.4,10.2,315.0
Electronic City,12.8399,77.677,2026-09-18 00:00:00,9.5,8.5,254.0
Electronic City,12.8399,77.677,2026-09-18 01:00:00,8.6,7.5,213.0
Electronic City,12.8399,77.677,2026-09-18 02:00:00,8.3,7.0,187.0
Electronic City,12.8399,77.677,2026-09-18 03:00:00,8.3,6.7,177.0
Electronic City,12.8399,77.677,2026-09-18 04:00:00,8.6,6.6,183.0
Electronic City,12.8399,77.677,2026-09-18 05:00:00,8.8,6.1,196.0
Electronic City,12.8399,77.677,2026-09-18 06:00:00,10.8,7.4,224.0
Electronic City,12.8399,77.677,2026-09-18 07:00:00,13.4,8.2,261.0
Electronic City,12.8399,77.677,2026-09-18 08:00:00,16.2,8.5,276.0
Electronic City,12.8399,77.677,2026-09-18 09:00:00,18.0,9.0,249.0
Electronic City,12.8399,77.677,2026-09-18 10:00:00,19.7,9.7,202.0
Electronic City,12.8399,77.677,2026-09-18 11:00:00,20.6,10.2,166.0
Electronic City,12.8399,77.677,2026-09-18 12:00:00,20.5,10.4,151.0
Electronic City,12.8399,77.677,2026-09-18 13:00:00,20.1,10.5,147.0
Electronic City,12.8399,77.677,2026-09-18 14:00:00,19.8,10.7,165.0
Electronic City,12.8399,77.677,2026-09-18 15:00:00,19.2,10.4,220.0
Electronic City,12.8399,77.677,2026-09-18 16:00:00,18.6,10.4,296.0
Electronic City,12.8399,77.677,2026-09-18 17:00:00,16.5,10.9,352.0
Electronic City,12.8399,77.677,2026-09-18 18:00:00,22.8,17.9,371.0
Electronic City,12.8399,77.677,2026-09-18 19:00:00,26.8,21.8,370.0
Electronic City,12.8399,77.677,2026-09-18 20:00:00,25.3,21.0,356.0
Electronic City,12.8399,77.677,2026-09-18 21:00:00,20.3,16.6,322.0
Electronic City,12.8399,77.677,2026-09-18 22:00:00,17.7,14.6,275.0
Electronic City,12.8399,77.677,2026-09-18 23:00:00,14.7,12.1,241.0
Electronic City,12.8399,77.677,2026-09-19 00:00:00,12.2,10.2,235.0
Electronic City,12.8399,77.677,2026-09-19 01:00:00,10.8,9.2,241.0
Electronic City,12.8399,77.677,2026-09-19 02:00:00,9.9,8.4,242.0
Electronic City,12.8399,77.677,2026-09-19 03:00:00,9.3,7.8,225.0
Electronic City,12.8399,77.677,2026-09-19 04:00:00,9.0,7.3,202.0
Electronic City,12.8399,77.677,2026-09-19 05:00:00,9.1,7.3,189.0
Electronic City,12.8399,77.677,2026-09-19 06:00:00,10.8,8.7,199.0
Electronic City,12.8399,77.677,2026-09-19 07:00:00,11.0,7.7,220.0
Electronic City,12.8399,77.677,2026-09-19 08:00:00,12.8,8.1,231.0
Electronic City,12.8399,77.677,2026-09-19 09:00:00,14.6,8.7,222.0
Electronic City,12.8399,77.677,2026-09-19 10:00:00,16.2,9.6,203.0
Electronic City,12.8399,77.677,2026-09-19 11:00:00,17.5,10.5,188.0
Electronic City,12.8399,77.677,2026-09-19 12:00:00,17.4,10.6,173.0
Electronic City,12.8399,77.677,2026-09-19 13:00:00,17.1,10.5,162.0
Electronic City,12.8399,77.677,2026-09-19 14:00:00,15.7,9.7,176.0
Electronic City,12.8399,77.677,2026-09-19 15:00:00,16.1,10.1,246.0
Electronic City,12.8399,77.677,2026-09-19 16:00:00,17.8,11.5,342.0
Electronic City,12.8399,77.677,2026-09-19 17:00:00,13.8,8.9,392.0
Electronic City,12.8399,77.677,2026-09-19 18:00:00,21.3,17.2,342.0
Electronic City,12.8399,77.677,2026-09-19 19:00:00,27.8,23.6,246.0
Electronic City,12.8399,77.677,2026-09-19 20:00:00,26.6,22.9,194.0
Electronic City,12.8399,77.677,2026-09-19 21:00:00,19.2,16.5,243.0
Electronic City,12.8399,77.677,2026-09-19 22:00:00,17.5,15.1,337.0
Electronic City,12.8399,77.677,2026-09-19 23:00:00,17.3,14.9,397.0
Electronic City,12.8399,77.677,2026-09-20 00:00:00,15.5,13.0,385.0
Electronic City,12.8399,77.677,2026-09-20 01:00:00,16.5,14.0,338.0
Electronic City,12.8399,77.677,2026-09-20 02:00:00,14.6,12.3,295.0
Electronic City,12.8399,77.677,2026-09-20 03:00:00,13.5,11.4,265.0
Electronic City,12.8399,77.677,2026-09-20 04:00:00,13.5,11.3,237.0
Electronic City,12.8399,77.677,2026-09-20 05:00:00,6.4,5.0,218.0
Electronic City,12.8399,77.677,2026-09-20 06:00:00,8.2,6.8,215.0
Electronic City,12.8399,77.677,2026-09-20 07:00:00,10.5,8.8,220.0
Electronic City,12.8399,77.677,2026-09-20 08:00:00,11.4,9.3,221.0
Electronic City,12.8399,77.677,2026-09-20 09:00:00,11.7,8.9,210.0
Electronic City,12.8399,77.677,2026-09-20 10:00:00,11.8,8.4,194.0
Electronic City,12.8399,77.677,2026-09-20 11:00:00,11.5,7.8,181.0
Electronic City,12.8399,77.677,2026-09-20 12:00:00,10.5,7.0,171.0
Electronic City,12.8399,77.677,2026-09-20 13:00:00,9.9,6.7,165.0
Electronic City,12.8399,77.677,2026-09-20 14:00:00,9.4,6.4,169.0
Electronic City,12.8399,77.677,2026-09-20 15:00:00,9.0,6.2,196.0
Electronic City,12.8399,77.677,2026-09-20 16:00:00,8.4,6.0,233.0
Electronic City,12.8399,77.677,2026-09-20 17:00:00,12.2,9.1,256.0
Electronic City,12.8399,77.677,2026-09-20 18:00:00,21.8,18.6,247.0
Electronic City,12.8399,77.677,2026-09-20 19:00:00,33.9,30.5,223.0
Electronic City,12.8399,77.677,2026-09-20 20:00:00,38.6,35.5,207.0
Electronic City,12.8399,77.677,2026-09-20 21:00:00,31.4,28.6,212.0
Electronic City,12.8399,77.677,2026-09-20 22:00:00,20.1,17.6,224.0
Electronic City,12.8399,77.677,2026-09-20 23:00:00,15.5,13.1,228.0
Electronic City,12.8399,77.677,2026-09-21 00:00:00,12.3,10.2,213.0
Electronic City,12.8399,77.677,2026-09-21 01:00:00,9.5,7.9,190.0
Electronic City,12.8399,77.677,2026-09-21 02:00:00,7.1,6.2,172.0
Electronic City,12.8399,77.677,2026-09-21 03:00:00,5.3,5.0,163.0
Electronic City,12.8399,77.677,2026-09-21 04:00:00,4.5,4.3,158.0
Electronic City,12.8399,77.677,2026-09-21 05:00:00,5.1,4.4,159.0
Electronic City,12.8399,77.677,2026-09-21 06:00:00,6.1,5.5,168.0
Electronic City,12.8399,77.677,2026-09-21 07:00:00,6.6,5.8,183.0
Electronic City,12.8399,77.677,2026-09-21 08:00:00,7.1,6.2,191.0
Electronic City,12.8399,77.677,2026-09-21 09:00:00,6.7,5.7,188.0
Electronic City,12.8399,77.677,2026-09-21 10:00:00,6.4,5.5,179.0
Electronic City,12.8399,77.677,2026-09-21 11:00:00,6.4,5.5,169.0
Electronic City,12.8399,77.677,2026-09-21 12:00:00,6.9,5.8,157.0
Electronic City,12.8399,77.677,2026-09-21 13:00:00,7.2,6.0,145.0
Electronic City,12.8399,77.677,2026-09-21 14:00:00,7.7,6.5,142.0
Electronic City,12.8399,77.677,2026-09-21 15:00:00,9.3,8.3,149.0
Electronic City,12.8399,77.677,2026-09-21 16:00:00,8.6,7.9,165.0
Electronic City,12.8399,77.677,2026-09-21 17:00:00,10.1,9.6,198.0
Electronic City,12.8399,77.677,2026-09-21 18:00:00,12.2,11.8,269.0
Electronic City,12.8399,77.677,2026-09-21 19:00:00,10.1,9.9,357.0
Electronic City,12.8399,77.677,2026-09-21 20:00:00,10.0,9.8,409.0
Electronic City,12.8399,77.677,2026-09-21 21:00:00,12.8,12.4,397.0
Electronic City,12.8399,77.677,2026-09-21 22:00:00,14.2,13.6,348.0
Electronic City,12.8399,77.677,2026-09-21 23:00:00,13.8,13.1,298.0
Electronic City,12.8399,77.677,2026-09-22 00:00:00,12.4,11.9,251.0
Electronic City,12.8399,77.677,2026-09-22 01:00:00,11.8,11.4,202.0
Electronic City,12.8399,77.677,2026-09-22 02:00:00,11.3,11.1,169.0
Electronic City,12.8399,77.677,2026-09-22 03:00:00,10.2,10.0,160.0
Electronic City,12.8399,77.677,2026-09-22 04:00:00,9.1,8.8,166.0
Electronic City,12.8399,77.677,2026-09-22 05:00:00,5.7,5.2,182.0
Electronic City,12.8399,77.677,2026-09-22 06:00:00,6.5,5.7,215.0
Electronic City,12.8399,77.677,2026-09-22 07:00:00,8.2,6.9,256.0
Electronic City,12.8399,77.677,2026-09-22 08:00:00,9.1,7.3,276.0
Electronic City,12.8399,77.677,2026-09-22 09:00:00,9.4,6.7,252.0
Electronic City,12.8399,77.677,2026-09-22 10:00:00,10.4,6.9,206.0
Electronic City,12.8399,77.677,2026-09-22 11:00:00,11.7,7.5,171.0
Electronic City,12.8399,77.677,2026-09-22 12:00:00,12.9,8.1,158.0
Electronic City,12.8399,77.677,2026-09-22 13:00:00,13.9,8.6,156.0
Electronic City,12.8399,77.677,2026-09-22 14:00:00,14.8,9.2,166.0
Electronic City,12.8399,77.677,2026-09-22 15:00:00,15.6,10.1,190.0
Electronic City,12.8399,77.677,2026-09-22 16:00:00,16.9,11.7,227.0
Electronic City,12.8399,77.677,2026-09-22 17:00:00,16.6,11.4,275.0
Electronic City,12.8399,77.677,2026-09-22 18:00:00,18.1,13.7,356.0
Electronic City,12.8399,77.677,2026-09-22 19:00:00,20.7,16.2,448.0
Electronic City,12.8399,77.677,2026-09-22 20:00:00,21.7,16.9,483.0
Electronic City,12.8399,77.677,2026-09-22 21:00:00,21.7,16.2,408.0
Electronic City,12.8399,77.677,2026-09-22 22:00:00,21.8,15.7,275.0
Electronic City,12.8399,77.677,2026-09-22 23:00:00,20.3,14.0,173.0
Electronic City,12.8399,77.677,2026-09-23 00:00:00,18.9,12.5,140.0
Electronic City,12.8399,77.677,2026-09-23 01:00:00,17.5,11.1,138.0
Electronic City,12.8399,77.677,2026-09-23 02:00:00,16.6,10.0,139.0
Electronic City,12.8399,77.677,2026-09-23 03:00:00,16.2,9.4,132.0
Electronic City,12.8399,77.677,2026-09-23 04:00:00,15.9,8.9,127.0
Electronic City,12.8399,77.677,2026-09-23 05:00:00,14.3,7.8,129.0
Electronic City,12.8399,77.677,2026-09-23 06:00:00,14.4,8.2,143.0
Electronic City,12.8399,77.677,2026-09-23 07:00:00,14.6,8.9,164.0
Electronic City,12.8399,77.677,2026-09-23 08:00:00,15.9,9.3,175.0
Electronic City,12.8399,77.677,2026-09-23 09:00:00,16.6,9.4,166.0
Electronic City,12.8399,77.677,2026-09-23 10:00:00,17.8,9.9,148.0
Electronic City,12.8399,77.677,2026-09-23 11:00:00,18.5,10.4,135.0
Electronic City,12.8399,77.677,2026-09-23 12:00:00,18.7,10.9,123.0
Electronic City,12.8399,77.677,2026-09-23 13:00:00,18.6,11.0,116.0
Electronic City,12.8399,77.677,2026-09-23 14:00:00,26.0,15.2,140.0
Electronic City,12.8399,77.677,2026-09-23 15:00:00,17.4,10.6,231.0
Electronic City,12.8399,77.677,2026-09-23 16:00:00,16.4,10.9,353.0
Electronic City,12.8399,77.677,2026-09-23 17:00:00,19.5,12.5,418.0
Electronic City,12.8399,77.677,2026-09-23 18:00:00,25.7,17.3,371.0
Electronic City,12.8399,77.677,2026-09-23 19:00:00,23.9,17.0,267.0
Electronic City,12.8399,77.677,2026-09-23 20:00:00,23.2,16.6,186.0
Electronic City,12.8399,77.677,2026-09-23 21:00:00,22.8,16.4,160.0
Electronic City,12.8399,77.677,2026-09-23 22:00:00,22.7,16.2,157.0
Electronic City,12.8399,77.677,2026-09-23 23:00:00,21.7,15.3,154.0
Electronic City,12.8399,77.677,2026-09-24 00:00:00,17.9,12.7,143.0
Electronic City,12.8399,77.677,2026-09-24 01:00:00,15.5,11.0,132.0
Electronic City,12.8399,77.677,2026-09-24 02:00:00,13.8,9.7,125.0
Electronic City,12.8399,77.677,2026-09-24 03:00:00,12.4,8.8,125.0
Electronic City,12.8399,77.677,2026-09-24 04:00:00,11.2,8.0,130.0
Electronic City,12.8399,77.677,2026-09-24 05:00:00,10.7,7.7,135.0
Electronic City,12.8399,77.677,2026-09-24 06:00:00,10.6,7.8,139.0
Electronic City,12.8399,77.677,2026-09-24 07:00:00,11.0,8.3,144.0
Electronic City,12.8399,77.677,2026-09-24 08:00:00,9.3,6.9,145.0
Electronic City,12.8399,77.677,2026-09-24 09:00:00,8.3,6.1,141.0
Electronic City,12.8399,77.677,2026-09-24 10:00:00,8.1,6.0,134.0
Electronic City,12.8399,77.677,2026-09-24 11:00:00,7.8,5.6,129.0
Electronic City,12.8399,77.677,2026-09-24 12:00:00,7.9,5.6,128.0
Electronic City,12.8399,77.677,2026-09-24 13:00:00,8.0,5.7,129.0
Electronic City,12.8399,77.677,2026-09-24 14:00:00,9.0,6.5,137.0
Electronic City,12.8399,77.677,2026-09-24 15:00:00,9.8,7.4,158.0
Electronic City,12.8399,77.677,2026-09-24 16:00:00,10.3,7.9,185.0
Electronic City,12.8399,77.677,2026-09-24 17:00:00,10.4,8.2,203.0
Electronic City,12.8399,77.677,2026-09-24 18:00:00,11.2,8.9,203.0
Electronic City,12.8399,77.677,2026-09-24 19:00:00,12.7,9.9,195.0
Electronic City,12.8399,77.677,2026-09-24 20:00:00,12.5,9.5,185.0
Electronic City,12.8399,77.677,2026-09-24 21:00:00,10.7,8.3,177.0
Electronic City,12.8399,77.677,2026-09-24 22:00:00,7.6,6.3,169.0
Electronic City,12.8399,77.677,2026-09-24 23:00:00,5.8,4.9,161.0
Electronic City,12.8399,77.677,2026-09-25 00:00:00,4.2,3.6,152.0
Electronic City,12.8399,77.677,2026-09-25 01:00:00,3.4,2.9,144.0
Electronic City,12.8399,77.677,2026-09-25 02:00:00,2.7,2.3,137.0
Electronic City,12.8399,77.677,2026-09-25 03:00:00,2.4,2.1,133.0
Electronic City,12.8399,77.677,2026-09-25 04:00:00,2.3,2.0,130.0
Electronic City,12.8399,77.677,2026-09-25 05:00:00,2.3,2.1,131.0
Electronic City,12.8399,77.677,2026-09-25 06:00:00,2.8,2.7,136.0
Electronic City,12.8399,77.677,2026-09-25 07:00:00,3.8,3.7,144.0
Electronic City,12.8399,77.677,2026-09-25 08:00:00,3.1,3.0,150.0
Electronic City,12.8399,77.677,2026-09-25 09:00:00,2.5,2.4,150.0
Electronic City,12.8399,77.677,2026-09-25 10:00:00,2.4,2.3,147.0
Electronic City,12.8399,77.677,2026-09-25 11:00:00,2.4,2.4,147.0
Electronic City,12.8399,77.677,2026-09-25 12:00:00,2.7,2.5,150.0
Electronic City,12.8399,77.677,2026-09-25 13:00:00,3.3,3.0,155.0
Electronic City,12.8399,77.677,2026-09-25 14:00:00,3.7,3.5,166.0
Electronic City,12.8399,77.677,2026-09-25 15:00:00,4.4,4.2,190.0
Electronic City,12.8399,77.677,2026-09-25 16:00:00,4.5,4.4,219.0
Electronic City,12.8399,77.677,2026-09-25 17:00:00,4.2,4.1,240.0
Electronic City,12.8399,77.677,2026-09-25 18:00:00,5.2,5.1,244.0
Electronic City,12.8399,77.677,2026-09-25 19:00:00,5.6,5.5,239.0
Electronic City,12.8399,77.677,2026-09-25 20:00:00,5.3,5.2,233.0
Electronic City,12.8399,77.677,2026-09-25 21:00:00,5.2,5.0,229.0
Electronic City,12.8399,77.677,2026-09-25 22:00:00,5.0,4.8,223.0
Electronic City,12.8399,77.677,2026-09-25 23:00:00,4.5,4.3,215.0
Electronic City,12.8399,77.677,2026-09-26 00:00:00,3.8,3.7,201.0
Electronic City,12.8399,77.677,2026-09-26 01:00:00,3.3,3.1,184.0
Electronic City,12.8399,77.677,2026-09-26 02:00:00,2.9,2.7,171.0
Electronic City,12.8399,77.677,2026-09-26 03:00:00,2.6,2.3,164.0
Electronic City,12.8399,77.677,2026-09-26 04:00:00,2.4,2.1,162.0
Electronic City,12.8399,77.677,2026-09-26 05:00:00,2.2,2.0,160.0
Electronic City,12.8399,77.677,2026-09-26 06:00:00,2.6,2.4,160.0
Electronic City,12.8399,77.677,2026-09-26 07:00:00,2.6,2.4,161.0
Electronic City,12.8399,77.677,2026-09-26 08:00:00,3.1,2.8,160.0
Electronic City,12.8399,77.677,2026-09-26 09:00:00,4.4,3.5,155.0
Electronic City,12.8399,77.677,2026-09-26 10:00:00,5.8,4.3,149.0
Electronic City,12.8399,77.677,2026-09-26 11:00:00,8.0,5.4,145.0
Electronic City,12.8399,77.677,2026-09-26 12:00:00,10.4,6.5,143.0
Electronic City,12.8399,77.677,2026-09-26 13:00:00,12.0,7.3,143.0
Electronic City,12.8399,77.677,2026-09-26 14:00:00,12.7,7.7,153.0
Electronic City,12.8399,77.677,2026-09-26 15:00:00,12.9,7.8,183.0
Electronic City,12.8399,77.677,2026-09-26 16:00:00,12.3,7.9,224.0
Electronic City,12.8399,77.677,2026-09-26 17:00:00,13.2,10.2,250.0
Electronic City,12.8399,77.677,2026-09-26 18:00:00,14.8,12.0,251.0
Electronic City,12.8399,77.677,2026-09-26 19:00:00,16.1,13.2,237.0
Electronic City,12.8399,77.677,2026-09-26 20:00:00,15.1,12.5,223.0
Electronic City,12.8399,77.677,2026-09-26 21:00:00,13.7,11.7,210.0
Electronic City,12.8399,77.677,2026-09-26 22:00:00,13.1,11.2,196.0
Electronic City,12.8399,77.677,2026-09-26 23:00:00,11.6,10.0,185.0
Electronic City,12.8399,77.677,2026-09-27 00:00:00,10.0,8.6,180.0
Electronic City,12.8399,77.677,2026-09-27 01:00:00,9.4,7.9,179.0
Electronic City,12.8399,77.677,2026-09-27 02:00:00,9.1,7.6,176.0
Electronic City,12.8399,77.677,2026-09-27 03:00:00,9.2,7.5,169.0
Electronic City,12.8399,77.677,2026-09-27 04:00:00,9.5,7.8,160.0
Electronic City,12.8399,77.677,2026-09-27 05:00:00,10.5,8.5,155.0
Electronic City,12.8399,77.677,2026-09-27 06:00:00,12.4,10.1,158.0
Electronic City,12.8399,77.677,2026-09-27 07:00:00,13.4,10.7,164.0
Electronic City,12.8399,77.677,2026-09-27 08:00:00,14.4,11.0,167.0
Electronic City,12.8399,77.677,2026-09-27 09:00:00,16.4,11.6,162.0
Electronic City,12.8399,77.677,2026-09-27 10:00:00,17.8,11.7,155.0
Electronic City,12.8399,77.677,2026-09-27 11:00:00,18.8,11.3,151.0
Electronic City,12.8399,77.677,2026-09-27 12:00:00,19.0,10.9,152.0
Electronic City,12.8399,77.677,2026-09-27 13:00:00,18.1,10.5,157.0
Electronic City,12.8399,77.677,2026-09-27 14:00:00,17.5,10.2,172.0
Electronic City,12.8399,77.677,2026-09-27 15:00:00,17.1,10.1,192.0
Electronic City,12.8399,77.677,2026-09-27 16:00:00,16.5,10.0,222.0
Electronic City,12.8399,77.677,2026-09-27 17:00:00,17.6,12.1,287.0
Electronic City,12.8399,77.677,2026-09-27 18:00:00,25.7,19.8,424.0
Electronic City,12.8399,77.677,2026-09-27 19:00:00,34.1,27.4,596.0
Electronic City,12.8399,77.677,2026-09-27 20:00:00,39.7,32.7,712.0
Electronic City,12.8399,77.677,2026-09-27 21:00:00,45.4,38.1,723.0
Electronic City,12.8399,77.677,2026-09-27 22:00:00,50.4,43.0,679.0
Electronic City,12.8399,77.677,2026-09-27 23:00:00,53.4,45.9,639.0
Electronic City,12.8399,77.677,2026-09-28 00:00:00,54.2,46.9,633.0
Electronic City,12.8399,77.677,2026-09-28 01:00:00,51.3,44.6,631.0
Electronic City,12.8399,77.677,2026-09-28 02:00:00,46.4,40.2,602.0
Electronic City,12.8399,77.677,2026-09-28 03:00:00,41.2,35.4,508.0
Electronic City,12.8399,77.677,2026-09-28 04:00:00,35.7,30.4,388.0
Electronic City,12.8399,77.677,2026-09-28 05:00:00,31.7,26.8,380.3
Electronic City,12.8399,77.677,2026-09-28 06:00:00,32.2,27.7,394.5
Electronic City,12.8399,77.677,2026-09-28 07:00:00,27.8,24.2,412.5
Electronic City,12.8399,77.677,2026-09-28 08:00:00,23.7,18.9,405.0
Electronic City,12.8399,77.677,2026-09-28 09:00:00,23.6,16.9,351.0
Electronic City,12.8399,77.677,2026-09-28 10:00:00,23.9,16.1,295.0
Electronic City,12.8399,77.677,2026-09-28 11:00:00,23.9,16.2,256.0
Electronic City,12.8399,77.677,2026-09-28 12:00:00,23.1,15.9,242.0
Electronic City,12.8399,77.677,2026-09-28 13:00:00,22.0,15.7,245.0
Electronic City,12.8399,77.677,2026-09-28 14:00:00,22.8,16.6,254.0
Electronic City,12.8399,77.677,2026-09-28 15:00:00,22.2,16.5,270.0
Electronic City,12.8399,77.677,2026-09-28 16:00:00,22.6,17.0,291.0
Electronic City,12.8399,77.677,2026-09-28 17:00:00,24.7,18.7,307.0
Electronic City,12.8399,77.677,2026-09-28 18:00:00,,,
Electronic City,12.8399,77.677,2026-09-28 19:00:00,,,
Electronic City,12.8399,77.677,2026-09-28 20:00:00,,,
Electronic City,12.8399,77.677,2026-09-28 21:00:00,,,
Electronic City,12.8399,77.677,2026-09-28 22:00:00,,,
Electronic City,12.8399,77.677,2026-09-28 23:00:00,,,
