location,latitude,longitude,time,temperature,humidity
MG Road,12.9757,77.6011,2026-09-03 00:00:00,21.3,91
MG Road,12.9757,77.6011,2026-09-03 01:00:00,21.0,92
MG Road,12.9757,77.6011,2026-09-03 02:00:00,20.5,94
MG Road,12.9757,77.6011,2026-09-03 03:00:00,20.3,95
MG Road,12.9757,77.6011,2026-09-03 04:00:00,20.2,94
MG Road,12.9757,77.6011,2026-09-03 05:00:00,20.2,92
MG Road,12.9757,77.6011,2026-09-03 06:00:00,20.1,93
MG Road,12.9757,77.6011,2026-09-03 07:00:00,21.2,86
MG Road,12.9757,77.6011,2026-09-03 08:00:00,23.0,74
MG Road,12.9757,77.6011,2026-09-03 09:00:00,25.3,62
MG Road,12.9757,77.6011,2026-09-03 10:00:00,26.6,56
MG Road,12.9757,77.6011,2026-09-03 11:00:00,27.7,52
MG Road,12.9757,77.6011,2026-09-03 12:00:00,28.4,48
MG Road,12.9757,77.6011,2026-09-03 13:00:00,28.7,48
MG Road,12.9757,77.6011,2026-09-03 14:00:00,28.4,52
MG Road,12.9757,77.6011,2026-09-03 15:00:00,28.1,52
MG Road,12.9757,77.6011,2026-09-03 16:00:00,27.1,58
MG Road,12.9757,77.6011,2026-09-03 17:00:00,27.0,60
MG Road,12.9757,77.6011,2026-09-03 18:00:00,26.0,65
MG Road,12.9757,77.6011,2026-09-03 19:00:00,25.5,69
MG Road,12.9757,77.6011,2026-09-03 20:00:00,24.5,74
MG Road,12.9757,77.6011,2026-09-03 21:00:00,23.5,78
MG Road,12.9757,77.6011,2026-09-03 22:00:00,21.7,91
MG Road,12.9757,77.6011,2026-09-03 23:00:00,22.7,84
MG Road,12.9757,77.6011,2026-09-04 00:00:00,21.6,93
MG Road,12.9757,77.6011,2026-09-04 01:00:00,21.4,95
MG Road,12.9757,77.6011,2026-09-04 02:00:00,21.2,96
MG Road,12.9757,77.6011,2026-09-04 03:00:00,20.8,96
MG Road,12.9757,77.6011,2026-09-04 04:00:00,20.6,97
MG Road,12.9757,77.6011,2026-09-04 05:00:00,20.7,93
MG Road,12.9757,77.6011,2026-09-04 06:00:00,20.5,94
MG Road,12.9757,77.6011,2026-09-04 07:00:00,21.8,87
MG Road,12.9757,77.6011,2026-09-04 08:00:00,23.7,75
MG Road,12.9757,77.6011,2026-09-04 09:00:00,25.1,67
MG Road,12.9757,77.6011,2026-09-04 10:00:00,26.9,60
MG Road,12.9757,77.6011,2026-09-04 11:00:00,27.8,54
MG Road,12.9757,77.6011,2026-09-04 12:00:00,28.7,52
MG Road,12.9757,77.6011,2026-09-04 13:00:00,29.0,50
MG Road,12.9757,77.6011,2026-09-04 14:00:00,29.3,49
MG Road,12.9757,77.6011,2026-09-04 15:00:00,28.8,53
MG Road,12.9757,77.6011,2026-09-04 16:00:00,28.8,54
MG Road,12.9757,77.6011,2026-09-04 17:00:00,28.4,52
MG Road,12.9757,77.6011,2026-09-04 18:00:00,26.9,61
MG Road,12.9757,77.6011,2026-09-04 19:00:00,26.0,67
MG Road,12.9757,77.6011,2026-09-04 20:00:00,25.0,70
MG Road,12.9757,77.6011,2026-09-04 21:00:00,24.0,73
MG Road,12.9757,77.6011,2026-09-04 22:00:00,23.8,73
MG Road,12.9757,77.6011,2026-09-04 23:00:00,22.4,87
MG Road,12.9757,77.6011,2026-09-05 00:00:00,22.5,87
MG Road,12.9757,77.6011,2026-09-05 01:00:00,22.0,90
MG Road,12.9757,77.6011,2026-09-05 02:00:00,21.9,92
MG Road,12.9757,77.6011,2026-09-05 03:00:00,21.4,94
MG Road,12.9757,77.6011,2026-09-05 04:00:00,21.0,94
MG Road,12.9757,77.6011,2026-09-05 05:00:00,21.3,93
MG Road,12.9757,77.6011,2026-09-05 06:00:00,20.9,94
MG Road,12.9757,77.6011,2026-09-05 07:00:00,21.8,86
MG Road,12.9757,77.6011,2026-09-05 08:00:00,23.6,74
MG Road,12.9757,77.6011,2026-09-05 09:00:00,25.8,62
MG Road,12.9757,77.6011,2026-09-05 10:00:00,27.8,51
MG Road,12.9757,77.6011,2026-09-05 11:00:00,29.3,45
MG Road,12.9757,77.6011,2026-09-05 12:00:00,30.2,41
MG Road,12.9757,77.6011,2026-09-05 13:00:00,30.7,40
MG Road,12.9757,77.6011,2026-09-05 14:00:00,30.8,39
MG Road,12.9757,77.6011,2026-09-05 15:00:00,30.6,40
MG Road,12.9757,77.6011,2026-09-05 16:00:00,30.0,42
MG Road,12.9757,77.6011,2026-09-05 17:00:00,30.2,40
MG Road,12.9757,77.6011,2026-09-05 18:00:00,28.7,46
MG Road,12.9757,77.6011,2026-09-05 19:00:00,27.7,51
MG Road,12.9757,77.6011,2026-09-05 20:00:00,27.1,54
MG Road,12.9757,77.6011,2026-09-05 21:00:00,26.6,56
MG Road,12.9757,77.6011,2026-09-05 22:00:00,25.6,61
MG Road,12.9757,77.6011,2026-09-05 23:00:00,25.4,62
MG Road,12.9757,77.6011,2026-09-06 00:00:00,24.1,69
MG Road,12.9757,77.6011,2026-09-06 01:00:00,23.5,74
MG Road,12.9757,77.6011,2026-09-06 02:00:00,22.9,80
MG Road,12.9757,77.6011,2026-09-06 03:00:00,22.2,84
MG Road,12.9757,77.6011,2026-09-06 04:00:00,21.7,87
MG Road,12.9757,77.6011,2026-09-06 05:00:00,21.7,86
MG Road,12.9757,77.6011,2026-09-06 06:00:00,21.4,88
MG Road,12.9757,77.6011,2026-09-06 07:00:00,22.4,81
MG Road,12.9757,77.6011,2026-09-06 08:00:00,23.9,72
MG Road,12.9757,77.6011,2026-09-06 09:00:00,26.0,61
MG Road,12.9757,77.6011,2026-09-06 10:00:00,27.9,51
MG Road,12.9757,77.6011,2026-09-06 11:00:00,29.2,46
MG Road,12.9757,77.6011,2026-09-06 12:00:00,29.8,43
MG Road,12.9757,77.6011,2026-09-06 13:00:00,30.3,41
MG Road,12.9757,77.6011,2026-09-06 14:00:00,30.3,42
MG Road,12.9757,77.6011,2026-09-06 15:00:00,30.5,41
MG Road,12.9757,77.6011,2026-09-06 16:00:00,30.2,41
MG Road,12.9757,77.6011,2026-09-06 17:00:00,30.3,38
MG Road,12.9757,77.6011,2026-09-06 18:00:00,28.9,44
MG Road,12.9757,77.6011,2026-09-06 19:00:00,27.9,49
MG Road,12.9757,77.6011,2026-09-06 20:00:00,27.3,52
MG Road,12.9757,77.6011,2026-09-06 21:00:00,26.8,54
MG Road,12.9757,77.6011,2026-09-06 22:00:00,25.8,58
MG Road,12.9757,77.6011,2026-09-06 23:00:00,24.9,64
MG Road,12.9757,77.6011,2026-09-07 00:00:00,23.6,73
MG Road,12.9757,77.6011,2026-09-07 01:00:00,22.8,80
MG Road,12.9757,77.6011,2026-09-07 02:00:00,22.1,85
MG Road,12.9757,77.6011,2026-09-07 03:00:00,21.7,88
MG Road,12.9757,77.6011,2026-09-07 04:00:00,21.3,90
MG Road,12.9757,77.6011,2026-09-07 05:00:00,21.1,90
MG Road,12.9757,77.6011,2026-09-07 06:00:00,20.8,90
MG Road,12.9757,77.6011,2026-09-07 07:00:00,21.8,83
MG Road,12.9757,77.6011,2026-09-07 08:00:00,23.7,70
MG Road,12.9757,77.6011,2026-09-07 09:00:00,25.8,61
MG Road,12.9757,77.6011,2026-09-07 10:00:00,27.6,52
MG Road,12.9757,77.6011,2026-09-07 11:00:00,28.9,45
MG Road,12.9757,77.6011,2026-09-07 12:00:00,29.8,42
MG Road,12.9757,77.6011,2026-09-07 13:00:00,30.6,39
MG Road,12.9757,77.6011,2026-09-07 14:00:00,30.9,38
MG Road,12.9757,77.6011,2026-09-07 15:00:00,30.8,38
MG Road,12.9757,77.6011,2026-09-07 16:00:00,30.3,39
MG Road,12.9757,77.6011,2026-09-07 17:00:00,29.9,39
MG Road,12.9757,77.6011,2026-09-07 18:00:00,28.1,46
MG Road,12.9757,77.6011,2026-09-07 19:00:00,27.5,52
MG Road,12.9757,77.6011,2026-09-07 20:00:00,26.8,56
MG Road,12.9757,77.6011,2026-09-07 21:00:00,26.2,56
MG Road,12.9757,77.6011,2026-09-07 22:00:00,24.9,61
MG Road,12.9757,77.6011,2026-09-07 23:00:00,24.3,67
MG Road,12.9757,77.6011,2026-09-08 00:00:00,23.3,75
MG Road,12.9757,77.6011,2026-09-08 01:00:00,22.8,81
MG Road,12.9757,77.6011,2026-09-08 02:00:00,22.3,85
MG Road,12.9757,77.6011,2026-09-08 03:00:00,21.8,87
MG Road,12.9757,77.6011,2026-09-08 04:00:00,21.2,89
MG Road,12.9757,77.6011,2026-09-08 05:00:00,21.2,89
MG Road,12.9757,77.6011,2026-09-08 06:00:00,20.8,91
MG Road,12.9757,77.6011,2026-09-08 07:00:00,21.9,83
MG Road,12.9757,77.6011,2026-09-08 08:00:00,23.9,70
MG Road,12.9757,77.6011,2026-09-08 09:00:00,26.1,58
MG Road,12.9757,77.6011,2026-09-08 10:00:00,28.0,49
MG Road,12.9757,77.6011,2026-09-08 11:00:00,29.1,44
MG Road,12.9757,77.6011,2026-09-08 12:00:00,29.8,40
MG Road,12.9757,77.6011,2026-09-08 13:00:00,30.1,39
MG Road,12.9757,77.6011,2026-09-08 14:00:00,31.0,37
MG Road,12.9757,77.6011,2026-09-08 15:00:00,29.5,43
MG Road,12.9757,77.6011,2026-09-08 16:00:00,29.3,44
MG Road,12.9757,77.6011,2026-09-08 17:00:00,29.0,43
MG Road,12.9757,77.6011,2026-09-08 18:00:00,27.9,48
MG Road,12.9757,77.6011,2026-09-08 19:00:00,27.2,51
MG Road,12.9757,77.6011,2026-09-08 20:00:00,26.0,59
MG Road,12.9757,77.6011,2026-09-08 21:00:00,24.7,67
MG Road,12.9757,77.6011,2026-09-08 22:00:00,23.6,72
MG Road,12.9757,77.6011,2026-09-08 23:00:00,20.9,91
MG Road,12.9757,77.6011,2026-09-09 00:00:00,20.4,93
MG Road,12.9757,77.6011,2026-09-09 01:00:00,20.8,94
MG Road,12.9757,77.6011,2026-09-09 02:00:00,21.0,94
MG Road,12.9757,77.6011,2026-09-09 03:00:00,21.0,94
MG Road,12.9757,77.6011,2026-09-09 04:00:00,20.6,97
MG Road,12.9757,77.6011,2026-09-09 05:00:00,21.3,90
MG Road,12.9757,77.6011,2026-09-09 06:00:00,20.8,92
MG Road,12.9757,77.6011,2026-09-09 07:00:00,22.0,82
MG Road,12.9757,77.6011,2026-09-09 08:00:00,23.9,70
MG Road,12.9757,77.6011,2026-09-09 09:00:00,25.9,58
MG Road,12.9757,77.6011,2026-09-09 10:00:00,27.9,49
MG Road,12.9757,77.6011,2026-09-09 11:00:00,29.1,45
MG Road,12.9757,77.6011,2026-09-09 12:00:00,29.1,46
MG Road,12.9757,77.6011,2026-09-09 13:00:00,30.5,41
MG Road,12.9757,77.6011,2026-09-09 14:00:00,30.6,40
MG Road,12.9757,77.6011,2026-09-09 15:00:00,30.6,40
MG Road,12.9757,77.6011,2026-09-09 16:00:00,30.2,41
MG Road,12.9757,77.6011,2026-09-09 17:00:00,29.3,44
MG Road,12.9757,77.6011,2026-09-09 18:00:00,28.1,48
MG Road,12.9757,77.6011,2026-09-09 19:00:00,27.3,52
MG Road,12.9757,77.6011,2026-09-09 20:00:00,26.8,54
MG Road,12.9757,77.6011,2026-09-09 21:00:00,26.4,57
MG Road,12.9757,77.6011,2026-09-09 22:00:00,25.3,62
MG Road,12.9757,77.6011,2026-09-09 23:00:00,24.1,69
MG Road,12.9757,77.6011,2026-09-10 00:00:00,23.1,76
MG Road,12.9757,77.6011,2026-09-10 01:00:00,22.5,80
MG Road,12.9757,77.6011,2026-09-10 02:00:00,22.0,83
MG Road,12.9757,77.6011,2026-09-10 03:00:00,21.5,86
MG Road,12.9757,77.6011,2026-09-10 04:00:00,21.2,89
MG Road,12.9757,77.6011,2026-09-10 05:00:00,21.5,87
MG Road,12.9757,77.6011,2026-09-10 06:00:00,21.0,90
MG Road,12.9757,77.6011,2026-09-10 07:00:00,22.1,84
MG Road,12.9757,77.6011,2026-09-10 08:00:00,24.1,71
MG Road,12.9757,77.6011,2026-09-10 09:00:00,26.8,57
MG Road,12.9757,77.6011,2026-09-10 10:00:00,28.2,52
MG Road,12.9757,77.6011,2026-09-10 11:00:00,29.0,48
MG Road,12.9757,77.6011,2026-09-10 12:00:00,29.3,48
MG Road,12.9757,77.6011,2026-09-10 13:00:00,30.1,46
MG Road,12.9757,77.6011,2026-09-10 14:00:00,30.1,45
MG Road,12.9757,77.6011,2026-09-10 15:00:00,29.6,46
MG Road,12.9757,77.6011,2026-09-10 16:00:00,29.2,46
MG Road,12.9757,77.6011,2026-09-10 17:00:00,29.7,44
MG Road,12.9757,77.6011,2026-09-10 18:00:00,28.4,49
MG Road,12.9757,77.6011,2026-09-10 19:00:00,27.8,53
MG Road,12.9757,77.6011,2026-09-10 20:00:00,27.2,54
MG Road,12.9757,77.6011,2026-09-10 21:00:00,26.9,55
MG Road,12.9757,77.6011,2026-09-10 22:00:00,25.1,64
MG Road,12.9757,77.6011,2026-09-10 23:00:00,23.3,78
MG Road,12.9757,77.6011,2026-09-11 00:00:00,23.0,81
MG Road,12.9757,77.6011,2026-09-11 01:00:00,22.1,89
MG Road,12.9757,77.6011,2026-09-11 02:00:00,21.6,93
MG Road,12.9757,77.6011,2026-09-11 03:00:00,21.6,94
MG Road,12.9757,77.6011,2026-09-11 04:00:00,21.5,95
MG Road,12.9757,77.6011,2026-09-11 05:00:00,22.5,82
MG Road,12.9757,77.6011,2026-09-11 06:00:00,22.1,84
MG Road,12.9757,77.6011,2026-09-11 07:00:00,22.9,79
MG Road,12.9757,77.6011,2026-09-11 08:00:00,23.9,75
MG Road,12.9757,77.6011,2026-09-11 09:00:00,26.3,62
MG Road,12.9757,77.6011,2026-09-11 10:00:00,27.8,54
MG Road,12.9757,77.6011,2026-09-11 11:00:00,29.0,48
MG Road,12.9757,77.6011,2026-09-11 12:00:00,29.8,45
MG Road,12.9757,77.6011,2026-09-11 13:00:00,30.8,41
MG Road,12.9757,77.6011,2026-09-11 14:00:00,31.0,40
MG Road,12.9757,77.6011,2026-09-11 15:00:00,30.9,40
MG Road,12.9757,77.6011,2026-09-11 16:00:00,30.6,41
MG Road,12.9757,77.6011,2026-09-11 17:00:00,30.2,40
MG Road,12.9757,77.6011,2026-09-11 18:00:00,28.7,44
MG Road,12.9757,77.6011,2026-09-11 19:00:00,28.0,49
MG Road,12.9757,77.6011,2026-09-11 20:00:00,27.5,57
MG Road,12.9757,77.6011,2026-09-11 21:00:00,26.9,55
MG Road,12.9757,77.6011,2026-09-11 22:00:00,26.0,58
MG Road,12.9757,77.6011,2026-09-11 23:00:00,25.7,57
MG Road,12.9757,77.6011,2026-09-12 00:00:00,24.4,59
MG Road,12.9757,77.6011,2026-09-12 01:00:00,23.5,65
MG Road,12.9757,77.6011,2026-09-12 02:00:00,22.8,69
MG Road,12.9757,77.6011,2026-09-12 03:00:00,22.2,74
MG Road,12.9757,77.6011,2026-09-12 04:00:00,21.8,80
MG Road,12.9757,77.6011,2026-09-12 05:00:00,22.1,85
MG Road,12.9757,77.6011,2026-09-12 06:00:00,21.8,89
MG Road,12.9757,77.6011,2026-09-12 07:00:00,22.8,84
MG Road,12.9757,77.6011,2026-09-12 08:00:00,24.3,73
MG Road,12.9757,77.6011,2026-09-12 09:00:00,26.0,63
MG Road,12.9757,77.6011,2026-09-12 10:00:00,27.9,54
MG Road,12.9757,77.6011,2026-09-12 11:00:00,29.3,48
MG Road,12.9757,77.6011,2026-09-12 12:00:00,29.8,46
MG Road,12.9757,77.6011,2026-09-12 13:00:00,30.1,45
MG Road,12.9757,77.6011,2026-09-12 14:00:00,30.3,44
MG Road,12.9757,77.6011,2026-09-12 15:00:00,30.4,43
MG Road,12.9757,77.6011,2026-09-12 16:00:00,29.8,44
MG Road,12.9757,77.6011,2026-09-12 17:00:00,30.0,40
MG Road,12.9757,77.6011,2026-09-12 18:00:00,29.3,42
MG Road,12.9757,77.6011,2026-09-12 19:00:00,28.8,45
MG Road,12.9757,77.6011,2026-09-12 20:00:00,27.9,47
MG Road,12.9757,77.6011,2026-09-12 21:00:00,26.9,48
MG Road,12.9757,77.6011,2026-09-12 22:00:00,25.6,52
MG Road,12.9757,77.6011,2026-09-12 23:00:00,24.4,58
MG Road,12.9757,77.6011,2026-09-13 00:00:00,23.2,66
MG Road,12.9757,77.6011,2026-09-13 01:00:00,22.3,73
MG Road,12.9757,77.6011,2026-09-13 02:00:00,21.6,78
MG Road,12.9757,77.6011,2026-09-13 03:00:00,21.3,82
MG Road,12.9757,77.6011,2026-09-13 04:00:00,21.0,85
MG Road,12.9757,77.6011,2026-09-13 05:00:00,21.2,84
MG Road,12.9757,77.6011,2026-09-13 06:00:00,20.9,85
MG Road,12.9757,77.6011,2026-09-13 07:00:00,21.6,80
MG Road,12.9757,77.6011,2026-09-13 08:00:00,23.3,72
MG Road,12.9757,77.6011,2026-09-13 09:00:00,25.5,60
MG Road,12.9757,77.6011,2026-09-13 10:00:00,27.2,51
MG Road,12.9757,77.6011,2026-09-13 11:00:00,28.7,44
MG Road,12.9757,77.6011,2026-09-13 12:00:00,29.4,39
MG Road,12.9757,77.6011,2026-09-13 13:00:00,30.0,37
MG Road,12.9757,77.6011,2026-09-13 14:00:00,30.4,36
MG Road,12.9757,77.6011,2026-09-13 15:00:00,29.8,36
MG Road,12.9757,77.6011,2026-09-13 16:00:00,29.1,37
MG Road,12.9757,77.6011,2026-09-13 17:00:00,28.8,40
MG Road,12.9757,77.6011,2026-09-13 18:00:00,27.4,46
MG Road,12.9757,77.6011,2026-09-13 19:00:00,26.6,51
MG Road,12.9757,77.6011,2026-09-13 20:00:00,25.8,55
MG Road,12.9757,77.6011,2026-09-13 21:00:00,25.6,54
MG Road,12.9757,77.6011,2026-09-13 22:00:00,25.3,54
MG Road,12.9757,77.6011,2026-09-13 23:00:00,25.3,58
MG Road,12.9757,77.6011,2026-09-14 00:00:00,24.6,62
MG Road,12.9757,77.6011,2026-09-14 01:00:00,24.0,67
MG Road,12.9757,77.6011,2026-09-14 02:00:00,22.9,70
MG Road,12.9757,77.6011,2026-09-14 03:00:00,22.4,70
MG Road,12.9757,77.6011,2026-09-14 04:00:00,21.9,73
MG Road,12.9757,77.6011,2026-09-14 05:00:00,22.7,74
MG Road,12.9757,77.6011,2026-09-14 06:00:00,22.1,78
MG Road,12.9757,77.6011,2026-09-14 07:00:00,23.4,72
MG Road,12.9757,77.6011,2026-09-14 08:00:00,25.3,63
MG Road,12.9757,77.6011,2026-09-14 09:00:00,27.1,55
MG Road,12.9757,77.6011,2026-09-14 10:00:00,28.7,49
MG Road,12.9757,77.6011,2026-09-14 11:00:00,29.4,44
MG Road,12.9757,77.6011,2026-09-14 12:00:00,30.3,42
MG Road,12.9757,77.6011,2026-09-14 13:00:00,30.4,41
MG Road,12.9757,77.6011,2026-09-14 14:00:00,29.9,43
MG Road,12.9757,77.6011,2026-09-14 15:00:00,29.2,47
MG Road,12.9757,77.6011,2026-09-14 16:00:00,29.0,48
MG Road,12.9757,77.6011,2026-09-14 17:00:00,28.5,49
MG Road,12.9757,77.6011,2026-09-14 18:00:00,21.5,91
MG Road,12.9757,77.6011,2026-09-14 19:00:00,22.6,88
MG Road,12.9757,77.6011,2026-09-14 20:00:00,21.7,88
MG Road,12.9757,77.6011,2026-09-14 21:00:00,22.2,88
MG Road,12.9757,77.6011,2026-09-14 22:00:00,22.2,88
MG Road,12.9757,77.6011,2026-09-14 23:00:00,22.0,90
MG Road,12.9757,77.6011,2026-09-15 00:00:00,21.3,91
MG Road,12.9757,77.6011,2026-09-15 01:00:00,20.9,92
MG Road,12.9757,77.6011,2026-09-15 02:00:00,20.8,92
MG Road,12.9757,77.6011,2026-09-15 03:00:00,20.6,94
MG Road,12.9757,77.6011,2026-09-15 04:00:00,20.4,96
MG Road,12.9757,77.6011,2026-09-15 05:00:00,20.9,94
MG Road,12.9757,77.6011,2026-09-15 06:00:00,20.8,96
MG Road,12.9757,77.6011,2026-09-15 07:00:00,22.1,88
MG Road,12.9757,77.6011,2026-09-15 08:00:00,24.2,75
MG Road,12.9757,77.6011,2026-09-15 09:00:00,26.2,63
MG Road,12.9757,77.6011,2026-09-15 10:00:00,28.1,54
MG Road,12.9757,77.6011,2026-09-15 11:00:00,29.3,48
MG Road,12.9757,77.6011,2026-09-15 12:00:00,30.3,45
MG Road,12.9757,77.6011,2026-09-15 13:00:00,30.8,43
MG Road,12.9757,77.6011,2026-09-15 14:00:00,30.2,45
MG Road,12.9757,77.6011,2026-09-15 15:00:00,29.9,47
MG Road,12.9757,77.6011,2026-09-15 16:00:00,29.3,50
MG Road,12.9757,77.6011,2026-09-15 17:00:00,26.5,60
MG Road,12.9757,77.6011,2026-09-15 18:00:00,23.8,78
MG Road,12.9757,77.6011,2026-09-15 19:00:00,23.8,77
MG Road,12.9757,77.6011,2026-09-15 20:00:00,22.7,81
MG Road,12.9757,77.6011,2026-09-15 21:00:00,21.6,93
MG Road,12.9757,77.6011,2026-09-15 22:00:00,21.2,95
MG Road,12.9757,77.6011,2026-09-15 23:00:00,21.4,95
MG Road,12.9757,77.6011,2026-09-16 00:00:00,21.0,96
MG Road,12.9757,77.6011,2026-09-16 01:00:00,20.6,97
MG Road,12.9757,77.6011,2026-09-16 02:00:00,20.6,98
MG Road,12.9757,77.6011,2026-09-16 03:00:00,20.6,97
MG Road,12.9757,77.6011,2026-09-16 04:00:00,20.5,95
MG Road,12.9757,77.6011,2026-09-16 05:00:00,20.8,92
MG Road,12.9757,77.6011,2026-09-16 06:00:00,20.5,93
MG Road,12.9757,77.6011,2026-09-16 07:00:00,21.5,85
MG Road,12.9757,77.6011,2026-09-16 08:00:00,23.4,74
MG Road,12.9757,77.6011,2026-09-16 09:00:00,25.5,61
MG Road,12.9757,77.6011,2026-09-16 10:00:00,27.2,54
MG Road,12.9757,77.6011,2026-09-16 11:00:00,27.4,56
MG Road,12.9757,77.6011,2026-09-16 12:00:00,28.9,53
MG Road,12.9757,77.6011,2026-09-16 13:00:00,29.7,50
MG Road,12.9757,77.6011,2026-09-16 14:00:00,30.0,48
MG Road,12.9757,77.6011,2026-09-16 15:00:00,29.9,48
MG Road,12.9757,77.6011,2026-09-16 16:00:00,29.6,47
MG Road,12.9757,77.6011,2026-09-16 17:00:00,29.8,42
MG Road,12.9757,77.6011,2026-09-16 18:00:00,29.4,41
MG Road,12.9757,77.6011,2026-09-16 19:00:00,28.8,45
MG Road,12.9757,77.6011,2026-09-16 20:00:00,27.5,51
MG Road,12.9757,77.6011,2026-09-16 21:00:00,26.4,62
MG Road,12.9757,77.6011,2026-09-16 22:00:00,26.2,64
MG Road,12.9757,77.6011,2026-09-16 23:00:00,25.7,69
MG Road,12.9757,77.6011,2026-09-17 00:00:00,24.3,73
MG Road,12.9757,77.6011,2026-09-17 01:00:00,23.2,81
MG Road,12.9757,77.6011,2026-09-17 02:00:00,22.4,83
MG Road,12.9757,77.6011,2026-09-17 03:00:00,21.0,89
MG Road,12.9757,77.6011,2026-09-17 04:00:00,20.5,91
MG Road,12.9757,77.6011,2026-09-17 05:00:00,21.0,93
MG Road,12.9757,77.6011,2026-09-17 06:00:00,20.9,93
MG Road,12.9757,77.6011,2026-09-17 07:00:00,22.3,86
MG Road,12.9757,77.6011,2026-09-17 08:00:00,24.3,75
MG Road,12.9757,77.6011,2026-09-17 09:00:00,26.3,64
MG Road,12.9757,77.6011,2026-09-17 10:00:00,28.2,55
MG Road,12.9757,77.6011,2026-09-17 11:00:00,29.5,49
MG Road,12.9757,77.6011,2026-09-17 12:00:00,30.1,48
MG Road,12.9757,77.6011,2026-09-17 13:00:00,30.5,46
MG Road,12.9757,77.6011,2026-09-17 14:00:00,30.2,49
MG Road,12.9757,77.6011,2026-09-17 15:00:00,30.2,49
MG Road,12.9757,77.6011,2026-09-17 16:00:00,24.8,74
MG Road,12.9757,77.6011,2026-09-17 17:00:00,27.8,55
MG Road,12.9757,77.6011,2026-09-17 18:00:00,27.6,55
MG Road,12.9757,77.6011,2026-09-17 19:00:00,27.1,56
MG Road,12.9757,77.6011,2026-09-17 20:00:00,23.5,73
MG Road,12.9757,77.6011,2026-09-17 21:00:00,23.4,77
MG Road,12.9757,77.6011,2026-09-17 22:00:00,23.4,82
MG Road,12.9757,77.6011,2026-09-17 23:00:00,23.3,86
MG Road,12.9757,77.6011,2026-09-18 00:00:00,22.8,86
MG Road,12.9757,77.6011,2026-09-18 01:00:00,22.5,88
MG Road,12.9757,77.6011,2026-09-18 02:00:00,22.2,89
MG Road,12.9757,77.6011,2026-09-18 03:00:00,21.8,92
MG Road,12.9757,77.6011,2026-09-18 04:00:00,21.5,95
MG Road,12.9757,77.6011,2026-09-18 05:00:00,21.7,91
MG Road,12.9757,77.6011,2026-09-18 06:00:00,21.6,90
MG Road,12.9757,77.6011,2026-09-18 07:00:00,22.5,84
MG Road,12.9757,77.6011,2026-09-18 08:00:00,24.1,73
MG Road,12.9757,77.6011,2026-09-18 09:00:00,26.4,61
MG Road,12.9757,77.6011,2026-09-18 10:00:00,28.1,54
MG Road,12.9757,77.6011,2026-09-18 11:00:00,28.8,51
MG Road,12.9757,77.6011,2026-09-18 12:00:00,29.3,50
MG Road,12.9757,77.6011,2026-09-18 13:00:00,30.3,48
MG Road,12.9757,77.6011,2026-09-18 14:00:00,30.7,46
MG Road,12.9757,77.6011,2026-09-18 15:00:00,30.2,47
MG Road,12.9757,77.6011,2026-09-18 16:00:00,30.1,47
MG Road,12.9757,77.6011,2026-09-18 17:00:00,29.5,45
MG Road,12.9757,77.6011,2026-09-18 18:00:00,28.3,49
MG Road,12.9757,77.6011,2026-09-18 19:00:00,28.2,49
MG Road,12.9757,77.6011,2026-09-18 20:00:00,27.2,55
MG Road,12.9757,77.6011,2026-09-18 21:00:00,24.3,72
MG Road,12.9757,77.6011,2026-09-18 22:00:00,24.3,73
MG Road,12.9757,77.6011,2026-09-18 23:00:00,24.6,74
MG Road,12.9757,77.6011,2026-09-19 00:00:00,24.0,79
MG Road,12.9757,77.6011,2026-09-19 01:00:00,23.6,83
MG Road,12.9757,77.6011,2026-09-19 02:00:00,23.1,87
MG Road,12.9757,77.6011,2026-09-19 03:00:00,22.7,87
MG Road,12.9757,77.6011,2026-09-19 04:00:00,22.4,86
MG Road,12.9757,77.6011,2026-09-19 05:00:00,21.9,84
MG Road,12.9757,77.6011,2026-09-19 06:00:00,21.6,85
MG Road,12.9757,77.6011,2026-09-19 07:00:00,22.4,81
MG Road,12.9757,77.6011,2026-09-19 08:00:00,24.1,74
MG Road,12.9757,77.6011,2026-09-19 09:00:00,26.1,64
MG Road,12.9757,77.6011,2026-09-19 10:00:00,28.1,55
MG Road,12.9757,77.6011,2026-09-19 11:00:00,29.0,53
MG Road,12.9757,77.6011,2026-09-19 12:00:00,29.2,53
MG Road,12.9757,77.6011,2026-09-19 13:00:00,30.2,50
MG Road,12.9757,77.6011,2026-09-19 14:00:00,30.4,48
MG Road,12.9757,77.6011,2026-09-19 15:00:00,30.5,47
MG Road,12.9757,77.6011,2026-09-19 16:00:00,30.0,48
MG Road,12.9757,77.6011,2026-09-19 17:00:00,29.3,49
MG Road,12.9757,77.6011,2026-09-19 18:00:00,28.5,49
MG Road,12.9757,77.6011,2026-09-19 19:00:00,27.6,54
MG Road,12.9757,77.6011,2026-09-19 20:00:00,25.2,67
MG Road,12.9757,77.6011,2026-09-19 21:00:00,23.8,74
MG Road,12.9757,77.6011,2026-09-19 22:00:00,23.6,74
MG Road,12.9757,77.6011,2026-09-19 23:00:00,21.3,91
MG Road,12.9757,77.6011,2026-09-20 00:00:00,21.4,90
MG Road,12.9757,77.6011,2026-09-20 01:00:00,20.9,95
MG Road,12.9757,77.6011,2026-09-20 02:00:00,20.8,95
MG Road,12.9757,77.6011,2026-09-20 03:00:00,20.7,96
MG Road,12.9757,77.6011,2026-09-20 04:00:00,20.8,95
MG Road,12.9757,77.6011,2026-09-20 05:00:00,21.2,95
MG Road,12.9757,77.6011,2026-09-20 06:00:00,21.1,97
MG Road,12.9757,77.6011,2026-09-20 07:00:00,21.1,96
MG Road,12.9757,77.6011,2026-09-20 08:00:00,21.4,94
MG Road,12.9757,77.6011,2026-09-20 09:00:00,21.8,91
MG Road,12.9757,77.6011,2026-09-20 10:00:00,23.2,81
MG Road,12.9757,77.6011,2026-09-20 11:00:00,23.1,81
MG Road,12.9757,77.6011,2026-09-20 12:00:00,24.5,75
MG Road,12.9757,77.6011,2026-09-20 13:00:00,26.4,64
MG Road,12.9757,77.6011,2026-09-20 14:00:00,26.9,63
MG Road,12.9757,77.6011,2026-09-20 15:00:00,27.2,61
MG Road,12.9757,77.6011,2026-09-20 16:00:00,27.1,60
MG Road,12.9757,77.6011,2026-09-20 17:00:00,26.7,62
MG Road,12.9757,77.6011,2026-09-20 18:00:00,25.6,71
MG Road,12.9757,77.6011,2026-09-20 19:00:00,25.5,74
MG Road,12.9757,77.6011,2026-09-20 20:00:00,25.3,76
MG Road,12.9757,77.6011,2026-09-20 21:00:00,24.1,78
MG Road,12.9757,77.6011,2026-09-20 22:00:00,22.5,82
MG Road,12.9757,77.6011,2026-09-20 23:00:00,21.2,95
MG Road,12.9757,77.6011,2026-09-21 00:00:00,20.7,92
MG Road,12.9757,77.6011,2026-09-21 01:00:00,20.7,95
MG Road,12.9757,77.6011,2026-09-21 02:00:00,21.1,95
MG Road,12.9757,77.6011,2026-09-21 03:00:00,21.0,96
MG Road,12.9757,77.6011,2026-09-21 04:00:00,21.1,94
MG Road,12.9757,77.6011,2026-09-21 05:00:00,21.0,96
MG Road,12.9757,77.6011,2026-09-21 06:00:00,20.7,97
MG Road,12.9757,77.6011,2026-09-21 07:00:00,21.7,89
MG Road,12.9757,77.6011,2026-09-21 08:00:00,23.2,82
MG Road,12.9757,77.6011,2026-09-21 09:00:00,24.7,73
MG Road,12.9757,77.6011,2026-09-21 10:00:00,26.3,67
MG Road,12.9757,77.6011,2026-09-21 11:00:00,27.9,62
MG Road,12.9757,77.6011,2026-09-21 12:00:00,28.3,61
MG Road,12.9757,77.6011,2026-09-21 13:00:00,28.2,60
MG Road,12.9757,77.6011,2026-09-21 14:00:00,29.2,55
MG Road,12.9757,77.6011,2026-09-21 15:00:00,28.4,56
MG Road,12.9757,77.6011,2026-09-21 16:00:00,24.7,73
MG Road,12.9757,77.6011,2026-09-21 17:00:00,23.7,77
MG Road,12.9757,77.6011,2026-09-21 18:00:00,23.4,80
MG Road,12.9757,77.6011,2026-09-21 19:00:00,23.0,83
MG Road,12.9757,77.6011,2026-09-21 20:00:00,22.8,86
MG Road,12.9757,77.6011,2026-09-21 21:00:00,22.8,88
MG Road,12.9757,77.6011,2026-09-21 22:00:00,22.6,90
MG Road,12.9757,77.6011,2026-09-21 23:00:00,21.8,95
MG Road,12.9757,77.6011,2026-09-22 00:00:00,21.5,96
MG Road,12.9757,77.6011,2026-09-22 01:00:00,21.2,97
MG Road,12.9757,77.6011,2026-09-22 02:00:00,20.9,98
MG Road,12.9757,77.6011,2026-09-22 03:00:00,20.8,98
MG Road,12.9757,77.6011,2026-09-22 04:00:00,20.8,98
MG Road,12.9757,77.6011,2026-09-22 05:00:00,21.2,98
MG Road,12.9757,77.6011,2026-09-22 06:00:00,21.1,98
MG Road,12.9757,77.6011,2026-09-22 07:00:00,21.4,96
MG Road,12.9757,77.6011,2026-09-22 08:00:00,22.1,90
MG Road,12.9757,77.6011,2026-09-22 09:00:00,23.2,82
MG Road,12.9757,77.6011,2026-09-22 10:00:00,25.0,71
MG Road,12.9757,77.6011,2026-09-22 11:00:00,25.8,66
MG Road,12.9757,77.6011,2026-09-22 12:00:00,26.3,61
MG Road,12.9757,77.6011,2026-09-22 13:00:00,27.4,56
MG Road,12.9757,77.6011,2026-09-22 14:00:00,27.7,53
MG Road,12.9757,77.6011,2026-09-22 15:00:00,27.3,53
MG Road,12.9757,77.6011,2026-09-22 16:00:00,26.8,55
MG Road,12.9757,77.6011,2026-09-22 17:00:00,26.7,59
MG Road,12.9757,77.6011,2026-09-22 18:00:00,25.4,65
MG Road,12.9757,77.6011,2026-09-22 19:00:00,24.5,68
MG Road,12.9757,77.6011,2026-09-22 20:00:00,24.1,70
MG Road,12.9757,77.6011,2026-09-22 21:00:00,23.6,75
MG Road,12.9757,77.6011,2026-09-22 22:00:00,22.7,80
MG Road,12.9757,77.6011,2026-09-22 23:00:00,22.1,83
MG Road,12.9757,77.6011,2026-09-23 00:00:00,21.5,85
MG Road,12.9757,77.6011,2026-09-23 01:00:00,20.8,86
MG Road,12.9757,77.6011,2026-09-23 02:00:00,20.5,85
MG Road,12.9757,77.6011,2026-09-23 03:00:00,20.3,85
MG Road,12.9757,77.6011,2026-09-23 04:00:00,20.2,83
MG Road,12.9757,77.6011,2026-09-23 05:00:00,20.5,86
MG Road,12.9757,77.6011,2026-09-23 06:00:00,20.4,85
MG Road,12.9757,77.6011,2026-09-23 07:00:00,21.0,84
MG Road,12.9757,77.6011,2026-09-23 08:00:00,21.9,80
MG Road,12.9757,77.6011,2026-09-23 09:00:00,24.2,66
MG Road,12.9757,77.6011,2026-09-23 10:00:00,25.6,58
MG Road,12.9757,77.6011,2026-09-23 11:00:00,24.8,66
MG Road,12.9757,77.6011,2026-09-23 12:00:00,25.4,67
MG Road,12.9757,77.6011,2026-09-23 13:00:00,27.0,61
MG Road,12.9757,77.6011,2026-09-23 14:00:00,27.1,59
MG Road,12.9757,77.6011,2026-09-23 15:00:00,26.3,64
MG Road,12.9757,77.6011,2026-09-23 16:00:00,26.3,60
MG Road,12.9757,77.6011,2026-09-23 17:00:00,25.5,61
MG Road,12.9757,77.6011,2026-09-23 18:00:00,24.4,66
MG Road,12.9757,77.6011,2026-09-23 19:00:00,23.7,65
MG Road,12.9757,77.6011,2026-09-23 20:00:00,23.2,62
MG Road,12.9757,77.6011,2026-09-23 21:00:00,22.4,58
MG Road,12.9757,77.6011,2026-09-23 22:00:00,21.8,62
MG Road,12.9757,77.6011,2026-09-23 23:00:00,21.3,72
MG Road,12.9757,77.6011,2026-09-24 00:00:00,21.3,75
MG Road,12.9757,77.6011,2026-09-24 01:00:00,20.6,81
MG Road,12.9757,77.6011,2026-09-24 02:00:00,20.2,87
MG Road,12.9757,77.6011,2026-09-24 03:00:00,20.2,88
MG Road,12.9757,77.6011,2026-09-24 04:00:00,20.0,87
MG Road,12.9757,77.6011,2026-09-24 05:00:00,20.1,85
MG Road,12.9757,77.6011,2026-09-24 06:00:00,20.1,87
MG Road,12.9757,77.6011,2026-09-24 07:00:00,20.7,84
MG Road,12.9757,77.6011,2026-09-24 08:00:00,22.3,79
MG Road,12.9757,77.6011,2026-09-24 09:00:00,24.0,71
MG Road,12.9757,77.6011,2026-09-24 10:00:00,25.3,64
MG Road,12.9757,77.6011,2026-09-24 11:00:00,26.1,57
MG Road,12.9757,77.6011,2026-09-24 12:00:00,25.4,61
MG Road,12.9757,77.6011,2026-09-24 13:00:00,23.6,71
MG Road,12.9757,77.6011,2026-09-24 14:00:00,22.2,83
MG Road,12.9757,77.6011,2026-09-24 15:00:00,23.8,78
MG Road,12.9757,77.6011,2026-09-24 16:00:00,24.4,74
MG Road,12.9757,77.6011,2026-09-24 17:00:00,23.5,82
MG Road,12.9757,77.6011,2026-09-24 18:00:00,22.4,84
MG Road,12.9757,77.6011,2026-09-24 19:00:00,22.0,85
MG Road,12.9757,77.6011,2026-09-24 20:00:00,21.8,86
MG Road,12.9757,77.6011,2026-09-24 21:00:00,21.8,85
MG Road,12.9757,77.6011,2026-09-24 22:00:00,21.4,87
MG Road,12.9757,77.6011,2026-09-24 23:00:00,21.4,88
MG Road,12.9757,77.6011,2026-09-25 00:00:00,21.3,89
MG Road,12.9757,77.6011,2026-09-25 01:00:00,21.2,88
MG Road,12.9757,77.6011,2026-09-25 02:00:00,21.3,88
MG Road,12.9757,77.6011,2026-09-25 03:00:00,21.0,89
MG Road,12.9757,77.6011,2026-09-25 04:00:00,20.8,91
MG Road,12.9757,77.6011,2026-09-25 05:00:00,20.6,92
MG Road,12.9757,77.6011,2026-09-25 06:00:00,20.5,93
MG Road,12.9757,77.6011,2026-09-25 07:00:00,21.4,89
MG Road,12.9757,77.6011,2026-09-25 08:00:00,23.5,76
MG Road,12.9757,77.6011,2026-09-25 09:00:00,24.2,73
MG Road,12.9757,77.6011,2026-09-25 10:00:00,25.8,65
MG Road,12.9757,77.6011,2026-09-25 11:00:00,26.4,64
MG Road,12.9757,77.6011,2026-09-25 12:00:00,27.9,60
MG Road,12.9757,77.6011,2026-09-25 13:00:00,28.4,57
MG Road,12.9757,77.6011,2026-09-25 14:00:00,28.2,57
MG Road,12.9757,77.6011,2026-09-25 15:00:00,25.2,68
MG Road,12.9757,77.6011,2026-09-25 16:00:00,25.2,72
MG Road,12.9757,77.6011,2026-09-25 17:00:00,24.0,79
MG Road,12.9757,77.6011,2026-09-25 18:00:00,21.7,92
MG Road,12.9757,77.6011,2026-09-25 19:00:00,21.7,91
MG Road,12.9757,77.6011,2026-09-25 20:00:00,21.8,91
MG Road,12.9757,77.6011,2026-09-25 21:00:00,21.7,90
MG Road,12.9757,77.6011,2026-09-25 22:00:00,21.2,91
MG Road,12.9757,77.6011,2026-09-25 23:00:00,20.6,92
MG Road,12.9757,77.6011,2026-09-26 00:00:00,20.1,95
MG Road,12.9757,77.6011,2026-09-26 01:00:00,20.2,94
MG Road,12.9757,77.6011,2026-09-26 02:00:00,20.0,94
MG Road,12.9757,77.6011,2026-09-26 03:00:00,19.9,94
MG Road,12.9757,77.6011,2026-09-26 04:00:00,20.1,94
MG Road,12.9757,77.6011,2026-09-26 05:00:00,20.3,92
MG Road,12.9757,77.6011,2026-09-26 06:00:00,20.5,91
MG Road,12.9757,77.6011,2026-09-26 07:00:00,21.2,86
MG Road,12.9757,77.6011,2026-09-26 08:00:00,22.5,78
MG Road,12.9757,77.6011,2026-09-26 09:00:00,24.1,71
MG Road,12.9757,77.6011,2026-09-26 10:00:00,25.3,65
MG Road,12.9757,77.6011,2026-09-26 11:00:00,27.0,58
MG Road,12.9757,77.6011,2026-09-26 12:00:00,28.1,48
MG Road,12.9757,77.6011,2026-09-26 13:00:00,28.8,45
MG Road,12.9757,77.6011,2026-09-26 14:00:00,29.0,43
MG Road,12.9757,77.6011,2026-09-26 15:00:00,29.0,43
MG Road,12.9757,77.6011,2026-09-26 16:00:00,28.8,43
MG Road,12.9757,77.6011,2026-09-26 17:00:00,27.9,46
MG Road,12.9757,77.6011,2026-09-26 18:00:00,25.9,59
MG Road,12.9757,77.6011,2026-09-26 19:00:00,24.9,64
MG Road,12.9757,77.6011,2026-09-26 20:00:00,24.2,64
MG Road,12.9757,77.6011,2026-09-26 21:00:00,22.9,72
MG Road,12.9757,77.6011,2026-09-26 22:00:00,22.0,77
MG Road,12.9757,77.6011,2026-09-26 23:00:00,21.2,81
MG Road,12.9757,77.6011,2026-09-27 00:00:00,20.6,84
MG Road,12.9757,77.6011,2026-09-27 01:00:00,20.1,87
MG Road,12.9757,77.6011,2026-09-27 02:00:00,19.6,90
MG Road,12.9757,77.6011,2026-09-27 03:00:00,19.3,93
MG Road,12.9757,77.6011,2026-09-27 04:00:00,19.0,95
MG Road,12.9757,77.6011,2026-09-27 05:00:00,18.8,96
MG Road,12.9757,77.6011,2026-09-27 06:00:00,18.6,97
MG Road,12.9757,77.6011,2026-09-27 07:00:00,20.3,88
MG Road,12.9757,77.6011,2026-09-27 08:00:00,22.3,79
MG Road,12.9757,77.6011,2026-09-27 09:00:00,24.6,66
MG Road,12.9757,77.6011,2026-09-27 10:00:00,26.5,56
MG Road,12.9757,77.6011,2026-09-27 11:00:00,28.0,48
MG Road,12.9757,77.6011,2026-09-27 12:00:00,28.9,44
MG Road,12.9757,77.6011,2026-09-27 13:00:00,29.5,42
MG Road,12.9757,77.6011,2026-09-27 14:00:00,29.8,41
MG Road,12.9757,77.6011,2026-09-27 15:00:00,29.7,41
MG Road,12.9757,77.6011,2026-09-27 16:00:00,29.2,42
MG Road,12.9757,77.6011,2026-09-27 17:00:00,28.6,43
MG Road,12.9757,77.6011,2026-09-27 18:00:00,27.3,49
MG Road,12.9757,77.6011,2026-09-27 19:00:00,26.3,56
MG Road,12.9757,77.6011,2026-09-27 20:00:00,25.5,59
MG Road,12.9757,77.6011,2026-09-27 21:00:00,24.9,61
MG Road,12.9757,77.6011,2026-09-27 22:00:00,23.8,64
MG Road,12.9757,77.6011,2026-09-27 23:00:00,22.7,79
MG Road,12.9757,77.6011,2026-09-28 00:00:00,22.0,84
MG Road,12.9757,77.6011,2026-09-28 01:00:00,21.4,89
MG Road,12.9757,77.6011,2026-09-28 02:00:00,20.9,93
MG Road,12.9757,77.6011,2026-09-28 03:00:00,20.2,97
MG Road,12.9757,77.6011,2026-09-28 04:00:00,19.6,100
MG Road,12.9757,77.6011,2026-09-28 05:00:00,19.6,99
MG Road,12.9757,77.6011,2026-09-28 06:00:00,20.6,92
MG Road,12.9757,77.6011,2026-09-28 07:00:00,22.2,81
MG Road,12.9757,77.6011,2026-09-28 08:00:00,24.0,69
MG Road,12.9757,77.6011,2026-09-28 09:00:00,26.1,58
MG Road,12.9757,77.6011,2026-09-28 10:00:00,28.3,47
MG Road,12.9757,77.6011,2026-09-28 11:00:00,30.2,40
MG Road,12.9757,77.6011,2026-09-28 12:00:00,31.4,35
MG Road,12.9757,77.6011,2026-09-28 13:00:00,32.1,32
MG Road,12.9757,77.6011,2026-09-28 14:00:00,32.3,31
MG Road,12.9757,77.6011,2026-09-28 15:00:00,31.7,32
MG Road,12.9757,77.6011,2026-09-28 16:00:00,30.5,35
MG Road,12.9757,77.6011,2026-09-28 17:00:00,29.4,39
MG Road,12.9757,77.6011,2026-09-28 18:00:00,28.6,42
MG Road,12.9757,77.6011,2026-09-28 19:00:00,27.9,47
MG Road,12.9757,77.6011,2026-09-28 20:00:00,27.0,52
MG Road,12.9757,77.6011,2026-09-28 21:00:00,25.8,59
MG Road,12.9757,77.6011,2026-09-28 22:00:00,24.4,68
MG Road,12.9757,77.6011,2026-09-28 23:00:00,23.3,76
MG Road,12.9757,77.6011,2026-09-29 00:00:00,22.6,80
MG Road,12.9757,77.6011,2026-09-29 01:00:00,22.3,81
MG Road,12.9757,77.6011,2026-09-29 02:00:00,21.9,83
MG Road,12.9757,77.6011,2026-09-29 03:00:00,21.3,87
MG Road,12.9757,77.6011,2026-09-29 04:00:00,20.7,92
MG Road,12.9757,77.6011,2026-09-29 05:00:00,20.7,93
MG Road,12.9757,77.6011,2026-09-29 06:00:00,21.4,89
MG Road,12.9757,77.6011,2026-09-29 07:00:00,22.6,83
MG Road,12.9757,77.6011,2026-09-29 08:00:00,24.1,76
MG Road,12.9757,77.6011,2026-09-29 09:00:00,26.2,65
MG Road,12.9757,77.6011,2026-09-29 10:00:00,28.6,54
MG Road,12.9757,77.6011,2026-09-29 11:00:00,29.7,50
MG Road,12.9757,77.6011,2026-09-29 12:00:00,28.5,56
MG Road,12.9757,77.6011,2026-09-29 13:00:00,26.0,69
MG Road,12.9757,77.6011,2026-09-29 14:00:00,24.2,80
MG Road,12.9757,77.6011,2026-09-29 15:00:00,24.0,82
MG Road,12.9757,77.6011,2026-09-29 16:00:00,24.5,78
MG Road,12.9757,77.6011,2026-09-29 17:00:00,24.6,77
MG Road,12.9757,77.6011,2026-09-29 18:00:00,23.8,80
MG Road,12.9757,77.6011,2026-09-29 19:00:00,22.7,85
MG Road,12.9757,77.6011,2026-09-29 20:00:00,21.8,90
MG Road,12.9757,77.6011,2026-09-29 21:00:00,21.3,93
MG Road,12.9757,77.6011,2026-09-29 22:00:00,20.9,95
MG Road,12.9757,77.6011,2026-09-29 23:00:00,20.6,97
MG Road,12.9757,77.6011,2026-09-30 00:00:00,20.4,98
MG Road,12.9757,77.6011,2026-09-30 01:00:00,20.2,99
MG Road,12.9757,77.6011,2026-09-30 02:00:00,20.1,99
MG Road,12.9757,77.6011,2026-09-30 03:00:00,19.2,100
MG Road,12.9757,77.6011,2026-09-30 04:00:00,19.3,100
MG Road,12.9757,77.6011,2026-09-30 05:00:00,19.6,99
MG Road,12.9757,77.6011,2026-09-30 06:00:00,20.5,94
MG Road,12.9757,77.6011,2026-09-30 07:00:00,21.8,87
MG Road,12.9757,77.6011,2026-09-30 08:00:00,23.4,79
MG Road,12.9757,77.6011,2026-09-30 09:00:00,24.9,73
MG Road,12.9757,77.6011,2026-09-30 10:00:00,26.2,68
MG Road,12.9757,77.6011,2026-09-30 11:00:00,27.0,65
MG Road,12.9757,77.6011,2026-09-30 12:00:00,27.2,64
MG Road,12.9757,77.6011,2026-09-30 13:00:00,27.1,65
MG Road,12.9757,77.6011,2026-09-30 14:00:00,26.7,67
MG Road,12.9757,77.6011,2026-09-30 15:00:00,26.2,69
MG Road,12.9757,77.6011,2026-09-30 16:00:00,25.6,71
MG Road,12.9757,77.6011,2026-09-30 17:00:00,25.0,74
MG Road,12.9757,77.6011,2026-09-30 18:00:00,24.3,76
MG Road,12.9757,77.6011,2026-09-30 19:00:00,23.5,79
MG Road,12.9757,77.6011,2026-09-30 20:00:00,22.6,83
MG Road,12.9757,77.6011,2026-09-30 21:00:00,21.7,87
MG Road,12.9757,77.6011,2026-09-30 22:00:00,20.9,90
MG Road,12.9757,77.6011,2026-09-30 23:00:00,20.3,92
Whitefield,12.9698,77.75,2026-09-03 00:00:00,21.9,91
Whitefield,12.9698,77.75,2026-09-03 01:00:00,21.8,86
Whitefield,12.9698,77.75,2026-09-03 02:00:00,21.3,88
Whitefield,12.9698,77.75,2026-09-03 03:00:00,20.9,91
Whitefield,12.9698,77.75,2026-09-03 04:00:00,20.7,92
Whitefield,12.9698,77.75,2026-09-03 05:00:00,20.8,88
Whitefield,12.9698,77.75,2026-09-03 06:00:00,20.6,90
Whitefield,12.9698,77.75,2026-09-03 07:00:00,21.6,85
Whitefield,12.9698,77.75,2026-09-03 08:00:00,23.4,75
Whitefield,12.9698,77.75,2026-09-03 09:00:00,25.6,62
Whitefield,12.9698,77.75,2026-09-03 10:00:00,27.3,55
Whitefield,12.9698,77.75,2026-09-03 11:00:00,28.0,54
Whitefield,12.9698,77.75,2026-09-03 12:00:00,28.9,49
Whitefield,12.9698,77.75,2026-09-03 13:00:00,29.6,46
Whitefield,12.9698,77.75,2026-09-03 14:00:00,29.3,47
Whitefield,12.9698,77.75,2026-09-03 15:00:00,29.0,46
Whitefield,12.9698,77.75,2026-09-03 16:00:00,28.1,52
Whitefield,12.9698,77.75,2026-09-03 17:00:00,27.3,58
Whitefield,12.9698,77.75,2026-09-03 18:00:00,26.3,62
Whitefield,12.9698,77.75,2026-09-03 19:00:00,26.0,65
Whitefield,12.9698,77.75,2026-09-03 20:00:00,25.4,69
Whitefield,12.9698,77.75,2026-09-03 21:00:00,24.6,73
Whitefield,12.9698,77.75,2026-09-03 22:00:00,23.1,80
Whitefield,12.9698,77.75,2026-09-03 23:00:00,23.3,81
Whitefield,12.9698,77.75,2026-09-04 00:00:00,22.9,82
Whitefield,12.9698,77.75,2026-09-04 01:00:00,22.2,87
Whitefield,12.9698,77.75,2026-09-04 02:00:00,21.8,91
Whitefield,12.9698,77.75,2026-09-04 03:00:00,21.5,91
Whitefield,12.9698,77.75,2026-09-04 04:00:00,21.2,93
Whitefield,12.9698,77.75,2026-09-04 05:00:00,21.4,88
Whitefield,12.9698,77.75,2026-09-04 06:00:00,21.2,89
Whitefield,12.9698,77.75,2026-09-04 07:00:00,22.6,81
Whitefield,12.9698,77.75,2026-09-04 08:00:00,24.5,69
Whitefield,12.9698,77.75,2026-09-04 09:00:00,26.6,58
Whitefield,12.9698,77.75,2026-09-04 10:00:00,28.2,52
Whitefield,12.9698,77.75,2026-09-04 11:00:00,29.0,50
Whitefield,12.9698,77.75,2026-09-04 12:00:00,30.1,47
Whitefield,12.9698,77.75,2026-09-04 13:00:00,30.5,44
Whitefield,12.9698,77.75,2026-09-04 14:00:00,30.9,42
Whitefield,12.9698,77.75,2026-09-04 15:00:00,30.2,44
Whitefield,12.9698,77.75,2026-09-04 16:00:00,29.4,49
Whitefield,12.9698,77.75,2026-09-04 17:00:00,28.7,54
Whitefield,12.9698,77.75,2026-09-04 18:00:00,27.5,56
Whitefield,12.9698,77.75,2026-09-04 19:00:00,27.0,60
Whitefield,12.9698,77.75,2026-09-04 20:00:00,26.4,63
Whitefield,12.9698,77.75,2026-09-04 21:00:00,25.5,67
Whitefield,12.9698,77.75,2026-09-04 22:00:00,24.9,68
Whitefield,12.9698,77.75,2026-09-04 23:00:00,23.5,76
Whitefield,12.9698,77.75,2026-09-05 00:00:00,22.8,80
Whitefield,12.9698,77.75,2026-09-05 01:00:00,22.5,83
Whitefield,12.9698,77.75,2026-09-05 02:00:00,21.8,90
Whitefield,12.9698,77.75,2026-09-05 03:00:00,21.7,93
Whitefield,12.9698,77.75,2026-09-05 04:00:00,21.5,94
Whitefield,12.9698,77.75,2026-09-05 05:00:00,22.0,87
Whitefield,12.9698,77.75,2026-09-05 06:00:00,21.5,89
Whitefield,12.9698,77.75,2026-09-05 07:00:00,22.6,81
Whitefield,12.9698,77.75,2026-09-05 08:00:00,24.5,69
Whitefield,12.9698,77.75,2026-09-05 09:00:00,26.7,57
Whitefield,12.9698,77.75,2026-09-05 10:00:00,28.8,46
Whitefield,12.9698,77.75,2026-09-05 11:00:00,30.2,41
Whitefield,12.9698,77.75,2026-09-05 12:00:00,31.1,38
Whitefield,12.9698,77.75,2026-09-05 13:00:00,31.8,35
Whitefield,12.9698,77.75,2026-09-05 14:00:00,32.0,35
Whitefield,12.9698,77.75,2026-09-05 15:00:00,31.6,36
Whitefield,12.9698,77.75,2026-09-05 16:00:00,30.8,39
Whitefield,12.9698,77.75,2026-09-05 17:00:00,31.1,37
Whitefield,12.9698,77.75,2026-09-05 18:00:00,29.8,40
Whitefield,12.9698,77.75,2026-09-05 19:00:00,28.8,44
Whitefield,12.9698,77.75,2026-09-05 20:00:00,27.9,49
Whitefield,12.9698,77.75,2026-09-05 21:00:00,27.3,52
Whitefield,12.9698,77.75,2026-09-05 22:00:00,26.6,55
Whitefield,12.9698,77.75,2026-09-05 23:00:00,26.8,55
Whitefield,12.9698,77.75,2026-09-06 00:00:00,25.2,63
Whitefield,12.9698,77.75,2026-09-06 01:00:00,24.1,69
Whitefield,12.9698,77.75,2026-09-06 02:00:00,23.5,72
Whitefield,12.9698,77.75,2026-09-06 03:00:00,23.1,76
Whitefield,12.9698,77.75,2026-09-06 04:00:00,22.6,81
Whitefield,12.9698,77.75,2026-09-06 05:00:00,22.4,82
Whitefield,12.9698,77.75,2026-09-06 06:00:00,22.1,83
Whitefield,12.9698,77.75,2026-09-06 07:00:00,23.0,77
Whitefield,12.9698,77.75,2026-09-06 08:00:00,24.6,68
Whitefield,12.9698,77.75,2026-09-06 09:00:00,26.8,58
Whitefield,12.9698,77.75,2026-09-06 10:00:00,28.8,48
Whitefield,12.9698,77.75,2026-09-06 11:00:00,30.0,43
Whitefield,12.9698,77.75,2026-09-06 12:00:00,30.6,40
Whitefield,12.9698,77.75,2026-09-06 13:00:00,31.3,38
Whitefield,12.9698,77.75,2026-09-06 14:00:00,31.3,38
Whitefield,12.9698,77.75,2026-09-06 15:00:00,31.1,38
Whitefield,12.9698,77.75,2026-09-06 16:00:00,30.7,39
Whitefield,12.9698,77.75,2026-09-06 17:00:00,31.1,35
Whitefield,12.9698,77.75,2026-09-06 18:00:00,29.7,39
Whitefield,12.9698,77.75,2026-09-06 19:00:00,28.9,43
Whitefield,12.9698,77.75,2026-09-06 20:00:00,28.3,47
Whitefield,12.9698,77.75,2026-09-06 21:00:00,27.8,49
Whitefield,12.9698,77.75,2026-09-06 22:00:00,27.3,51
Whitefield,12.9698,77.75,2026-09-06 23:00:00,26.5,55
Whitefield,12.9698,77.75,2026-09-07 00:00:00,24.8,65
Whitefield,12.9698,77.75,2026-09-07 01:00:00,23.9,72
Whitefield,12.9698,77.75,2026-09-07 02:00:00,23.1,79
Whitefield,12.9698,77.75,2026-09-07 03:00:00,22.4,83
Whitefield,12.9698,77.75,2026-09-07 04:00:00,22.1,84
Whitefield,12.9698,77.75,2026-09-07 05:00:00,21.9,86
Whitefield,12.9698,77.75,2026-09-07 06:00:00,21.5,86
Whitefield,12.9698,77.75,2026-09-07 07:00:00,22.4,80
Whitefield,12.9698,77.75,2026-09-07 08:00:00,24.2,69
Whitefield,12.9698,77.75,2026-09-07 09:00:00,26.4,57
Whitefield,12.9698,77.75,2026-09-07 10:00:00,28.5,47
Whitefield,12.9698,77.75,2026-09-07 11:00:00,29.7,42
Whitefield,12.9698,77.75,2026-09-07 12:00:00,30.9,37
Whitefield,12.9698,77.75,2026-09-07 13:00:00,31.5,35
Whitefield,12.9698,77.75,2026-09-07 14:00:00,31.7,34
Whitefield,12.9698,77.75,2026-09-07 15:00:00,31.6,35
Whitefield,12.9698,77.75,2026-09-07 16:00:00,30.8,37
Whitefield,12.9698,77.75,2026-09-07 17:00:00,30.5,36
Whitefield,12.9698,77.75,2026-09-07 18:00:00,29.5,36
Whitefield,12.9698,77.75,2026-09-07 19:00:00,28.3,43
Whitefield,12.9698,77.75,2026-09-07 20:00:00,27.6,47
Whitefield,12.9698,77.75,2026-09-07 21:00:00,27.3,49
Whitefield,12.9698,77.75,2026-09-07 22:00:00,26.4,54
Whitefield,12.9698,77.75,2026-09-07 23:00:00,25.5,61
Whitefield,12.9698,77.75,2026-09-08 00:00:00,24.2,69
Whitefield,12.9698,77.75,2026-09-08 01:00:00,23.6,75
Whitefield,12.9698,77.75,2026-09-08 02:00:00,23.1,79
Whitefield,12.9698,77.75,2026-09-08 03:00:00,22.5,83
Whitefield,12.9698,77.75,2026-09-08 04:00:00,22.1,84
Whitefield,12.9698,77.75,2026-09-08 05:00:00,21.9,84
Whitefield,12.9698,77.75,2026-09-08 06:00:00,21.4,86
Whitefield,12.9698,77.75,2026-09-08 07:00:00,22.5,79
Whitefield,12.9698,77.75,2026-09-08 08:00:00,24.4,68
Whitefield,12.9698,77.75,2026-09-08 09:00:00,26.5,57
Whitefield,12.9698,77.75,2026-09-08 10:00:00,28.5,48
Whitefield,12.9698,77.75,2026-09-08 11:00:00,30.3,41
Whitefield,12.9698,77.75,2026-09-08 12:00:00,31.1,36
Whitefield,12.9698,77.75,2026-09-08 13:00:00,31.5,33
Whitefield,12.9698,77.75,2026-09-08 14:00:00,31.5,35
Whitefield,12.9698,77.75,2026-09-08 15:00:00,31.7,34
Whitefield,12.9698,77.75,2026-09-08 16:00:00,29.7,42
Whitefield,12.9698,77.75,2026-09-08 17:00:00,29.9,38
Whitefield,12.9698,77.75,2026-09-08 18:00:00,28.5,44
Whitefield,12.9698,77.75,2026-09-08 19:00:00,27.8,48
Whitefield,12.9698,77.75,2026-09-08 20:00:00,27.2,50
Whitefield,12.9698,77.75,2026-09-08 21:00:00,26.0,59
Whitefield,12.9698,77.75,2026-09-08 22:00:00,24.7,67
Whitefield,12.9698,77.75,2026-09-08 23:00:00,21.8,87
Whitefield,12.9698,77.75,2026-09-09 00:00:00,21.2,93
Whitefield,12.9698,77.75,2026-09-09 01:00:00,20.8,93
Whitefield,12.9698,77.75,2026-09-09 02:00:00,20.9,94
Whitefield,12.9698,77.75,2026-09-09 03:00:00,21.2,93
Whitefield,12.9698,77.75,2026-09-09 04:00:00,21.1,93
Whitefield,12.9698,77.75,2026-09-09 05:00:00,22.1,85
Whitefield,12.9698,77.75,2026-09-09 06:00:00,21.5,87
Whitefield,12.9698,77.75,2026-09-09 07:00:00,22.6,80
Whitefield,12.9698,77.75,2026-09-09 08:00:00,24.4,68
Whitefield,12.9698,77.75,2026-09-09 09:00:00,26.6,56
Whitefield,12.9698,77.75,2026-09-09 10:00:00,28.7,46
Whitefield,12.9698,77.75,2026-09-09 11:00:00,29.9,42
Whitefield,12.9698,77.75,2026-09-09 12:00:00,30.2,40
Whitefield,12.9698,77.75,2026-09-09 13:00:00,31.6,36
Whitefield,12.9698,77.75,2026-09-09 14:00:00,32.0,33
Whitefield,12.9698,77.75,2026-09-09 15:00:00,32.3,32
Whitefield,12.9698,77.75,2026-09-09 16:00:00,31.7,33
Whitefield,12.9698,77.75,2026-09-09 17:00:00,29.9,41
Whitefield,12.9698,77.75,2026-09-09 18:00:00,28.7,45
Whitefield,12.9698,77.75,2026-09-09 19:00:00,27.9,49
Whitefield,12.9698,77.75,2026-09-09 20:00:00,27.0,52
Whitefield,12.9698,77.75,2026-09-09 21:00:00,26.5,55
Whitefield,12.9698,77.75,2026-09-09 22:00:00,26.1,58
Whitefield,12.9698,77.75,2026-09-09 23:00:00,25.5,60
Whitefield,12.9698,77.75,2026-09-10 00:00:00,24.0,69
Whitefield,12.9698,77.75,2026-09-10 01:00:00,23.2,75
Whitefield,12.9698,77.75,2026-09-10 02:00:00,22.7,79
Whitefield,12.9698,77.75,2026-09-10 03:00:00,22.2,82
Whitefield,12.9698,77.75,2026-09-10 04:00:00,21.8,84
Whitefield,12.9698,77.75,2026-09-10 05:00:00,22.2,82
Whitefield,12.9698,77.75,2026-09-10 06:00:00,21.8,85
Whitefield,12.9698,77.75,2026-09-10 07:00:00,22.8,79
Whitefield,12.9698,77.75,2026-09-10 08:00:00,25.0,66
Whitefield,12.9698,77.75,2026-09-10 09:00:00,27.3,55
Whitefield,12.9698,77.75,2026-09-10 10:00:00,28.6,52
Whitefield,12.9698,77.75,2026-09-10 11:00:00,29.4,47
Whitefield,12.9698,77.75,2026-09-10 12:00:00,29.7,46
Whitefield,12.9698,77.75,2026-09-10 13:00:00,29.9,47
Whitefield,12.9698,77.75,2026-09-10 14:00:00,29.9,47
Whitefield,12.9698,77.75,2026-09-10 15:00:00,29.6,47
Whitefield,12.9698,77.75,2026-09-10 16:00:00,29.2,47
Whitefield,12.9698,77.75,2026-09-10 17:00:00,30.1,41
Whitefield,12.9698,77.75,2026-09-10 18:00:00,29.0,45
Whitefield,12.9698,77.75,2026-09-10 19:00:00,28.5,48
Whitefield,12.9698,77.75,2026-09-10 20:00:00,27.8,51
Whitefield,12.9698,77.75,2026-09-10 21:00:00,27.3,52
Whitefield,12.9698,77.75,2026-09-10 22:00:00,26.5,55
Whitefield,12.9698,77.75,2026-09-10 23:00:00,24.7,69
Whitefield,12.9698,77.75,2026-09-11 00:00:00,24.2,71
Whitefield,12.9698,77.75,2026-09-11 01:00:00,23.4,77
Whitefield,12.9698,77.75,2026-09-11 02:00:00,22.5,86
Whitefield,12.9698,77.75,2026-09-11 03:00:00,22.2,89
Whitefield,12.9698,77.75,2026-09-11 04:00:00,22.0,90
Whitefield,12.9698,77.75,2026-09-11 05:00:00,23.1,79
Whitefield,12.9698,77.75,2026-09-11 06:00:00,22.7,80
Whitefield,12.9698,77.75,2026-09-11 07:00:00,23.7,76
Whitefield,12.9698,77.75,2026-09-11 08:00:00,24.6,72
Whitefield,12.9698,77.75,2026-09-11 09:00:00,26.7,60
Whitefield,12.9698,77.75,2026-09-11 10:00:00,28.4,51
Whitefield,12.9698,77.75,2026-09-11 11:00:00,29.4,47
Whitefield,12.9698,77.75,2026-09-11 12:00:00,30.3,44
Whitefield,12.9698,77.75,2026-09-11 13:00:00,31.0,41
Whitefield,12.9698,77.75,2026-09-11 14:00:00,31.2,40
Whitefield,12.9698,77.75,2026-09-11 15:00:00,31.2,40
Whitefield,12.9698,77.75,2026-09-11 16:00:00,30.9,40
Whitefield,12.9698,77.75,2026-09-11 17:00:00,30.6,39
Whitefield,12.9698,77.75,2026-09-11 18:00:00,29.1,43
Whitefield,12.9698,77.75,2026-09-11 19:00:00,28.4,46
Whitefield,12.9698,77.75,2026-09-11 20:00:00,27.6,52
Whitefield,12.9698,77.75,2026-09-11 21:00:00,26.9,56
Whitefield,12.9698,77.75,2026-09-11 22:00:00,26.0,60
Whitefield,12.9698,77.75,2026-09-11 23:00:00,26.0,59
Whitefield,12.9698,77.75,2026-09-12 00:00:00,25.1,59
Whitefield,12.9698,77.75,2026-09-12 01:00:00,24.3,62
Whitefield,12.9698,77.75,2026-09-12 02:00:00,23.6,65
Whitefield,12.9698,77.75,2026-09-12 03:00:00,23.0,68
Whitefield,12.9698,77.75,2026-09-12 04:00:00,22.5,73
Whitefield,12.9698,77.75,2026-09-12 05:00:00,22.7,78
Whitefield,12.9698,77.75,2026-09-12 06:00:00,22.3,85
Whitefield,12.9698,77.75,2026-09-12 07:00:00,23.4,80
Whitefield,12.9698,77.75,2026-09-12 08:00:00,24.9,72
Whitefield,12.9698,77.75,2026-09-12 09:00:00,26.6,61
Whitefield,12.9698,77.75,2026-09-12 10:00:00,28.2,54
Whitefield,12.9698,77.75,2026-09-12 11:00:00,29.6,47
Whitefield,12.9698,77.75,2026-09-12 12:00:00,30.4,44
Whitefield,12.9698,77.75,2026-09-12 13:00:00,31.0,41
Whitefield,12.9698,77.75,2026-09-12 14:00:00,30.9,41
Whitefield,12.9698,77.75,2026-09-12 15:00:00,31.0,40
Whitefield,12.9698,77.75,2026-09-12 16:00:00,30.3,42
Whitefield,12.9698,77.75,2026-09-12 17:00:00,30.5,38
Whitefield,12.9698,77.75,2026-09-12 18:00:00,29.4,41
Whitefield,12.9698,77.75,2026-09-12 19:00:00,28.7,44
Whitefield,12.9698,77.75,2026-09-12 20:00:00,28.1,47
Whitefield,12.9698,77.75,2026-09-12 21:00:00,27.2,49
Whitefield,12.9698,77.75,2026-09-12 22:00:00,26.7,50
Whitefield,12.9698,77.75,2026-09-12 23:00:00,26.1,48
Whitefield,12.9698,77.75,2026-09-13 00:00:00,24.5,55
Whitefield,12.9698,77.75,2026-09-13 01:00:00,23.4,63
Whitefield,12.9698,77.75,2026-09-13 02:00:00,22.7,70
Whitefield,12.9698,77.75,2026-09-13 03:00:00,22.2,76
Whitefield,12.9698,77.75,2026-09-13 04:00:00,21.7,80
Whitefield,12.9698,77.75,2026-09-13 05:00:00,21.9,79
Whitefield,12.9698,77.75,2026-09-13 06:00:00,21.5,82
Whitefield,12.9698,77.75,2026-09-13 07:00:00,22.4,76
Whitefield,12.9698,77.75,2026-09-13 08:00:00,24.1,67
Whitefield,12.9698,77.75,2026-09-13 09:00:00,26.4,55
Whitefield,12.9698,77.75,2026-09-13 10:00:00,28.2,46
Whitefield,12.9698,77.75,2026-09-13 11:00:00,29.5,41
Whitefield,12.9698,77.75,2026-09-13 12:00:00,30.6,36
Whitefield,12.9698,77.75,2026-09-13 13:00:00,31.3,33
Whitefield,12.9698,77.75,2026-09-13 14:00:00,31.5,31
Whitefield,12.9698,77.75,2026-09-13 15:00:00,31.0,32
Whitefield,12.9698,77.75,2026-09-13 16:00:00,30.3,33
Whitefield,12.9698,77.75,2026-09-13 17:00:00,30.0,33
Whitefield,12.9698,77.75,2026-09-13 18:00:00,28.5,39
Whitefield,12.9698,77.75,2026-09-13 19:00:00,27.7,44
Whitefield,12.9698,77.75,2026-09-13 20:00:00,27.0,49
Whitefield,12.9698,77.75,2026-09-13 21:00:00,26.5,51
Whitefield,12.9698,77.75,2026-09-13 22:00:00,26.1,54
Whitefield,12.9698,77.75,2026-09-13 23:00:00,25.4,57
Whitefield,12.9698,77.75,2026-09-14 00:00:00,24.7,64
Whitefield,12.9698,77.75,2026-09-14 01:00:00,24.3,68
Whitefield,12.9698,77.75,2026-09-14 02:00:00,23.7,70
Whitefield,12.9698,77.75,2026-09-14 03:00:00,23.0,70
Whitefield,12.9698,77.75,2026-09-14 04:00:00,22.4,74
Whitefield,12.9698,77.75,2026-09-14 05:00:00,21.5,92
Whitefield,12.9698,77.75,2026-09-14 06:00:00,21.2,94
Whitefield,12.9698,77.75,2026-09-14 07:00:00,22.5,87
Whitefield,12.9698,77.75,2026-09-14 08:00:00,25.0,71
Whitefield,12.9698,77.75,2026-09-14 09:00:00,26.9,58
Whitefield,12.9698,77.75,2026-09-14 10:00:00,28.4,52
Whitefield,12.9698,77.75,2026-09-14 11:00:00,29.0,49
Whitefield,12.9698,77.75,2026-09-14 12:00:00,29.7,48
Whitefield,12.9698,77.75,2026-09-14 13:00:00,30.0,48
Whitefield,12.9698,77.75,2026-09-14 14:00:00,30.5,47
Whitefield,12.9698,77.75,2026-09-14 15:00:00,30.4,46
Whitefield,12.9698,77.75,2026-09-14 16:00:00,29.7,47
Whitefield,12.9698,77.75,2026-09-14 17:00:00,23.6,82
Whitefield,12.9698,77.75,2026-09-14 18:00:00,22.2,92
Whitefield,12.9698,77.75,2026-09-14 19:00:00,21.5,94
Whitefield,12.9698,77.75,2026-09-14 20:00:00,21.6,97
Whitefield,12.9698,77.75,2026-09-14 21:00:00,22.0,94
Whitefield,12.9698,77.75,2026-09-14 22:00:00,21.7,93
Whitefield,12.9698,77.75,2026-09-14 23:00:00,21.8,92
Whitefield,12.9698,77.75,2026-09-15 00:00:00,21.5,94
Whitefield,12.9698,77.75,2026-09-15 01:00:00,21.4,93
Whitefield,12.9698,77.75,2026-09-15 02:00:00,21.1,92
Whitefield,12.9698,77.75,2026-09-15 03:00:00,20.9,92
Whitefield,12.9698,77.75,2026-09-15 04:00:00,20.6,94
Whitefield,12.9698,77.75,2026-09-15 05:00:00,21.3,91
Whitefield,12.9698,77.75,2026-09-15 06:00:00,21.3,92
Whitefield,12.9698,77.75,2026-09-15 07:00:00,22.9,83
Whitefield,12.9698,77.75,2026-09-15 08:00:00,24.9,72
Whitefield,12.9698,77.75,2026-09-15 09:00:00,26.7,62
Whitefield,12.9698,77.75,2026-09-15 10:00:00,28.2,54
Whitefield,12.9698,77.75,2026-09-15 11:00:00,29.1,49
Whitefield,12.9698,77.75,2026-09-15 12:00:00,30.0,47
Whitefield,12.9698,77.75,2026-09-15 13:00:00,30.8,45
Whitefield,12.9698,77.75,2026-09-15 14:00:00,30.8,45
Whitefield,12.9698,77.75,2026-09-15 15:00:00,30.5,46
Whitefield,12.9698,77.75,2026-09-15 16:00:00,29.6,48
Whitefield,12.9698,77.75,2026-09-15 17:00:00,25.9,70
Whitefield,12.9698,77.75,2026-09-15 18:00:00,23.8,83
Whitefield,12.9698,77.75,2026-09-15 19:00:00,22.6,86
Whitefield,12.9698,77.75,2026-09-15 20:00:00,22.1,92
Whitefield,12.9698,77.75,2026-09-15 21:00:00,21.2,95
Whitefield,12.9698,77.75,2026-09-15 22:00:00,20.5,98
Whitefield,12.9698,77.75,2026-09-15 23:00:00,21.6,96
Whitefield,12.9698,77.75,2026-09-16 00:00:00,21.4,96
Whitefield,12.9698,77.75,2026-09-16 01:00:00,21.1,97
Whitefield,12.9698,77.75,2026-09-16 02:00:00,20.8,98
Whitefield,12.9698,77.75,2026-09-16 03:00:00,20.8,97
Whitefield,12.9698,77.75,2026-09-16 04:00:00,20.7,95
Whitefield,12.9698,77.75,2026-09-16 05:00:00,21.1,93
Whitefield,12.9698,77.75,2026-09-16 06:00:00,20.9,94
Whitefield,12.9698,77.75,2026-09-16 07:00:00,21.8,86
Whitefield,12.9698,77.75,2026-09-16 08:00:00,23.8,74
Whitefield,12.9698,77.75,2026-09-16 09:00:00,25.8,61
Whitefield,12.9698,77.75,2026-09-16 10:00:00,27.4,54
Whitefield,12.9698,77.75,2026-09-16 11:00:00,27.6,56
Whitefield,12.9698,77.75,2026-09-16 12:00:00,28.9,52
Whitefield,12.9698,77.75,2026-09-16 13:00:00,29.7,49
Whitefield,12.9698,77.75,2026-09-16 14:00:00,30.0,47
Whitefield,12.9698,77.75,2026-09-16 15:00:00,29.9,46
Whitefield,12.9698,77.75,2026-09-16 16:00:00,29.6,46
Whitefield,12.9698,77.75,2026-09-16 17:00:00,29.1,48
Whitefield,12.9698,77.75,2026-09-16 18:00:00,27.2,64
Whitefield,12.9698,77.75,2026-09-16 19:00:00,25.6,71
Whitefield,12.9698,77.75,2026-09-16 20:00:00,24.8,74
Whitefield,12.9698,77.75,2026-09-16 21:00:00,24.5,77
Whitefield,12.9698,77.75,2026-09-16 22:00:00,24.3,79
Whitefield,12.9698,77.75,2026-09-16 23:00:00,24.2,80
Whitefield,12.9698,77.75,2026-09-17 00:00:00,23.6,80
Whitefield,12.9698,77.75,2026-09-17 01:00:00,22.9,83
Whitefield,12.9698,77.75,2026-09-17 02:00:00,22.4,87
Whitefield,12.9698,77.75,2026-09-17 03:00:00,22.0,89
Whitefield,12.9698,77.75,2026-09-17 04:00:00,21.5,86
Whitefield,12.9698,77.75,2026-09-17 05:00:00,21.3,92
Whitefield,12.9698,77.75,2026-09-17 06:00:00,21.2,92
Whitefield,12.9698,77.75,2026-09-17 07:00:00,22.5,86
Whitefield,12.9698,77.75,2026-09-17 08:00:00,24.9,72
Whitefield,12.9698,77.75,2026-09-17 09:00:00,26.7,63
Whitefield,12.9698,77.75,2026-09-17 10:00:00,28.4,55
Whitefield,12.9698,77.75,2026-09-17 11:00:00,29.6,51
Whitefield,12.9698,77.75,2026-09-17 12:00:00,30.4,49
Whitefield,12.9698,77.75,2026-09-17 13:00:00,30.6,46
Whitefield,12.9698,77.75,2026-09-17 14:00:00,30.2,49
Whitefield,12.9698,77.75,2026-09-17 15:00:00,30.3,49
Whitefield,12.9698,77.75,2026-09-17 16:00:00,26.0,67
Whitefield,12.9698,77.75,2026-09-17 17:00:00,28.0,55
Whitefield,12.9698,77.75,2026-09-17 18:00:00,26.6,63
Whitefield,12.9698,77.75,2026-09-17 19:00:00,26.3,65
Whitefield,12.9698,77.75,2026-09-17 20:00:00,25.6,64
Whitefield,12.9698,77.75,2026-09-17 21:00:00,24.0,71
Whitefield,12.9698,77.75,2026-09-17 22:00:00,23.6,78
Whitefield,12.9698,77.75,2026-09-17 23:00:00,23.3,85
Whitefield,12.9698,77.75,2026-09-18 00:00:00,22.9,88
Whitefield,12.9698,77.75,2026-09-18 01:00:00,22.8,89
Whitefield,12.9698,77.75,2026-09-18 02:00:00,22.5,91
Whitefield,12.9698,77.75,2026-09-18 03:00:00,22.2,93
Whitefield,12.9698,77.75,2026-09-18 04:00:00,21.9,95
Whitefield,12.9698,77.75,2026-09-18 05:00:00,22.3,88
Whitefield,12.9698,77.75,2026-09-18 06:00:00,22.1,88
Whitefield,12.9698,77.75,2026-09-18 07:00:00,22.8,83
Whitefield,12.9698,77.75,2026-09-18 08:00:00,24.3,74
Whitefield,12.9698,77.75,2026-09-18 09:00:00,26.3,64
Whitefield,12.9698,77.75,2026-09-18 10:00:00,28.3,54
Whitefield,12.9698,77.75,2026-09-18 11:00:00,29.1,52
Whitefield,12.9698,77.75,2026-09-18 12:00:00,29.7,49
Whitefield,12.9698,77.75,2026-09-18 13:00:00,30.3,48
Whitefield,12.9698,77.75,2026-09-18 14:00:00,30.9,46
Whitefield,12.9698,77.75,2026-09-18 15:00:00,30.2,47
Whitefield,12.9698,77.75,2026-09-18 16:00:00,30.0,48
Whitefield,12.9698,77.75,2026-09-18 17:00:00,29.3,46
Whitefield,12.9698,77.75,2026-09-18 18:00:00,28.2,50
Whitefield,12.9698,77.75,2026-09-18 19:00:00,27.2,56
Whitefield,12.9698,77.75,2026-09-18 20:00:00,26.3,62
Whitefield,12.9698,77.75,2026-09-18 21:00:00,25.2,67
Whitefield,12.9698,77.75,2026-09-18 22:00:00,24.1,73
Whitefield,12.9698,77.75,2026-09-18 23:00:00,24.4,76
Whitefield,12.9698,77.75,2026-09-19 00:00:00,24.2,77
Whitefield,12.9698,77.75,2026-09-19 01:00:00,23.8,81
Whitefield,12.9698,77.75,2026-09-19 02:00:00,23.3,85
Whitefield,12.9698,77.75,2026-09-19 03:00:00,23.1,85
Whitefield,12.9698,77.75,2026-09-19 04:00:00,22.8,83
Whitefield,12.9698,77.75,2026-09-19 05:00:00,22.4,81
Whitefield,12.9698,77.75,2026-09-19 06:00:00,22.1,81
Whitefield,12.9698,77.75,2026-09-19 07:00:00,23.1,77
Whitefield,12.9698,77.75,2026-09-19 08:00:00,24.9,68
Whitefield,12.9698,77.75,2026-09-19 09:00:00,27.1,58
Whitefield,12.9698,77.75,2026-09-19 10:00:00,29.0,51
Whitefield,12.9698,77.75,2026-09-19 11:00:00,30.3,47
Whitefield,12.9698,77.75,2026-09-19 12:00:00,30.4,48
Whitefield,12.9698,77.75,2026-09-19 13:00:00,30.9,46
Whitefield,12.9698,77.75,2026-09-19 14:00:00,31.1,46
Whitefield,12.9698,77.75,2026-09-19 15:00:00,30.9,45
Whitefield,12.9698,77.75,2026-09-19 16:00:00,30.4,46
Whitefield,12.9698,77.75,2026-09-19 17:00:00,29.7,46
Whitefield,12.9698,77.75,2026-09-19 18:00:00,28.5,51
Whitefield,12.9698,77.75,2026-09-19 19:00:00,25.5,74
Whitefield,12.9698,77.75,2026-09-19 20:00:00,22.5,95
Whitefield,12.9698,77.75,2026-09-19 21:00:00,22.7,95
Whitefield,12.9698,77.75,2026-09-19 22:00:00,22.8,92
Whitefield,12.9698,77.75,2026-09-19 23:00:00,22.7,90
Whitefield,12.9698,77.75,2026-09-20 00:00:00,22.0,93
Whitefield,12.9698,77.75,2026-09-20 01:00:00,21.7,95
Whitefield,12.9698,77.75,2026-09-20 02:00:00,21.3,95
Whitefield,12.9698,77.75,2026-09-20 03:00:00,21.0,95
Whitefield,12.9698,77.75,2026-09-20 04:00:00,21.0,95
Whitefield,12.9698,77.75,2026-09-20 05:00:00,20.9,96
Whitefield,12.9698,77.75,2026-09-20 06:00:00,21.1,97
Whitefield,12.9698,77.75,2026-09-20 07:00:00,21.4,97
Whitefield,12.9698,77.75,2026-09-20 08:00:00,21.6,96
Whitefield,12.9698,77.75,2026-09-20 09:00:00,22.9,86
Whitefield,12.9698,77.75,2026-09-20 10:00:00,24.0,76
Whitefield,12.9698,77.75,2026-09-20 11:00:00,23.8,76
Whitefield,12.9698,77.75,2026-09-20 12:00:00,25.7,68
Whitefield,12.9698,77.75,2026-09-20 13:00:00,26.7,62
Whitefield,12.9698,77.75,2026-09-20 14:00:00,27.4,60
Whitefield,12.9698,77.75,2026-09-20 15:00:00,27.7,58
Whitefield,12.9698,77.75,2026-09-20 16:00:00,27.2,57
Whitefield,12.9698,77.75,2026-09-20 17:00:00,27.0,60
Whitefield,12.9698,77.75,2026-09-20 18:00:00,25.8,68
Whitefield,12.9698,77.75,2026-09-20 19:00:00,25.0,73
Whitefield,12.9698,77.75,2026-09-20 20:00:00,24.9,73
Whitefield,12.9698,77.75,2026-09-20 21:00:00,24.7,76
Whitefield,12.9698,77.75,2026-09-20 22:00:00,23.3,81
Whitefield,12.9698,77.75,2026-09-20 23:00:00,21.7,95
Whitefield,12.9698,77.75,2026-09-21 00:00:00,21.2,96
Whitefield,12.9698,77.75,2026-09-21 01:00:00,20.6,95
Whitefield,12.9698,77.75,2026-09-21 02:00:00,20.8,95
Whitefield,12.9698,77.75,2026-09-21 03:00:00,21.3,94
Whitefield,12.9698,77.75,2026-09-21 04:00:00,21.2,95
Whitefield,12.9698,77.75,2026-09-21 05:00:00,21.6,93
Whitefield,12.9698,77.75,2026-09-21 06:00:00,21.2,94
Whitefield,12.9698,77.75,2026-09-21 07:00:00,22.2,87
Whitefield,12.9698,77.75,2026-09-21 08:00:00,23.9,77
Whitefield,12.9698,77.75,2026-09-21 09:00:00,25.5,69
Whitefield,12.9698,77.75,2026-09-21 10:00:00,26.7,62
Whitefield,12.9698,77.75,2026-09-21 11:00:00,28.4,59
Whitefield,12.9698,77.75,2026-09-21 12:00:00,28.5,59
Whitefield,12.9698,77.75,2026-09-21 13:00:00,28.8,58
Whitefield,12.9698,77.75,2026-09-21 14:00:00,29.4,54
Whitefield,12.9698,77.75,2026-09-21 15:00:00,28.7,54
Whitefield,12.9698,77.75,2026-09-21 16:00:00,26.4,64
Whitefield,12.9698,77.75,2026-09-21 17:00:00,24.5,74
Whitefield,12.9698,77.75,2026-09-21 18:00:00,23.7,77
Whitefield,12.9698,77.75,2026-09-21 19:00:00,23.5,79
Whitefield,12.9698,77.75,2026-09-21 20:00:00,23.6,79
Whitefield,12.9698,77.75,2026-09-21 21:00:00,23.4,82
Whitefield,12.9698,77.75,2026-09-21 22:00:00,23.1,86
Whitefield,12.9698,77.75,2026-09-21 23:00:00,22.1,93
Whitefield,12.9698,77.75,2026-09-22 00:00:00,21.8,94
Whitefield,12.9698,77.75,2026-09-22 01:00:00,21.6,96
Whitefield,12.9698,77.75,2026-09-22 02:00:00,21.3,95
Whitefield,12.9698,77.75,2026-09-22 03:00:00,21.1,96
Whitefield,12.9698,77.75,2026-09-22 04:00:00,21.1,96
Whitefield,12.9698,77.75,2026-09-22 05:00:00,21.5,96
Whitefield,12.9698,77.75,2026-09-22 06:00:00,21.4,96
Whitefield,12.9698,77.75,2026-09-22 07:00:00,21.8,93
Whitefield,12.9698,77.75,2026-09-22 08:00:00,22.2,91
Whitefield,12.9698,77.75,2026-09-22 09:00:00,23.6,80
Whitefield,12.9698,77.75,2026-09-22 10:00:00,25.3,69
Whitefield,12.9698,77.75,2026-09-22 11:00:00,26.0,64
Whitefield,12.9698,77.75,2026-09-22 12:00:00,26.3,61
Whitefield,12.9698,77.75,2026-09-22 13:00:00,27.4,55
Whitefield,12.9698,77.75,2026-09-22 14:00:00,27.7,52
Whitefield,12.9698,77.75,2026-09-22 15:00:00,27.5,51
Whitefield,12.9698,77.75,2026-09-22 16:00:00,26.9,53
Whitefield,12.9698,77.75,2026-09-22 17:00:00,27.2,56
Whitefield,12.9698,77.75,2026-09-22 18:00:00,25.8,62
Whitefield,12.9698,77.75,2026-09-22 19:00:00,25.0,65
Whitefield,12.9698,77.75,2026-09-22 20:00:00,24.5,67
Whitefield,12.9698,77.75,2026-09-22 21:00:00,24.2,70
Whitefield,12.9698,77.75,2026-09-22 22:00:00,23.3,77
Whitefield,12.9698,77.75,2026-09-22 23:00:00,22.8,79
Whitefield,12.9698,77.75,2026-09-23 00:00:00,22.0,82
Whitefield,12.9698,77.75,2026-09-23 01:00:00,21.4,83
Whitefield,12.9698,77.75,2026-09-23 02:00:00,21.1,82
Whitefield,12.9698,77.75,2026-09-23 03:00:00,20.8,82
Whitefield,12.9698,77.75,2026-09-23 04:00:00,20.7,81
Whitefield,12.9698,77.75,2026-09-23 05:00:00,21.0,83
Whitefield,12.9698,77.75,2026-09-23 06:00:00,20.9,82
Whitefield,12.9698,77.75,2026-09-23 07:00:00,21.6,79
Whitefield,12.9698,77.75,2026-09-23 08:00:00,22.5,75
Whitefield,12.9698,77.75,2026-09-23 09:00:00,24.6,63
Whitefield,12.9698,77.75,2026-09-23 10:00:00,26.2,54
Whitefield,12.9698,77.75,2026-09-23 11:00:00,25.3,62
Whitefield,12.9698,77.75,2026-09-23 12:00:00,26.4,60
Whitefield,12.9698,77.75,2026-09-23 13:00:00,27.2,57
Whitefield,12.9698,77.75,2026-09-23 14:00:00,27.5,57
Whitefield,12.9698,77.75,2026-09-23 15:00:00,27.0,59
Whitefield,12.9698,77.75,2026-09-23 16:00:00,26.0,63
Whitefield,12.9698,77.75,2026-09-23 17:00:00,25.9,60
Whitefield,12.9698,77.75,2026-09-23 18:00:00,24.9,64
Whitefield,12.9698,77.75,2026-09-23 19:00:00,24.3,64
Whitefield,12.9698,77.75,2026-09-23 20:00:00,23.7,63
Whitefield,12.9698,77.75,2026-09-23 21:00:00,23.0,57
Whitefield,12.9698,77.75,2026-09-23 22:00:00,22.4,57
Whitefield,12.9698,77.75,2026-09-23 23:00:00,21.9,64
Whitefield,12.9698,77.75,2026-09-24 00:00:00,21.9,70
Whitefield,12.9698,77.75,2026-09-24 01:00:00,21.4,75
Whitefield,12.9698,77.75,2026-09-24 02:00:00,20.8,82
Whitefield,12.9698,77.75,2026-09-24 03:00:00,20.5,86
Whitefield,12.9698,77.75,2026-09-24 04:00:00,20.5,84
Whitefield,12.9698,77.75,2026-09-24 05:00:00,20.6,81
Whitefield,12.9698,77.75,2026-09-24 06:00:00,20.8,81
Whitefield,12.9698,77.75,2026-09-24 07:00:00,21.4,79
Whitefield,12.9698,77.75,2026-09-24 08:00:00,22.8,74
Whitefield,12.9698,77.75,2026-09-24 09:00:00,24.7,67
Whitefield,12.9698,77.75,2026-09-24 10:00:00,26.0,61
Whitefield,12.9698,77.75,2026-09-24 11:00:00,26.8,56
Whitefield,12.9698,77.75,2026-09-24 12:00:00,27.8,50
Whitefield,12.9698,77.75,2026-09-24 13:00:00,24.7,61
Whitefield,12.9698,77.75,2026-09-24 14:00:00,22.7,78
Whitefield,12.9698,77.75,2026-09-24 15:00:00,23.5,76
Whitefield,12.9698,77.75,2026-09-24 16:00:00,25.5,65
Whitefield,12.9698,77.75,2026-09-24 17:00:00,24.3,73
Whitefield,12.9698,77.75,2026-09-24 18:00:00,23.2,80
Whitefield,12.9698,77.75,2026-09-24 19:00:00,22.7,80
Whitefield,12.9698,77.75,2026-09-24 20:00:00,22.5,80
Whitefield,12.9698,77.75,2026-09-24 21:00:00,22.3,81
Whitefield,12.9698,77.75,2026-09-24 22:00:00,22.0,83
Whitefield,12.9698,77.75,2026-09-24 23:00:00,21.8,85
Whitefield,12.9698,77.75,2026-09-25 00:00:00,21.7,87
Whitefield,12.9698,77.75,2026-09-25 01:00:00,21.6,86
Whitefield,12.9698,77.75,2026-09-25 02:00:00,21.6,86
Whitefield,12.9698,77.75,2026-09-25 03:00:00,21.5,87
Whitefield,12.9698,77.75,2026-09-25 04:00:00,21.3,88
Whitefield,12.9698,77.75,2026-09-25 05:00:00,21.1,89
Whitefield,12.9698,77.75,2026-09-25 06:00:00,21.0,90
Whitefield,12.9698,77.75,2026-09-25 07:00:00,21.9,86
Whitefield,12.9698,77.75,2026-09-25 08:00:00,24.0,73
Whitefield,12.9698,77.75,2026-09-25 09:00:00,25.0,68
Whitefield,12.9698,77.75,2026-09-25 10:00:00,26.7,60
Whitefield,12.9698,77.75,2026-09-25 11:00:00,27.7,56
Whitefield,12.9698,77.75,2026-09-25 12:00:00,28.1,56
Whitefield,12.9698,77.75,2026-09-25 13:00:00,29.2,54
Whitefield,12.9698,77.75,2026-09-25 14:00:00,28.8,54
Whitefield,12.9698,77.75,2026-09-25 15:00:00,26.1,64
Whitefield,12.9698,77.75,2026-09-25 16:00:00,25.2,70
Whitefield,12.9698,77.75,2026-09-25 17:00:00,24.8,72
Whitefield,12.9698,77.75,2026-09-25 18:00:00,23.0,84
Whitefield,12.9698,77.75,2026-09-25 19:00:00,22.4,84
Whitefield,12.9698,77.75,2026-09-25 20:00:00,22.5,84
Whitefield,12.9698,77.75,2026-09-25 21:00:00,22.5,86
Whitefield,12.9698,77.75,2026-09-25 22:00:00,22.1,87
Whitefield,12.9698,77.75,2026-09-25 23:00:00,21.5,88
Whitefield,12.9698,77.75,2026-09-26 00:00:00,20.9,90
Whitefield,12.9698,77.75,2026-09-26 01:00:00,20.6,91
Whitefield,12.9698,77.75,2026-09-26 02:00:00,20.6,91
Whitefield,12.9698,77.75,2026-09-26 03:00:00,20.4,91
Whitefield,12.9698,77.75,2026-09-26 04:00:00,20.6,90
Whitefield,12.9698,77.75,2026-09-26 05:00:00,20.6,90
Whitefield,12.9698,77.75,2026-09-26 06:00:00,20.9,89
Whitefield,12.9698,77.75,2026-09-26 07:00:00,21.8,84
Whitefield,12.9698,77.75,2026-09-26 08:00:00,23.2,74
Whitefield,12.9698,77.75,2026-09-26 09:00:00,24.9,66
Whitefield,12.9698,77.75,2026-09-26 10:00:00,26.2,59
Whitefield,12.9698,77.75,2026-09-26 11:00:00,27.5,56
Whitefield,12.9698,77.75,2026-09-26 12:00:00,28.7,49
Whitefield,12.9698,77.75,2026-09-26 13:00:00,29.5,43
Whitefield,12.9698,77.75,2026-09-26 14:00:00,29.8,40
Whitefield,12.9698,77.75,2026-09-26 15:00:00,29.7,40
Whitefield,12.9698,77.75,2026-09-26 16:00:00,29.1,42
Whitefield,12.9698,77.75,2026-09-26 17:00:00,28.2,44
Whitefield,12.9698,77.75,2026-09-26 18:00:00,26.4,55
Whitefield,12.9698,77.75,2026-09-26 19:00:00,25.4,63
Whitefield,12.9698,77.75,2026-09-26 20:00:00,25.2,61
Whitefield,12.9698,77.75,2026-09-26 21:00:00,24.1,65
Whitefield,12.9698,77.75,2026-09-26 22:00:00,22.9,72
Whitefield,12.9698,77.75,2026-09-26 23:00:00,22.0,77
Whitefield,12.9698,77.75,2026-09-27 00:00:00,21.4,79
Whitefield,12.9698,77.75,2026-09-27 01:00:00,20.8,82
Whitefield,12.9698,77.75,2026-09-27 02:00:00,20.3,85
Whitefield,12.9698,77.75,2026-09-27 03:00:00,19.9,88
Whitefield,12.9698,77.75,2026-09-27 04:00:00,19.5,91
Whitefield,12.9698,77.75,2026-09-27 05:00:00,19.3,92
Whitefield,12.9698,77.75,2026-09-27 06:00:00,19.3,92
Whitefield,12.9698,77.75,2026-09-27 07:00:00,21.0,82
Whitefield,12.9698,77.75,2026-09-27 08:00:00,23.2,72
Whitefield,12.9698,77.75,2026-09-27 09:00:00,25.4,60
Whitefield,12.9698,77.75,2026-09-27 10:00:00,27.3,51
Whitefield,12.9698,77.75,2026-09-27 11:00:00,28.7,44
Whitefield,12.9698,77.75,2026-09-27 12:00:00,29.7,40
Whitefield,12.9698,77.75,2026-09-27 13:00:00,30.2,38
Whitefield,12.9698,77.75,2026-09-27 14:00:00,30.5,37
Whitefield,12.9698,77.75,2026-09-27 15:00:00,30.8,35
Whitefield,12.9698,77.75,2026-09-27 16:00:00,29.9,38
Whitefield,12.9698,77.75,2026-09-27 17:00:00,29.0,40
Whitefield,12.9698,77.75,2026-09-27 18:00:00,27.2,48
Whitefield,12.9698,77.75,2026-09-27 19:00:00,26.1,51
Whitefield,12.9698,77.75,2026-09-27 20:00:00,25.1,53
Whitefield,12.9698,77.75,2026-09-27 21:00:00,24.4,57
Whitefield,12.9698,77.75,2026-09-27 22:00:00,23.8,64
Whitefield,12.9698,77.75,2026-09-27 23:00:00,23.0,74
Whitefield,12.9698,77.75,2026-09-28 00:00:00,22.4,80
Whitefield,12.9698,77.75,2026-09-28 01:00:00,21.8,86
Whitefield,12.9698,77.75,2026-09-28 02:00:00,21.3,90
Whitefield,12.9698,77.75,2026-09-28 03:00:00,20.7,95
Whitefield,12.9698,77.75,2026-09-28 04:00:00,20.1,98
Whitefield,12.9698,77.75,2026-09-28 05:00:00,20.1,97
Whitefield,12.9698,77.75,2026-09-28 06:00:00,21.1,89
Whitefield,12.9698,77.75,2026-09-28 07:00:00,22.8,78
Whitefield,12.9698,77.75,2026-09-28 08:00:00,24.5,68
Whitefield,12.9698,77.75,2026-09-28 09:00:00,26.4,57
Whitefield,12.9698,77.75,2026-09-28 10:00:00,28.4,48
Whitefield,12.9698,77.75,2026-09-28 11:00:00,30.0,41
Whitefield,12.9698,77.75,2026-09-28 12:00:00,31.0,38
Whitefield,12.9698,77.75,2026-09-28 13:00:00,31.5,36
Whitefield,12.9698,77.75,2026-09-28 14:00:00,31.6,35
Whitefield,12.9698,77.75,2026-09-28 15:00:00,31.0,37
Whitefield,12.9698,77.75,2026-09-28 16:00:00,30.1,39
Whitefield,12.9698,77.75,2026-09-28 17:00:00,29.0,43
Whitefield,12.9698,77.75,2026-09-28 18:00:00,27.8,48
Whitefield,12.9698,77.75,2026-09-28 19:00:00,26.6,55
Whitefield,12.9698,77.75,2026-09-28 20:00:00,25.5,62
Whitefield,12.9698,77.75,2026-09-28 21:00:00,24.6,67
Whitefield,12.9698,77.75,2026-09-28 22:00:00,24.0,71
Whitefield,12.9698,77.75,2026-09-28 23:00:00,23.4,75
Whitefield,12.9698,77.75,2026-09-29 00:00:00,22.9,78
Whitefield,12.9698,77.75,2026-09-29 01:00:00,22.5,80
Whitefield,12.9698,77.75,2026-09-29 02:00:00,22.2,82
Whitefield,12.9698,77.75,2026-09-29 03:00:00,21.8,84
Whitefield,12.9698,77.75,2026-09-29 04:00:00,21.4,87
Whitefield,12.9698,77.75,2026-09-29 05:00:00,21.4,87
Whitefield,12.9698,77.75,2026-09-29 06:00:00,22.2,84
Whitefield,12.9698,77.75,2026-09-29 07:00:00,23.5,78
Whitefield,12.9698,77.75,2026-09-29 08:00:00,25.0,72
Whitefield,12.9698,77.75,2026-09-29 09:00:00,26.8,63
Whitefield,12.9698,77.75,2026-09-29 10:00:00,28.8,54
Whitefield,12.9698,77.75,2026-09-29 11:00:00,30.2,48
Whitefield,12.9698,77.75,2026-09-29 12:00:00,30.9,46
Whitefield,12.9698,77.75,2026-09-29 13:00:00,30.9,45
Whitefield,12.9698,77.75,2026-09-29 14:00:00,30.3,47
Whitefield,12.9698,77.75,2026-09-29 15:00:00,28.5,55
Whitefield,12.9698,77.75,2026-09-29 16:00:00,26.1,67
Whitefield,12.9698,77.75,2026-09-29 17:00:00,24.2,78
Whitefield,12.9698,77.75,2026-09-29 18:00:00,23.5,82
Whitefield,12.9698,77.75,2026-09-29 19:00:00,23.3,82
Whitefield,12.9698,77.75,2026-09-29 20:00:00,23.0,83
Whitefield,12.9698,77.75,2026-09-29 21:00:00,22.3,88
Whitefield,12.9698,77.75,2026-09-29 22:00:00,21.6,93
Whitefield,12.9698,77.75,2026-09-29 23:00:00,21.0,97
Whitefield,12.9698,77.75,2026-09-30 00:00:00,20.6,98
Whitefield,12.9698,77.75,2026-09-30 01:00:00,20.4,98
Whitefield,12.9698,77.75,2026-09-30 02:00:00,20.2,98
Whitefield,12.9698,77.75,2026-09-30 03:00:00,19.6,100
Whitefield,12.9698,77.75,2026-09-30 04:00:00,19.6,100
Whitefield,12.9698,77.75,2026-09-30 05:00:00,20.0,100
Whitefield,12.9698,77.75,2026-09-30 06:00:00,21.0,93
Whitefield,12.9698,77.75,2026-09-30 07:00:00,22.5,85
Whitefield,12.9698,77.75,2026-09-30 08:00:00,24.2,76
Whitefield,12.9698,77.75,2026-09-30 09:00:00,25.9,68
Whitefield,12.9698,77.75,2026-09-30 10:00:00,27.3,63
Whitefield,12.9698,77.75,2026-09-30 11:00:00,28.1,60
Whitefield,12.9698,77.75,2026-09-30 12:00:00,28.3,60
Whitefield,12.9698,77.75,2026-09-30 13:00:00,28.0,62
Whitefield,12.9698,77.75,2026-09-30 14:00:00,27.4,65
Whitefield,12.9698,77.75,2026-09-30 15:00:00,26.6,69
Whitefield,12.9698,77.75,2026-09-30 16:00:00,25.8,73
Whitefield,12.9698,77.75,2026-09-30 17:00:00,25.0,77
Whitefield,12.9698,77.75,2026-09-30 18:00:00,24.3,80
Whitefield,12.9698,77.75,2026-09-30 19:00:00,23.4,84
Whitefield,12.9698,77.75,2026-09-30 20:00:00,22.5,88
Whitefield,12.9698,77.75,2026-09-30 21:00:00,21.6,92
Whitefield,12.9698,77.75,2026-09-30 22:00:00,20.9,96
Whitefield,12.9698,77.75,2026-09-30 23:00:00,20.3,99
Jayanagar,12.9308,77.5838,2026-09-03 00:00:00,20.6,97
Jayanagar,12.9308,77.5838,2026-09-03 01:00:00,20.3,97
Jayanagar,12.9308,77.5838,2026-09-03 02:00:00,19.9,98
Jayanagar,12.9308,77.5838,2026-09-03 03:00:00,19.9,98
Jayanagar,12.9308,77.5838,2026-09-03 04:00:00,19.9,99
Jayanagar,12.9308,77.5838,2026-09-03 05:00:00,19.8,97
Jayanagar,12.9308,77.5838,2026-09-03 06:00:00,19.8,97
Jayanagar,12.9308,77.5838,2026-09-03 07:00:00,20.8,91
Jayanagar,12.9308,77.5838,2026-09-03 08:00:00,22.5,80
Jayanagar,12.9308,77.5838,2026-09-03 09:00:00,24.7,70
Jayanagar,12.9308,77.5838,2026-09-03 10:00:00,26.2,63
Jayanagar,12.9308,77.5838,2026-09-03 11:00:00,26.8,60
Jayanagar,12.9308,77.5838,2026-09-03 12:00:00,27.6,56
Jayanagar,12.9308,77.5838,2026-09-03 13:00:00,28.0,54
Jayanagar,12.9308,77.5838,2026-09-03 14:00:00,28.2,55
Jayanagar,12.9308,77.5838,2026-09-03 15:00:00,27.9,55
Jayanagar,12.9308,77.5838,2026-09-03 16:00:00,26.7,62
Jayanagar,12.9308,77.5838,2026-09-03 17:00:00,26.4,67
Jayanagar,12.9308,77.5838,2026-09-03 18:00:00,25.1,74
Jayanagar,12.9308,77.5838,2026-09-03 19:00:00,24.5,78
Jayanagar,12.9308,77.5838,2026-09-03 20:00:00,23.5,83
Jayanagar,12.9308,77.5838,2026-09-03 21:00:00,22.3,87
Jayanagar,12.9308,77.5838,2026-09-03 22:00:00,21.6,94
Jayanagar,12.9308,77.5838,2026-09-03 23:00:00,22.0,91
Jayanagar,12.9308,77.5838,2026-09-04 00:00:00,21.6,93
Jayanagar,12.9308,77.5838,2026-09-04 01:00:00,21.2,96
Jayanagar,12.9308,77.5838,2026-09-04 02:00:00,20.9,96
Jayanagar,12.9308,77.5838,2026-09-04 03:00:00,20.6,97
Jayanagar,12.9308,77.5838,2026-09-04 04:00:00,20.4,98
Jayanagar,12.9308,77.5838,2026-09-04 05:00:00,20.4,95
Jayanagar,12.9308,77.5838,2026-09-04 06:00:00,20.2,96
Jayanagar,12.9308,77.5838,2026-09-04 07:00:00,21.6,89
Jayanagar,12.9308,77.5838,2026-09-04 08:00:00,23.5,78
Jayanagar,12.9308,77.5838,2026-09-04 09:00:00,24.7,71
Jayanagar,12.9308,77.5838,2026-09-04 10:00:00,26.5,64
Jayanagar,12.9308,77.5838,2026-09-04 11:00:00,27.3,59
Jayanagar,12.9308,77.5838,2026-09-04 12:00:00,28.2,57
Jayanagar,12.9308,77.5838,2026-09-04 13:00:00,28.4,55
Jayanagar,12.9308,77.5838,2026-09-04 14:00:00,28.6,54
Jayanagar,12.9308,77.5838,2026-09-04 15:00:00,27.8,58
Jayanagar,12.9308,77.5838,2026-09-04 16:00:00,28.0,58
Jayanagar,12.9308,77.5838,2026-09-04 17:00:00,26.7,64
Jayanagar,12.9308,77.5838,2026-09-04 18:00:00,25.8,74
Jayanagar,12.9308,77.5838,2026-09-04 19:00:00,25.2,75
Jayanagar,12.9308,77.5838,2026-09-04 20:00:00,24.5,77
Jayanagar,12.9308,77.5838,2026-09-04 21:00:00,23.5,79
Jayanagar,12.9308,77.5838,2026-09-04 22:00:00,23.2,78
Jayanagar,12.9308,77.5838,2026-09-04 23:00:00,22.5,83
Jayanagar,12.9308,77.5838,2026-09-05 00:00:00,22.0,87
Jayanagar,12.9308,77.5838,2026-09-05 01:00:00,21.3,91
Jayanagar,12.9308,77.5838,2026-09-05 02:00:00,21.2,94
Jayanagar,12.9308,77.5838,2026-09-05 03:00:00,21.0,96
Jayanagar,12.9308,77.5838,2026-09-05 04:00:00,20.7,97
Jayanagar,12.9308,77.5838,2026-09-05 05:00:00,21.0,97
Jayanagar,12.9308,77.5838,2026-09-05 06:00:00,20.7,98
Jayanagar,12.9308,77.5838,2026-09-05 07:00:00,21.5,92
Jayanagar,12.9308,77.5838,2026-09-05 08:00:00,23.1,81
Jayanagar,12.9308,77.5838,2026-09-05 09:00:00,25.1,69
Jayanagar,12.9308,77.5838,2026-09-05 10:00:00,27.0,60
Jayanagar,12.9308,77.5838,2026-09-05 11:00:00,28.3,51
Jayanagar,12.9308,77.5838,2026-09-05 12:00:00,29.3,47
Jayanagar,12.9308,77.5838,2026-09-05 13:00:00,29.8,46
Jayanagar,12.9308,77.5838,2026-09-05 14:00:00,29.9,45
Jayanagar,12.9308,77.5838,2026-09-05 15:00:00,29.7,45
Jayanagar,12.9308,77.5838,2026-09-05 16:00:00,29.3,47
Jayanagar,12.9308,77.5838,2026-09-05 17:00:00,29.1,48
Jayanagar,12.9308,77.5838,2026-09-05 18:00:00,27.2,58
Jayanagar,12.9308,77.5838,2026-09-05 19:00:00,26.4,60
Jayanagar,12.9308,77.5838,2026-09-05 20:00:00,25.8,62
Jayanagar,12.9308,77.5838,2026-09-05 21:00:00,25.6,61
Jayanagar,12.9308,77.5838,2026-09-05 22:00:00,24.7,66
Jayanagar,12.9308,77.5838,2026-09-05 23:00:00,24.6,67
Jayanagar,12.9308,77.5838,2026-09-06 00:00:00,23.3,75
Jayanagar,12.9308,77.5838,2026-09-06 01:00:00,22.9,78
Jayanagar,12.9308,77.5838,2026-09-06 02:00:00,22.1,85
Jayanagar,12.9308,77.5838,2026-09-06 03:00:00,21.4,89
Jayanagar,12.9308,77.5838,2026-09-06 04:00:00,21.0,91
Jayanagar,12.9308,77.5838,2026-09-06 05:00:00,21.4,90
Jayanagar,12.9308,77.5838,2026-09-06 06:00:00,21.1,92
Jayanagar,12.9308,77.5838,2026-09-06 07:00:00,22.3,84
Jayanagar,12.9308,77.5838,2026-09-06 08:00:00,23.6,76
Jayanagar,12.9308,77.5838,2026-09-06 09:00:00,25.5,66
Jayanagar,12.9308,77.5838,2026-09-06 10:00:00,27.3,57
Jayanagar,12.9308,77.5838,2026-09-06 11:00:00,28.4,53
Jayanagar,12.9308,77.5838,2026-09-06 12:00:00,28.9,51
Jayanagar,12.9308,77.5838,2026-09-06 13:00:00,29.4,50
Jayanagar,12.9308,77.5838,2026-09-06 14:00:00,29.6,48
Jayanagar,12.9308,77.5838,2026-09-06 15:00:00,29.8,46
Jayanagar,12.9308,77.5838,2026-09-06 16:00:00,29.5,46
Jayanagar,12.9308,77.5838,2026-09-06 17:00:00,29.4,45
Jayanagar,12.9308,77.5838,2026-09-06 18:00:00,27.8,53
Jayanagar,12.9308,77.5838,2026-09-06 19:00:00,26.9,56
Jayanagar,12.9308,77.5838,2026-09-06 20:00:00,26.3,57
Jayanagar,12.9308,77.5838,2026-09-06 21:00:00,25.8,59
Jayanagar,12.9308,77.5838,2026-09-06 22:00:00,24.9,62
Jayanagar,12.9308,77.5838,2026-09-06 23:00:00,23.9,70
Jayanagar,12.9308,77.5838,2026-09-07 00:00:00,22.8,77
Jayanagar,12.9308,77.5838,2026-09-07 01:00:00,22.1,85
Jayanagar,12.9308,77.5838,2026-09-07 02:00:00,21.6,89
Jayanagar,12.9308,77.5838,2026-09-07 03:00:00,21.2,92
Jayanagar,12.9308,77.5838,2026-09-07 04:00:00,20.9,94
Jayanagar,12.9308,77.5838,2026-09-07 05:00:00,20.8,94
Jayanagar,12.9308,77.5838,2026-09-07 06:00:00,20.5,94
Jayanagar,12.9308,77.5838,2026-09-07 07:00:00,21.6,86
Jayanagar,12.9308,77.5838,2026-09-07 08:00:00,23.4,75
Jayanagar,12.9308,77.5838,2026-09-07 09:00:00,25.5,64
Jayanagar,12.9308,77.5838,2026-09-07 10:00:00,27.1,57
Jayanagar,12.9308,77.5838,2026-09-07 11:00:00,28.2,50
Jayanagar,12.9308,77.5838,2026-09-07 12:00:00,29.3,45
Jayanagar,12.9308,77.5838,2026-09-07 13:00:00,30.1,42
Jayanagar,12.9308,77.5838,2026-09-07 14:00:00,30.6,39
Jayanagar,12.9308,77.5838,2026-09-07 15:00:00,31.0,36
Jayanagar,12.9308,77.5838,2026-09-07 16:00:00,30.2,40
Jayanagar,12.9308,77.5838,2026-09-07 17:00:00,29.1,44
Jayanagar,12.9308,77.5838,2026-09-07 18:00:00,27.2,54
Jayanagar,12.9308,77.5838,2026-09-07 19:00:00,26.6,57
Jayanagar,12.9308,77.5838,2026-09-07 20:00:00,26.0,59
Jayanagar,12.9308,77.5838,2026-09-07 21:00:00,25.0,63
Jayanagar,12.9308,77.5838,2026-09-07 22:00:00,23.9,66
Jayanagar,12.9308,77.5838,2026-09-07 23:00:00,23.6,71
Jayanagar,12.9308,77.5838,2026-09-08 00:00:00,22.6,80
Jayanagar,12.9308,77.5838,2026-09-08 01:00:00,22.1,86
Jayanagar,12.9308,77.5838,2026-09-08 02:00:00,21.6,89
Jayanagar,12.9308,77.5838,2026-09-08 03:00:00,21.2,92
Jayanagar,12.9308,77.5838,2026-09-08 04:00:00,20.7,94
Jayanagar,12.9308,77.5838,2026-09-08 05:00:00,20.8,94
Jayanagar,12.9308,77.5838,2026-09-08 06:00:00,20.4,95
Jayanagar,12.9308,77.5838,2026-09-08 07:00:00,21.7,86
Jayanagar,12.9308,77.5838,2026-09-08 08:00:00,23.7,73
Jayanagar,12.9308,77.5838,2026-09-08 09:00:00,25.6,62
Jayanagar,12.9308,77.5838,2026-09-08 10:00:00,27.3,55
Jayanagar,12.9308,77.5838,2026-09-08 11:00:00,28.4,51
Jayanagar,12.9308,77.5838,2026-09-08 12:00:00,29.2,46
Jayanagar,12.9308,77.5838,2026-09-08 13:00:00,29.6,44
Jayanagar,12.9308,77.5838,2026-09-08 14:00:00,30.4,41
Jayanagar,12.9308,77.5838,2026-09-08 15:00:00,28.9,47
Jayanagar,12.9308,77.5838,2026-09-08 16:00:00,28.8,47
Jayanagar,12.9308,77.5838,2026-09-08 17:00:00,28.5,46
Jayanagar,12.9308,77.5838,2026-09-08 18:00:00,27.0,53
Jayanagar,12.9308,77.5838,2026-09-08 19:00:00,26.3,57
Jayanagar,12.9308,77.5838,2026-09-08 20:00:00,25.5,62
Jayanagar,12.9308,77.5838,2026-09-08 21:00:00,24.2,71
Jayanagar,12.9308,77.5838,2026-09-08 22:00:00,23.0,76
Jayanagar,12.9308,77.5838,2026-09-08 23:00:00,21.0,94
Jayanagar,12.9308,77.5838,2026-09-09 00:00:00,20.6,95
Jayanagar,12.9308,77.5838,2026-09-09 01:00:00,20.8,95
Jayanagar,12.9308,77.5838,2026-09-09 02:00:00,21.0,96
Jayanagar,12.9308,77.5838,2026-09-09 03:00:00,20.7,97
Jayanagar,12.9308,77.5838,2026-09-09 04:00:00,20.3,98
Jayanagar,12.9308,77.5838,2026-09-09 05:00:00,21.0,95
Jayanagar,12.9308,77.5838,2026-09-09 06:00:00,20.5,96
Jayanagar,12.9308,77.5838,2026-09-09 07:00:00,21.6,88
Jayanagar,12.9308,77.5838,2026-09-09 08:00:00,23.7,73
Jayanagar,12.9308,77.5838,2026-09-09 09:00:00,25.6,62
Jayanagar,12.9308,77.5838,2026-09-09 10:00:00,27.6,52
Jayanagar,12.9308,77.5838,2026-09-09 11:00:00,28.7,48
Jayanagar,12.9308,77.5838,2026-09-09 12:00:00,28.5,49
Jayanagar,12.9308,77.5838,2026-09-09 13:00:00,29.7,45
Jayanagar,12.9308,77.5838,2026-09-09 14:00:00,30.0,44
Jayanagar,12.9308,77.5838,2026-09-09 15:00:00,30.0,44
Jayanagar,12.9308,77.5838,2026-09-09 16:00:00,29.6,44
Jayanagar,12.9308,77.5838,2026-09-09 17:00:00,28.7,48
Jayanagar,12.9308,77.5838,2026-09-09 18:00:00,27.3,55
Jayanagar,12.9308,77.5838,2026-09-09 19:00:00,26.7,56
Jayanagar,12.9308,77.5838,2026-09-09 20:00:00,26.0,59
Jayanagar,12.9308,77.5838,2026-09-09 21:00:00,25.7,61
Jayanagar,12.9308,77.5838,2026-09-09 22:00:00,24.5,67
Jayanagar,12.9308,77.5838,2026-09-09 23:00:00,23.5,73
Jayanagar,12.9308,77.5838,2026-09-10 00:00:00,22.5,79
Jayanagar,12.9308,77.5838,2026-09-10 01:00:00,22.1,82
Jayanagar,12.9308,77.5838,2026-09-10 02:00:00,21.7,85
Jayanagar,12.9308,77.5838,2026-09-10 03:00:00,21.1,88
Jayanagar,12.9308,77.5838,2026-09-10 04:00:00,20.7,91
Jayanagar,12.9308,77.5838,2026-09-10 05:00:00,21.0,92
Jayanagar,12.9308,77.5838,2026-09-10 06:00:00,20.6,95
Jayanagar,12.9308,77.5838,2026-09-10 07:00:00,21.9,86
Jayanagar,12.9308,77.5838,2026-09-10 08:00:00,23.8,74
Jayanagar,12.9308,77.5838,2026-09-10 09:00:00,26.4,61
Jayanagar,12.9308,77.5838,2026-09-10 10:00:00,28.0,54
Jayanagar,12.9308,77.5838,2026-09-10 11:00:00,28.8,50
Jayanagar,12.9308,77.5838,2026-09-10 12:00:00,29.3,49
Jayanagar,12.9308,77.5838,2026-09-10 13:00:00,30.0,47
Jayanagar,12.9308,77.5838,2026-09-10 14:00:00,30.2,46
Jayanagar,12.9308,77.5838,2026-09-10 15:00:00,29.6,47
Jayanagar,12.9308,77.5838,2026-09-10 16:00:00,29.0,48
Jayanagar,12.9308,77.5838,2026-09-10 17:00:00,29.0,48
Jayanagar,12.9308,77.5838,2026-09-10 18:00:00,27.2,58
Jayanagar,12.9308,77.5838,2026-09-10 19:00:00,26.9,59
Jayanagar,12.9308,77.5838,2026-09-10 20:00:00,26.3,61
Jayanagar,12.9308,77.5838,2026-09-10 21:00:00,25.9,63
Jayanagar,12.9308,77.5838,2026-09-10 22:00:00,23.8,75
Jayanagar,12.9308,77.5838,2026-09-10 23:00:00,22.9,83
Jayanagar,12.9308,77.5838,2026-09-11 00:00:00,22.4,86
Jayanagar,12.9308,77.5838,2026-09-11 01:00:00,21.5,93
Jayanagar,12.9308,77.5838,2026-09-11 02:00:00,21.1,95
Jayanagar,12.9308,77.5838,2026-09-11 03:00:00,21.1,96
Jayanagar,12.9308,77.5838,2026-09-11 04:00:00,21.0,97
Jayanagar,12.9308,77.5838,2026-09-11 05:00:00,21.9,90
Jayanagar,12.9308,77.5838,2026-09-11 06:00:00,21.5,91
Jayanagar,12.9308,77.5838,2026-09-11 07:00:00,22.7,82
Jayanagar,12.9308,77.5838,2026-09-11 08:00:00,23.6,77
Jayanagar,12.9308,77.5838,2026-09-11 09:00:00,25.7,68
Jayanagar,12.9308,77.5838,2026-09-11 10:00:00,27.2,60
Jayanagar,12.9308,77.5838,2026-09-11 11:00:00,28.4,53
Jayanagar,12.9308,77.5838,2026-09-11 12:00:00,29.1,49
Jayanagar,12.9308,77.5838,2026-09-11 13:00:00,29.9,46
Jayanagar,12.9308,77.5838,2026-09-11 14:00:00,30.2,45
Jayanagar,12.9308,77.5838,2026-09-11 15:00:00,30.1,44
Jayanagar,12.9308,77.5838,2026-09-11 16:00:00,29.8,45
Jayanagar,12.9308,77.5838,2026-09-11 17:00:00,29.5,44
Jayanagar,12.9308,77.5838,2026-09-11 18:00:00,27.5,54
Jayanagar,12.9308,77.5838,2026-09-11 19:00:00,26.3,62
Jayanagar,12.9308,77.5838,2026-09-11 20:00:00,26.0,65
Jayanagar,12.9308,77.5838,2026-09-11 21:00:00,25.4,66
Jayanagar,12.9308,77.5838,2026-09-11 22:00:00,24.5,69
Jayanagar,12.9308,77.5838,2026-09-11 23:00:00,24.4,71
Jayanagar,12.9308,77.5838,2026-09-12 00:00:00,23.2,71
Jayanagar,12.9308,77.5838,2026-09-12 01:00:00,22.4,76
Jayanagar,12.9308,77.5838,2026-09-12 02:00:00,21.9,77
Jayanagar,12.9308,77.5838,2026-09-12 03:00:00,21.4,80
Jayanagar,12.9308,77.5838,2026-09-12 04:00:00,21.0,84
Jayanagar,12.9308,77.5838,2026-09-12 05:00:00,21.4,87
Jayanagar,12.9308,77.5838,2026-09-12 06:00:00,21.2,91
Jayanagar,12.9308,77.5838,2026-09-12 07:00:00,22.5,86
Jayanagar,12.9308,77.5838,2026-09-12 08:00:00,24.2,76
Jayanagar,12.9308,77.5838,2026-09-12 09:00:00,25.8,67
Jayanagar,12.9308,77.5838,2026-09-12 10:00:00,27.5,58
Jayanagar,12.9308,77.5838,2026-09-12 11:00:00,28.6,53
Jayanagar,12.9308,77.5838,2026-09-12 12:00:00,29.3,50
Jayanagar,12.9308,77.5838,2026-09-12 13:00:00,29.6,49
Jayanagar,12.9308,77.5838,2026-09-12 14:00:00,29.8,48
Jayanagar,12.9308,77.5838,2026-09-12 15:00:00,29.9,45
Jayanagar,12.9308,77.5838,2026-09-12 16:00:00,29.4,47
Jayanagar,12.9308,77.5838,2026-09-12 17:00:00,29.3,43
Jayanagar,12.9308,77.5838,2026-09-12 18:00:00,28.0,54
Jayanagar,12.9308,77.5838,2026-09-12 19:00:00,27.5,56
Jayanagar,12.9308,77.5838,2026-09-12 20:00:00,26.8,55
Jayanagar,12.9308,77.5838,2026-09-12 21:00:00,25.7,58
Jayanagar,12.9308,77.5838,2026-09-12 22:00:00,24.7,58
Jayanagar,12.9308,77.5838,2026-09-12 23:00:00,23.8,62
Jayanagar,12.9308,77.5838,2026-09-13 00:00:00,22.7,68
Jayanagar,12.9308,77.5838,2026-09-13 01:00:00,21.8,75
Jayanagar,12.9308,77.5838,2026-09-13 02:00:00,21.2,80
Jayanagar,12.9308,77.5838,2026-09-13 03:00:00,20.8,84
Jayanagar,12.9308,77.5838,2026-09-13 04:00:00,20.6,87
Jayanagar,12.9308,77.5838,2026-09-13 05:00:00,20.7,86
Jayanagar,12.9308,77.5838,2026-09-13 06:00:00,20.4,88
Jayanagar,12.9308,77.5838,2026-09-13 07:00:00,21.5,82
Jayanagar,12.9308,77.5838,2026-09-13 08:00:00,23.0,75
Jayanagar,12.9308,77.5838,2026-09-13 09:00:00,25.0,65
Jayanagar,12.9308,77.5838,2026-09-13 10:00:00,26.7,56
Jayanagar,12.9308,77.5838,2026-09-13 11:00:00,28.1,48
Jayanagar,12.9308,77.5838,2026-09-13 12:00:00,28.9,43
Jayanagar,12.9308,77.5838,2026-09-13 13:00:00,29.5,40
Jayanagar,12.9308,77.5838,2026-09-13 14:00:00,29.9,39
Jayanagar,12.9308,77.5838,2026-09-13 15:00:00,29.5,39
Jayanagar,12.9308,77.5838,2026-09-13 16:00:00,28.9,39
Jayanagar,12.9308,77.5838,2026-09-13 17:00:00,28.3,43
Jayanagar,12.9308,77.5838,2026-09-13 18:00:00,26.5,52
Jayanagar,12.9308,77.5838,2026-09-13 19:00:00,25.6,57
Jayanagar,12.9308,77.5838,2026-09-13 20:00:00,24.8,60
Jayanagar,12.9308,77.5838,2026-09-13 21:00:00,24.5,62
Jayanagar,12.9308,77.5838,2026-09-13 22:00:00,24.5,59
Jayanagar,12.9308,77.5838,2026-09-13 23:00:00,24.8,61
Jayanagar,12.9308,77.5838,2026-09-14 00:00:00,23.9,72
Jayanagar,12.9308,77.5838,2026-09-14 01:00:00,23.3,71
Jayanagar,12.9308,77.5838,2026-09-14 02:00:00,22.1,72
Jayanagar,12.9308,77.5838,2026-09-14 03:00:00,21.6,74
Jayanagar,12.9308,77.5838,2026-09-14 04:00:00,21.5,75
Jayanagar,12.9308,77.5838,2026-09-14 05:00:00,21.9,81
Jayanagar,12.9308,77.5838,2026-09-14 06:00:00,21.3,86
Jayanagar,12.9308,77.5838,2026-09-14 07:00:00,22.9,79
Jayanagar,12.9308,77.5838,2026-09-14 08:00:00,25.0,67
Jayanagar,12.9308,77.5838,2026-09-14 09:00:00,26.8,57
Jayanagar,12.9308,77.5838,2026-09-14 10:00:00,28.4,51
Jayanagar,12.9308,77.5838,2026-09-14 11:00:00,29.0,47
Jayanagar,12.9308,77.5838,2026-09-14 12:00:00,29.7,46
Jayanagar,12.9308,77.5838,2026-09-14 13:00:00,30.0,45
Jayanagar,12.9308,77.5838,2026-09-14 14:00:00,29.7,47
Jayanagar,12.9308,77.5838,2026-09-14 15:00:00,29.0,48
Jayanagar,12.9308,77.5838,2026-09-14 16:00:00,28.4,50
Jayanagar,12.9308,77.5838,2026-09-14 17:00:00,25.8,65
Jayanagar,12.9308,77.5838,2026-09-14 18:00:00,21.5,92
Jayanagar,12.9308,77.5838,2026-09-14 19:00:00,22.0,95
Jayanagar,12.9308,77.5838,2026-09-14 20:00:00,21.7,91
Jayanagar,12.9308,77.5838,2026-09-14 21:00:00,22.1,90
Jayanagar,12.9308,77.5838,2026-09-14 22:00:00,21.9,91
Jayanagar,12.9308,77.5838,2026-09-14 23:00:00,21.4,96
Jayanagar,12.9308,77.5838,2026-09-15 00:00:00,20.8,96
Jayanagar,12.9308,77.5838,2026-09-15 01:00:00,20.5,96
Jayanagar,12.9308,77.5838,2026-09-15 02:00:00,20.6,95
Jayanagar,12.9308,77.5838,2026-09-15 03:00:00,20.4,96
Jayanagar,12.9308,77.5838,2026-09-15 04:00:00,20.3,98
Jayanagar,12.9308,77.5838,2026-09-15 05:00:00,20.6,96
Jayanagar,12.9308,77.5838,2026-09-15 06:00:00,20.6,97
Jayanagar,12.9308,77.5838,2026-09-15 07:00:00,22.2,88
Jayanagar,12.9308,77.5838,2026-09-15 08:00:00,24.2,75
Jayanagar,12.9308,77.5838,2026-09-15 09:00:00,26.3,63
Jayanagar,12.9308,77.5838,2026-09-15 10:00:00,28.4,52
Jayanagar,12.9308,77.5838,2026-09-15 11:00:00,29.3,47
Jayanagar,12.9308,77.5838,2026-09-15 12:00:00,30.9,43
Jayanagar,12.9308,77.5838,2026-09-15 13:00:00,31.4,41
Jayanagar,12.9308,77.5838,2026-09-15 14:00:00,30.4,45
Jayanagar,12.9308,77.5838,2026-09-15 15:00:00,29.9,46
Jayanagar,12.9308,77.5838,2026-09-15 16:00:00,29.2,48
Jayanagar,12.9308,77.5838,2026-09-15 17:00:00,24.4,80
Jayanagar,12.9308,77.5838,2026-09-15 18:00:00,24.1,80
Jayanagar,12.9308,77.5838,2026-09-15 19:00:00,23.2,83
Jayanagar,12.9308,77.5838,2026-09-15 20:00:00,22.4,85
Jayanagar,12.9308,77.5838,2026-09-15 21:00:00,21.3,96
Jayanagar,12.9308,77.5838,2026-09-15 22:00:00,21.1,97
Jayanagar,12.9308,77.5838,2026-09-15 23:00:00,21.3,96
Jayanagar,12.9308,77.5838,2026-09-16 00:00:00,20.8,98
Jayanagar,12.9308,77.5838,2026-09-16 01:00:00,20.6,98
Jayanagar,12.9308,77.5838,2026-09-16 02:00:00,20.5,99
Jayanagar,12.9308,77.5838,2026-09-16 03:00:00,20.4,97
Jayanagar,12.9308,77.5838,2026-09-16 04:00:00,20.4,95
Jayanagar,12.9308,77.5838,2026-09-16 05:00:00,20.7,93
Jayanagar,12.9308,77.5838,2026-09-16 06:00:00,20.4,94
Jayanagar,12.9308,77.5838,2026-09-16 07:00:00,21.6,83
Jayanagar,12.9308,77.5838,2026-09-16 08:00:00,23.5,72
Jayanagar,12.9308,77.5838,2026-09-16 09:00:00,25.8,60
Jayanagar,12.9308,77.5838,2026-09-16 10:00:00,27.7,51
Jayanagar,12.9308,77.5838,2026-09-16 11:00:00,28.1,52
Jayanagar,12.9308,77.5838,2026-09-16 12:00:00,29.8,47
Jayanagar,12.9308,77.5838,2026-09-16 13:00:00,30.8,44
Jayanagar,12.9308,77.5838,2026-09-16 14:00:00,30.8,44
Jayanagar,12.9308,77.5838,2026-09-16 15:00:00,30.4,43
Jayanagar,12.9308,77.5838,2026-09-16 16:00:00,30.0,45
Jayanagar,12.9308,77.5838,2026-09-16 17:00:00,29.5,45
Jayanagar,12.9308,77.5838,2026-09-16 18:00:00,28.8,46
Jayanagar,12.9308,77.5838,2026-09-16 19:00:00,27.6,54
Jayanagar,12.9308,77.5838,2026-09-16 20:00:00,26.3,62
Jayanagar,12.9308,77.5838,2026-09-16 21:00:00,25.5,69
Jayanagar,12.9308,77.5838,2026-09-16 22:00:00,25.4,69
Jayanagar,12.9308,77.5838,2026-09-16 23:00:00,24.8,74
Jayanagar,12.9308,77.5838,2026-09-17 00:00:00,23.7,81
Jayanagar,12.9308,77.5838,2026-09-17 01:00:00,22.8,86
Jayanagar,12.9308,77.5838,2026-09-17 02:00:00,21.9,88
Jayanagar,12.9308,77.5838,2026-09-17 03:00:00,21.1,91
Jayanagar,12.9308,77.5838,2026-09-17 04:00:00,20.9,90
Jayanagar,12.9308,77.5838,2026-09-17 05:00:00,20.7,95
Jayanagar,12.9308,77.5838,2026-09-17 06:00:00,20.7,95
Jayanagar,12.9308,77.5838,2026-09-17 07:00:00,22.0,89
Jayanagar,12.9308,77.5838,2026-09-17 08:00:00,24.3,74
Jayanagar,12.9308,77.5838,2026-09-17 09:00:00,26.4,63
Jayanagar,12.9308,77.5838,2026-09-17 10:00:00,28.2,55
Jayanagar,12.9308,77.5838,2026-09-17 11:00:00,29.5,52
Jayanagar,12.9308,77.5838,2026-09-17 12:00:00,30.1,49
Jayanagar,12.9308,77.5838,2026-09-17 13:00:00,30.5,46
Jayanagar,12.9308,77.5838,2026-09-17 14:00:00,30.5,48
Jayanagar,12.9308,77.5838,2026-09-17 15:00:00,30.5,48
Jayanagar,12.9308,77.5838,2026-09-17 16:00:00,24.4,78
Jayanagar,12.9308,77.5838,2026-09-17 17:00:00,27.5,59
Jayanagar,12.9308,77.5838,2026-09-17 18:00:00,26.8,62
Jayanagar,12.9308,77.5838,2026-09-17 19:00:00,26.5,62
Jayanagar,12.9308,77.5838,2026-09-17 20:00:00,23.5,73
Jayanagar,12.9308,77.5838,2026-09-17 21:00:00,22.8,79
Jayanagar,12.9308,77.5838,2026-09-17 22:00:00,22.8,84
Jayanagar,12.9308,77.5838,2026-09-17 23:00:00,23.3,87
Jayanagar,12.9308,77.5838,2026-09-18 00:00:00,22.7,88
Jayanagar,12.9308,77.5838,2026-09-18 01:00:00,22.4,88
Jayanagar,12.9308,77.5838,2026-09-18 02:00:00,22.0,89
Jayanagar,12.9308,77.5838,2026-09-18 03:00:00,21.6,92
Jayanagar,12.9308,77.5838,2026-09-18 04:00:00,21.3,95
Jayanagar,12.9308,77.5838,2026-09-18 05:00:00,21.5,91
Jayanagar,12.9308,77.5838,2026-09-18 06:00:00,21.4,91
Jayanagar,12.9308,77.5838,2026-09-18 07:00:00,22.6,83
Jayanagar,12.9308,77.5838,2026-09-18 08:00:00,24.3,72
Jayanagar,12.9308,77.5838,2026-09-18 09:00:00,26.5,61
Jayanagar,12.9308,77.5838,2026-09-18 10:00:00,28.5,53
Jayanagar,12.9308,77.5838,2026-09-18 11:00:00,29.3,49
Jayanagar,12.9308,77.5838,2026-09-18 12:00:00,30.0,46
Jayanagar,12.9308,77.5838,2026-09-18 13:00:00,31.1,44
Jayanagar,12.9308,77.5838,2026-09-18 14:00:00,31.3,43
Jayanagar,12.9308,77.5838,2026-09-18 15:00:00,30.7,45
Jayanagar,12.9308,77.5838,2026-09-18 16:00:00,30.4,45
Jayanagar,12.9308,77.5838,2026-09-18 17:00:00,29.8,44
Jayanagar,12.9308,77.5838,2026-09-18 18:00:00,27.2,58
Jayanagar,12.9308,77.5838,2026-09-18 19:00:00,27.0,62
Jayanagar,12.9308,77.5838,2026-09-18 20:00:00,25.7,68
Jayanagar,12.9308,77.5838,2026-09-18 21:00:00,23.7,75
Jayanagar,12.9308,77.5838,2026-09-18 22:00:00,23.8,77
Jayanagar,12.9308,77.5838,2026-09-18 23:00:00,24.0,80
Jayanagar,12.9308,77.5838,2026-09-19 00:00:00,23.4,84
Jayanagar,12.9308,77.5838,2026-09-19 01:00:00,23.1,87
Jayanagar,12.9308,77.5838,2026-09-19 02:00:00,22.6,90
Jayanagar,12.9308,77.5838,2026-09-19 03:00:00,22.2,92
Jayanagar,12.9308,77.5838,2026-09-19 04:00:00,21.8,93
Jayanagar,12.9308,77.5838,2026-09-19 05:00:00,21.7,88
Jayanagar,12.9308,77.5838,2026-09-19 06:00:00,21.5,87
Jayanagar,12.9308,77.5838,2026-09-19 07:00:00,22.6,80
Jayanagar,12.9308,77.5838,2026-09-19 08:00:00,24.3,72
Jayanagar,12.9308,77.5838,2026-09-19 09:00:00,26.3,63
Jayanagar,12.9308,77.5838,2026-09-19 10:00:00,28.2,55
Jayanagar,12.9308,77.5838,2026-09-19 11:00:00,29.2,51
Jayanagar,12.9308,77.5838,2026-09-19 12:00:00,29.6,51
Jayanagar,12.9308,77.5838,2026-09-19 13:00:00,30.5,48
Jayanagar,12.9308,77.5838,2026-09-19 14:00:00,30.8,46
Jayanagar,12.9308,77.5838,2026-09-19 15:00:00,31.0,45
Jayanagar,12.9308,77.5838,2026-09-19 16:00:00,29.7,48
Jayanagar,12.9308,77.5838,2026-09-19 17:00:00,29.1,49
Jayanagar,12.9308,77.5838,2026-09-19 18:00:00,28.2,51
Jayanagar,12.9308,77.5838,2026-09-19 19:00:00,27.7,52
Jayanagar,12.9308,77.5838,2026-09-19 20:00:00,24.2,71
Jayanagar,12.9308,77.5838,2026-09-19 21:00:00,23.1,83
Jayanagar,12.9308,77.5838,2026-09-19 22:00:00,22.7,87
Jayanagar,12.9308,77.5838,2026-09-19 23:00:00,20.9,97
Jayanagar,12.9308,77.5838,2026-09-20 00:00:00,21.0,95
Jayanagar,12.9308,77.5838,2026-09-20 01:00:00,20.9,95
Jayanagar,12.9308,77.5838,2026-09-20 02:00:00,20.8,96
Jayanagar,12.9308,77.5838,2026-09-20 03:00:00,20.5,97
Jayanagar,12.9308,77.5838,2026-09-20 04:00:00,20.8,97
Jayanagar,12.9308,77.5838,2026-09-20 05:00:00,21.2,95
Jayanagar,12.9308,77.5838,2026-09-20 06:00:00,21.2,97
Jayanagar,12.9308,77.5838,2026-09-20 07:00:00,21.2,97
Jayanagar,12.9308,77.5838,2026-09-20 08:00:00,21.5,95
Jayanagar,12.9308,77.5838,2026-09-20 09:00:00,22.0,91
Jayanagar,12.9308,77.5838,2026-09-20 10:00:00,23.4,81
Jayanagar,12.9308,77.5838,2026-09-20 11:00:00,23.4,79
Jayanagar,12.9308,77.5838,2026-09-20 12:00:00,24.6,75
Jayanagar,12.9308,77.5838,2026-09-20 13:00:00,26.5,64
Jayanagar,12.9308,77.5838,2026-09-20 14:00:00,27.1,62
Jayanagar,12.9308,77.5838,2026-09-20 15:00:00,27.3,61
Jayanagar,12.9308,77.5838,2026-09-20 16:00:00,27.3,60
Jayanagar,12.9308,77.5838,2026-09-20 17:00:00,27.0,60
Jayanagar,12.9308,77.5838,2026-09-20 18:00:00,25.6,71
Jayanagar,12.9308,77.5838,2026-09-20 19:00:00,25.1,74
Jayanagar,12.9308,77.5838,2026-09-20 20:00:00,25.0,75
Jayanagar,12.9308,77.5838,2026-09-20 21:00:00,23.4,78
Jayanagar,12.9308,77.5838,2026-09-20 22:00:00,22.1,84
Jayanagar,12.9308,77.5838,2026-09-20 23:00:00,20.9,98
Jayanagar,12.9308,77.5838,2026-09-21 00:00:00,20.5,97
Jayanagar,12.9308,77.5838,2026-09-21 01:00:00,20.6,96
Jayanagar,12.9308,77.5838,2026-09-21 02:00:00,20.8,98
Jayanagar,12.9308,77.5838,2026-09-21 03:00:00,20.8,98
Jayanagar,12.9308,77.5838,2026-09-21 04:00:00,20.8,98
Jayanagar,12.9308,77.5838,2026-09-21 05:00:00,20.8,97
Jayanagar,12.9308,77.5838,2026-09-21 06:00:00,20.6,98
Jayanagar,12.9308,77.5838,2026-09-21 07:00:00,21.5,92
Jayanagar,12.9308,77.5838,2026-09-21 08:00:00,23.2,81
Jayanagar,12.9308,77.5838,2026-09-21 09:00:00,24.8,73
Jayanagar,12.9308,77.5838,2026-09-21 10:00:00,26.4,68
Jayanagar,12.9308,77.5838,2026-09-21 11:00:00,28.1,61
Jayanagar,12.9308,77.5838,2026-09-21 12:00:00,28.8,59
Jayanagar,12.9308,77.5838,2026-09-21 13:00:00,28.3,59
Jayanagar,12.9308,77.5838,2026-09-21 14:00:00,28.9,56
Jayanagar,12.9308,77.5838,2026-09-21 15:00:00,28.6,55
Jayanagar,12.9308,77.5838,2026-09-21 16:00:00,24.4,78
Jayanagar,12.9308,77.5838,2026-09-21 17:00:00,23.8,78
Jayanagar,12.9308,77.5838,2026-09-21 18:00:00,23.2,83
Jayanagar,12.9308,77.5838,2026-09-21 19:00:00,22.9,85
Jayanagar,12.9308,77.5838,2026-09-21 20:00:00,22.8,87
Jayanagar,12.9308,77.5838,2026-09-21 21:00:00,22.7,88
Jayanagar,12.9308,77.5838,2026-09-21 22:00:00,22.6,90
Jayanagar,12.9308,77.5838,2026-09-21 23:00:00,21.8,95
Jayanagar,12.9308,77.5838,2026-09-22 00:00:00,21.5,97
Jayanagar,12.9308,77.5838,2026-09-22 01:00:00,21.2,98
Jayanagar,12.9308,77.5838,2026-09-22 02:00:00,20.9,99
Jayanagar,12.9308,77.5838,2026-09-22 03:00:00,20.7,99
Jayanagar,12.9308,77.5838,2026-09-22 04:00:00,20.7,99
Jayanagar,12.9308,77.5838,2026-09-22 05:00:00,21.2,98
Jayanagar,12.9308,77.5838,2026-09-22 06:00:00,21.1,98
Jayanagar,12.9308,77.5838,2026-09-22 07:00:00,21.4,97
Jayanagar,12.9308,77.5838,2026-09-22 08:00:00,21.8,92
Jayanagar,12.9308,77.5838,2026-09-22 09:00:00,23.0,84
Jayanagar,12.9308,77.5838,2026-09-22 10:00:00,25.2,71
Jayanagar,12.9308,77.5838,2026-09-22 11:00:00,26.3,63
Jayanagar,12.9308,77.5838,2026-09-22 12:00:00,26.7,60
Jayanagar,12.9308,77.5838,2026-09-22 13:00:00,27.9,54
Jayanagar,12.9308,77.5838,2026-09-22 14:00:00,28.3,51
Jayanagar,12.9308,77.5838,2026-09-22 15:00:00,28.1,51
Jayanagar,12.9308,77.5838,2026-09-22 16:00:00,27.1,55
Jayanagar,12.9308,77.5838,2026-09-22 17:00:00,26.8,60
Jayanagar,12.9308,77.5838,2026-09-22 18:00:00,25.4,66
Jayanagar,12.9308,77.5838,2026-09-22 19:00:00,24.5,70
Jayanagar,12.9308,77.5838,2026-09-22 20:00:00,24.3,68
Jayanagar,12.9308,77.5838,2026-09-22 21:00:00,23.7,73
Jayanagar,12.9308,77.5838,2026-09-22 22:00:00,22.8,77
Jayanagar,12.9308,77.5838,2026-09-22 23:00:00,22.2,83
Jayanagar,12.9308,77.5838,2026-09-23 00:00:00,21.5,85
Jayanagar,12.9308,77.5838,2026-09-23 01:00:00,20.9,86
Jayanagar,12.9308,77.5838,2026-09-23 02:00:00,20.5,85
Jayanagar,12.9308,77.5838,2026-09-23 03:00:00,20.2,85
Jayanagar,12.9308,77.5838,2026-09-23 04:00:00,20.0,85
Jayanagar,12.9308,77.5838,2026-09-23 05:00:00,20.4,87
Jayanagar,12.9308,77.5838,2026-09-23 06:00:00,20.4,87
Jayanagar,12.9308,77.5838,2026-09-23 07:00:00,21.3,83
Jayanagar,12.9308,77.5838,2026-09-23 08:00:00,21.9,81
Jayanagar,12.9308,77.5838,2026-09-23 09:00:00,24.2,66
Jayanagar,12.9308,77.5838,2026-09-23 10:00:00,25.8,58
Jayanagar,12.9308,77.5838,2026-09-23 11:00:00,25.3,63
Jayanagar,12.9308,77.5838,2026-09-23 12:00:00,25.8,63
Jayanagar,12.9308,77.5838,2026-09-23 13:00:00,27.1,59
Jayanagar,12.9308,77.5838,2026-09-23 14:00:00,27.3,58
Jayanagar,12.9308,77.5838,2026-09-23 15:00:00,26.6,64
Jayanagar,12.9308,77.5838,2026-09-23 16:00:00,26.6,59
Jayanagar,12.9308,77.5838,2026-09-23 17:00:00,25.9,58
Jayanagar,12.9308,77.5838,2026-09-23 18:00:00,24.6,63
Jayanagar,12.9308,77.5838,2026-09-23 19:00:00,23.8,64
Jayanagar,12.9308,77.5838,2026-09-23 20:00:00,23.5,60
Jayanagar,12.9308,77.5838,2026-09-23 21:00:00,22.7,61
Jayanagar,12.9308,77.5838,2026-09-23 22:00:00,22.1,66
Jayanagar,12.9308,77.5838,2026-09-23 23:00:00,21.4,74
Jayanagar,12.9308,77.5838,2026-09-24 00:00:00,21.4,76
Jayanagar,12.9308,77.5838,2026-09-24 01:00:00,20.7,80
Jayanagar,12.9308,77.5838,2026-09-24 02:00:00,20.4,84
Jayanagar,12.9308,77.5838,2026-09-24 03:00:00,20.3,85
Jayanagar,12.9308,77.5838,2026-09-24 04:00:00,20.0,86
Jayanagar,12.9308,77.5838,2026-09-24 05:00:00,19.8,86
Jayanagar,12.9308,77.5838,2026-09-24 06:00:00,19.7,89
Jayanagar,12.9308,77.5838,2026-09-24 07:00:00,20.4,86
Jayanagar,12.9308,77.5838,2026-09-24 08:00:00,22.1,79
Jayanagar,12.9308,77.5838,2026-09-24 09:00:00,23.9,72
Jayanagar,12.9308,77.5838,2026-09-24 10:00:00,25.3,65
Jayanagar,12.9308,77.5838,2026-09-24 11:00:00,26.1,58
Jayanagar,12.9308,77.5838,2026-09-24 12:00:00,25.8,58
Jayanagar,12.9308,77.5838,2026-09-24 13:00:00,23.2,79
Jayanagar,12.9308,77.5838,2026-09-24 14:00:00,21.8,91
Jayanagar,12.9308,77.5838,2026-09-24 15:00:00,23.8,81
Jayanagar,12.9308,77.5838,2026-09-24 16:00:00,24.0,79
Jayanagar,12.9308,77.5838,2026-09-24 17:00:00,23.6,82
Jayanagar,12.9308,77.5838,2026-09-24 18:00:00,22.2,85
Jayanagar,12.9308,77.5838,2026-09-24 19:00:00,21.9,84
Jayanagar,12.9308,77.5838,2026-09-24 20:00:00,21.8,84
Jayanagar,12.9308,77.5838,2026-09-24 21:00:00,21.7,83
Jayanagar,12.9308,77.5838,2026-09-24 22:00:00,21.3,86
Jayanagar,12.9308,77.5838,2026-09-24 23:00:00,21.2,89
Jayanagar,12.9308,77.5838,2026-09-25 00:00:00,21.2,89
Jayanagar,12.9308,77.5838,2026-09-25 01:00:00,21.1,89
Jayanagar,12.9308,77.5838,2026-09-25 02:00:00,21.2,89
Jayanagar,12.9308,77.5838,2026-09-25 03:00:00,20.9,90
Jayanagar,12.9308,77.5838,2026-09-25 04:00:00,20.7,92
Jayanagar,12.9308,77.5838,2026-09-25 05:00:00,20.5,93
Jayanagar,12.9308,77.5838,2026-09-25 06:00:00,20.4,94
Jayanagar,12.9308,77.5838,2026-09-25 07:00:00,21.3,90
Jayanagar,12.9308,77.5838,2026-09-25 08:00:00,23.2,80
Jayanagar,12.9308,77.5838,2026-09-25 09:00:00,24.0,75
Jayanagar,12.9308,77.5838,2026-09-25 10:00:00,25.4,69
Jayanagar,12.9308,77.5838,2026-09-25 11:00:00,26.8,65
Jayanagar,12.9308,77.5838,2026-09-25 12:00:00,27.8,61
Jayanagar,12.9308,77.5838,2026-09-25 13:00:00,28.3,59
Jayanagar,12.9308,77.5838,2026-09-25 14:00:00,27.8,59
Jayanagar,12.9308,77.5838,2026-09-25 15:00:00,24.1,77
Jayanagar,12.9308,77.5838,2026-09-25 16:00:00,24.2,78
Jayanagar,12.9308,77.5838,2026-09-25 17:00:00,23.5,85
Jayanagar,12.9308,77.5838,2026-09-25 18:00:00,21.3,94
Jayanagar,12.9308,77.5838,2026-09-25 19:00:00,21.3,93
Jayanagar,12.9308,77.5838,2026-09-25 20:00:00,21.6,92
Jayanagar,12.9308,77.5838,2026-09-25 21:00:00,21.4,93
Jayanagar,12.9308,77.5838,2026-09-25 22:00:00,21.1,94
Jayanagar,12.9308,77.5838,2026-09-25 23:00:00,20.6,94
Jayanagar,12.9308,77.5838,2026-09-26 00:00:00,20.2,95
Jayanagar,12.9308,77.5838,2026-09-26 01:00:00,20.1,95
Jayanagar,12.9308,77.5838,2026-09-26 02:00:00,20.0,95
Jayanagar,12.9308,77.5838,2026-09-26 03:00:00,19.9,95
Jayanagar,12.9308,77.5838,2026-09-26 04:00:00,20.0,95
Jayanagar,12.9308,77.5838,2026-09-26 05:00:00,20.1,95
Jayanagar,12.9308,77.5838,2026-09-26 06:00:00,20.3,93
Jayanagar,12.9308,77.5838,2026-09-26 07:00:00,20.8,91
Jayanagar,12.9308,77.5838,2026-09-26 08:00:00,22.1,83
Jayanagar,12.9308,77.5838,2026-09-26 09:00:00,23.8,74
Jayanagar,12.9308,77.5838,2026-09-26 10:00:00,25.2,67
Jayanagar,12.9308,77.5838,2026-09-26 11:00:00,27.0,60
Jayanagar,12.9308,77.5838,2026-09-26 12:00:00,28.2,48
Jayanagar,12.9308,77.5838,2026-09-26 13:00:00,28.8,45
Jayanagar,12.9308,77.5838,2026-09-26 14:00:00,29.0,43
Jayanagar,12.9308,77.5838,2026-09-26 15:00:00,28.8,44
Jayanagar,12.9308,77.5838,2026-09-26 16:00:00,28.5,45
Jayanagar,12.9308,77.5838,2026-09-26 17:00:00,27.3,53
Jayanagar,12.9308,77.5838,2026-09-26 18:00:00,25.1,64
Jayanagar,12.9308,77.5838,2026-09-26 19:00:00,24.3,64
Jayanagar,12.9308,77.5838,2026-09-26 20:00:00,23.7,65
Jayanagar,12.9308,77.5838,2026-09-26 21:00:00,22.4,74
Jayanagar,12.9308,77.5838,2026-09-26 22:00:00,21.6,79
Jayanagar,12.9308,77.5838,2026-09-26 23:00:00,20.8,84
Jayanagar,12.9308,77.5838,2026-09-27 00:00:00,20.3,87
Jayanagar,12.9308,77.5838,2026-09-27 01:00:00,19.8,89
Jayanagar,12.9308,77.5838,2026-09-27 02:00:00,19.5,92
Jayanagar,12.9308,77.5838,2026-09-27 03:00:00,19.2,94
Jayanagar,12.9308,77.5838,2026-09-27 04:00:00,19.0,95
Jayanagar,12.9308,77.5838,2026-09-27 05:00:00,18.8,96
Jayanagar,12.9308,77.5838,2026-09-27 06:00:00,18.6,97
Jayanagar,12.9308,77.5838,2026-09-27 07:00:00,20.4,89
Jayanagar,12.9308,77.5838,2026-09-27 08:00:00,22.3,81
Jayanagar,12.9308,77.5838,2026-09-27 09:00:00,24.4,69
Jayanagar,12.9308,77.5838,2026-09-27 10:00:00,26.2,60
Jayanagar,12.9308,77.5838,2026-09-27 11:00:00,27.6,53
Jayanagar,12.9308,77.5838,2026-09-27 12:00:00,28.4,49
Jayanagar,12.9308,77.5838,2026-09-27 13:00:00,29.0,46
Jayanagar,12.9308,77.5838,2026-09-27 14:00:00,29.3,45
Jayanagar,12.9308,77.5838,2026-09-27 15:00:00,28.9,45
Jayanagar,12.9308,77.5838,2026-09-27 16:00:00,28.6,46
Jayanagar,12.9308,77.5838,2026-09-27 17:00:00,27.7,51
Jayanagar,12.9308,77.5838,2026-09-27 18:00:00,25.8,64
Jayanagar,12.9308,77.5838,2026-09-27 19:00:00,24.8,72
Jayanagar,12.9308,77.5838,2026-09-27 20:00:00,24.5,74
Jayanagar,12.9308,77.5838,2026-09-27 21:00:00,23.9,72
Jayanagar,12.9308,77.5838,2026-09-27 22:00:00,22.7,75
Jayanagar,12.9308,77.5838,2026-09-27 23:00:00,21.6,85
Jayanagar,12.9308,77.5838,2026-09-28 00:00:00,21.0,89
Jayanagar,12.9308,77.5838,2026-09-28 01:00:00,20.6,93
Jayanagar,12.9308,77.5838,2026-09-28 02:00:00,20.2,96
Jayanagar,12.9308,77.5838,2026-09-28 03:00:00,19.7,99
Jayanagar,12.9308,77.5838,2026-09-28 04:00:00,19.3,100
Jayanagar,12.9308,77.5838,2026-09-28 05:00:00,19.4,99
Jayanagar,12.9308,77.5838,2026-09-28 06:00:00,20.3,95
Jayanagar,12.9308,77.5838,2026-09-28 07:00:00,21.7,87
Jayanagar,12.9308,77.5838,2026-09-28 08:00:00,23.3,77
Jayanagar,12.9308,77.5838,2026-09-28 09:00:00,25.4,64
Jayanagar,12.9308,77.5838,2026-09-28 10:00:00,27.8,52
Jayanagar,12.9308,77.5838,2026-09-28 11:00:00,29.6,44
Jayanagar,12.9308,77.5838,2026-09-28 12:00:00,30.5,40
Jayanagar,12.9308,77.5838,2026-09-28 13:00:00,30.9,38
Jayanagar,12.9308,77.5838,2026-09-28 14:00:00,30.9,38
Jayanagar,12.9308,77.5838,2026-09-28 15:00:00,30.4,40
Jayanagar,12.9308,77.5838,2026-09-28 16:00:00,29.4,44
Jayanagar,12.9308,77.5838,2026-09-28 17:00:00,28.3,48
Jayanagar,12.9308,77.5838,2026-09-28 18:00:00,27.4,51
Jayanagar,12.9308,77.5838,2026-09-28 19:00:00,26.5,55
Jayanagar,12.9308,77.5838,2026-09-28 20:00:00,25.5,60
Jayanagar,12.9308,77.5838,2026-09-28 21:00:00,24.5,66
Jayanagar,12.9308,77.5838,2026-09-28 22:00:00,23.4,74
Jayanagar,12.9308,77.5838,2026-09-28 23:00:00,22.5,82
Jayanagar,12.9308,77.5838,2026-09-29 00:00:00,22.0,85
Jayanagar,12.9308,77.5838,2026-09-29 01:00:00,21.6,86
Jayanagar,12.9308,77.5838,2026-09-29 02:00:00,21.3,88
Jayanagar,12.9308,77.5838,2026-09-29 03:00:00,20.7,91
Jayanagar,12.9308,77.5838,2026-09-29 04:00:00,20.2,95
Jayanagar,12.9308,77.5838,2026-09-29 05:00:00,20.2,96
Jayanagar,12.9308,77.5838,2026-09-29 06:00:00,21.0,92
Jayanagar,12.9308,77.5838,2026-09-29 07:00:00,22.3,86
Jayanagar,12.9308,77.5838,2026-09-29 08:00:00,23.8,79
Jayanagar,12.9308,77.5838,2026-09-29 09:00:00,25.7,70
Jayanagar,12.9308,77.5838,2026-09-29 10:00:00,27.8,60
Jayanagar,12.9308,77.5838,2026-09-29 11:00:00,28.9,56
Jayanagar,12.9308,77.5838,2026-09-29 12:00:00,28.0,61
Jayanagar,12.9308,77.5838,2026-09-29 13:00:00,26.1,72
Jayanagar,12.9308,77.5838,2026-09-29 14:00:00,24.7,80
Jayanagar,12.9308,77.5838,2026-09-29 15:00:00,24.5,81
Jayanagar,12.9308,77.5838,2026-09-29 16:00:00,24.8,77
Jayanagar,12.9308,77.5838,2026-09-29 17:00:00,24.7,76
Jayanagar,12.9308,77.5838,2026-09-29 18:00:00,23.8,80
Jayanagar,12.9308,77.5838,2026-09-29 19:00:00,22.6,87
Jayanagar,12.9308,77.5838,2026-09-29 20:00:00,21.6,93
Jayanagar,12.9308,77.5838,2026-09-29 21:00:00,21.1,95
Jayanagar,12.9308,77.5838,2026-09-29 22:00:00,20.8,97
Jayanagar,12.9308,77.5838,2026-09-29 23:00:00,20.6,98
Jayanagar,12.9308,77.5838,2026-09-30 00:00:00,20.4,98
Jayanagar,12.9308,77.5838,2026-09-30 01:00:00,20.2,98
Jayanagar,12.9308,77.5838,2026-09-30 02:00:00,20.1,98
Jayanagar,12.9308,77.5838,2026-09-30 03:00:00,19.2,100
Jayanagar,12.9308,77.5838,2026-09-30 04:00:00,19.2,100
Jayanagar,12.9308,77.5838,2026-09-30 05:00:00,19.6,99
Jayanagar,12.9308,77.5838,2026-09-30 06:00:00,20.5,93
Jayanagar,12.9308,77.5838,2026-09-30 07:00:00,21.8,86
Jayanagar,12.9308,77.5838,2026-09-30 08:00:00,23.5,78
Jayanagar,12.9308,77.5838,2026-09-30 09:00:00,25.1,72
Jayanagar,12.9308,77.5838,2026-09-30 10:00:00,26.4,66
Jayanagar,12.9308,77.5838,2026-09-30 11:00:00,27.2,64
Jayanagar,12.9308,77.5838,2026-09-30 12:00:00,27.5,63
Jayanagar,12.9308,77.5838,2026-09-30 13:00:00,27.4,64
Jayanagar,12.9308,77.5838,2026-09-30 14:00:00,27.0,66
Jayanagar,12.9308,77.5838,2026-09-30 15:00:00,26.4,68
Jayanagar,12.9308,77.5838,2026-09-30 16:00:00,25.8,71
Jayanagar,12.9308,77.5838,2026-09-30 17:00:00,25.2,74
Jayanagar,12.9308,77.5838,2026-09-30 18:00:00,24.5,76
Jayanagar,12.9308,77.5838,2026-09-30 19:00:00,23.7,80
Jayanagar,12.9308,77.5838,2026-09-30 20:00:00,22.8,83
Jayanagar,12.9308,77.5838,2026-09-30 21:00:00,21.9,87
Jayanagar,12.9308,77.5838,2026-09-30 22:00:00,21.1,90
Jayanagar,12.9308,77.5838,2026-09-30 23:00:00,20.5,93
Hebbal,13.035,77.597,2026-09-03 00:00:00,21.6,91
Hebbal,13.035,77.597,2026-09-03 01:00:00,21.4,88
Hebbal,13.035,77.597,2026-09-03 02:00:00,21.0,90
Hebbal,13.035,77.597,2026-09-03 03:00:00,20.5,93
Hebbal,13.035,77.597,2026-09-03 04:00:00,20.3,95
Hebbal,13.035,77.597,2026-09-03 05:00:00,20.5,89
Hebbal,13.035,77.597,2026-09-03 06:00:00,20.2,91
Hebbal,13.035,77.597,2026-09-03 07:00:00,21.3,85
Hebbal,13.035,77.597,2026-09-03 08:00:00,22.9,75
Hebbal,13.035,77.597,2026-09-03 09:00:00,24.9,65
Hebbal,13.035,77.597,2026-09-03 10:00:00,26.3,59
Hebbal,13.035,77.597,2026-09-03 11:00:00,27.7,54
Hebbal,13.035,77.597,2026-09-03 12:00:00,28.7,48
Hebbal,13.035,77.597,2026-09-03 13:00:00,29.2,47
Hebbal,13.035,77.597,2026-09-03 14:00:00,28.8,49
Hebbal,13.035,77.597,2026-09-03 15:00:00,28.3,50
Hebbal,13.035,77.597,2026-09-03 16:00:00,27.7,54
Hebbal,13.035,77.597,2026-09-03 17:00:00,27.6,57
Hebbal,13.035,77.597,2026-09-03 18:00:00,26.1,64
Hebbal,13.035,77.597,2026-09-03 19:00:00,25.8,67
Hebbal,13.035,77.597,2026-09-03 20:00:00,25.0,70
Hebbal,13.035,77.597,2026-09-03 21:00:00,24.0,75
Hebbal,13.035,77.597,2026-09-03 22:00:00,21.9,87
Hebbal,13.035,77.597,2026-09-03 23:00:00,23.3,82
Hebbal,13.035,77.597,2026-09-04 00:00:00,22.0,87
Hebbal,13.035,77.597,2026-09-04 01:00:00,21.5,91
Hebbal,13.035,77.597,2026-09-04 02:00:00,21.3,94
Hebbal,13.035,77.597,2026-09-04 03:00:00,20.9,95
Hebbal,13.035,77.597,2026-09-04 04:00:00,20.7,96
Hebbal,13.035,77.597,2026-09-04 05:00:00,20.9,91
Hebbal,13.035,77.597,2026-09-04 06:00:00,20.6,93
Hebbal,13.035,77.597,2026-09-04 07:00:00,22.0,84
Hebbal,13.035,77.597,2026-09-04 08:00:00,23.9,73
Hebbal,13.035,77.597,2026-09-04 09:00:00,25.7,63
Hebbal,13.035,77.597,2026-09-04 10:00:00,27.4,58
Hebbal,13.035,77.597,2026-09-04 11:00:00,28.2,53
Hebbal,13.035,77.597,2026-09-04 12:00:00,29.3,49
Hebbal,13.035,77.597,2026-09-04 13:00:00,29.7,47
Hebbal,13.035,77.597,2026-09-04 14:00:00,30.0,45
Hebbal,13.035,77.597,2026-09-04 15:00:00,29.6,49
Hebbal,13.035,77.597,2026-09-04 16:00:00,29.3,50
Hebbal,13.035,77.597,2026-09-04 17:00:00,29.1,48
Hebbal,13.035,77.597,2026-09-04 18:00:00,27.1,59
Hebbal,13.035,77.597,2026-09-04 19:00:00,26.2,65
Hebbal,13.035,77.597,2026-09-04 20:00:00,25.4,69
Hebbal,13.035,77.597,2026-09-04 21:00:00,24.5,72
Hebbal,13.035,77.597,2026-09-04 22:00:00,24.1,73
Hebbal,13.035,77.597,2026-09-04 23:00:00,22.3,91
Hebbal,13.035,77.597,2026-09-05 00:00:00,22.6,86
Hebbal,13.035,77.597,2026-09-05 01:00:00,22.3,88
Hebbal,13.035,77.597,2026-09-05 02:00:00,22.0,91
Hebbal,13.035,77.597,2026-09-05 03:00:00,21.5,93
Hebbal,13.035,77.597,2026-09-05 04:00:00,21.0,94
Hebbal,13.035,77.597,2026-09-05 05:00:00,21.3,90
Hebbal,13.035,77.597,2026-09-05 06:00:00,20.9,91
Hebbal,13.035,77.597,2026-09-05 07:00:00,22.0,83
Hebbal,13.035,77.597,2026-09-05 08:00:00,23.9,72
Hebbal,13.035,77.597,2026-09-05 09:00:00,26.0,61
Hebbal,13.035,77.597,2026-09-05 10:00:00,28.0,51
Hebbal,13.035,77.597,2026-09-05 11:00:00,29.4,45
Hebbal,13.035,77.597,2026-09-05 12:00:00,30.2,41
Hebbal,13.035,77.597,2026-09-05 13:00:00,30.6,40
Hebbal,13.035,77.597,2026-09-05 14:00:00,30.8,40
Hebbal,13.035,77.597,2026-09-05 15:00:00,30.6,41
Hebbal,13.035,77.597,2026-09-05 16:00:00,29.9,43
Hebbal,13.035,77.597,2026-09-05 17:00:00,30.3,40
Hebbal,13.035,77.597,2026-09-05 18:00:00,28.9,45
Hebbal,13.035,77.597,2026-09-05 19:00:00,27.7,51
Hebbal,13.035,77.597,2026-09-05 20:00:00,26.9,55
Hebbal,13.035,77.597,2026-09-05 21:00:00,26.3,58
Hebbal,13.035,77.597,2026-09-05 22:00:00,25.6,61
Hebbal,13.035,77.597,2026-09-05 23:00:00,25.4,62
Hebbal,13.035,77.597,2026-09-06 00:00:00,24.1,69
Hebbal,13.035,77.597,2026-09-06 01:00:00,23.5,74
Hebbal,13.035,77.597,2026-09-06 02:00:00,22.9,79
Hebbal,13.035,77.597,2026-09-06 03:00:00,22.4,83
Hebbal,13.035,77.597,2026-09-06 04:00:00,21.9,86
Hebbal,13.035,77.597,2026-09-06 05:00:00,21.6,86
Hebbal,13.035,77.597,2026-09-06 06:00:00,21.3,88
Hebbal,13.035,77.597,2026-09-06 07:00:00,22.4,80
Hebbal,13.035,77.597,2026-09-06 08:00:00,24.1,71
Hebbal,13.035,77.597,2026-09-06 09:00:00,26.2,60
Hebbal,13.035,77.597,2026-09-06 10:00:00,28.0,51
Hebbal,13.035,77.597,2026-09-06 11:00:00,29.2,47
Hebbal,13.035,77.597,2026-09-06 12:00:00,30.0,43
Hebbal,13.035,77.597,2026-09-06 13:00:00,30.5,41
Hebbal,13.035,77.597,2026-09-06 14:00:00,30.3,42
Hebbal,13.035,77.597,2026-09-06 15:00:00,30.5,40
Hebbal,13.035,77.597,2026-09-06 16:00:00,30.2,40
Hebbal,13.035,77.597,2026-09-06 17:00:00,30.4,37
Hebbal,13.035,77.597,2026-09-06 18:00:00,29.0,43
Hebbal,13.035,77.597,2026-09-06 19:00:00,28.0,49
Hebbal,13.035,77.597,2026-09-06 20:00:00,27.2,52
Hebbal,13.035,77.597,2026-09-06 21:00:00,26.6,54
Hebbal,13.035,77.597,2026-09-06 22:00:00,25.8,57
Hebbal,13.035,77.597,2026-09-06 23:00:00,25.4,61
Hebbal,13.035,77.597,2026-09-07 00:00:00,24.1,68
Hebbal,13.035,77.597,2026-09-07 01:00:00,23.2,75
Hebbal,13.035,77.597,2026-09-07 02:00:00,22.5,80
Hebbal,13.035,77.597,2026-09-07 03:00:00,21.9,84
Hebbal,13.035,77.597,2026-09-07 04:00:00,21.4,86
Hebbal,13.035,77.597,2026-09-07 05:00:00,21.3,88
Hebbal,13.035,77.597,2026-09-07 06:00:00,20.9,89
Hebbal,13.035,77.597,2026-09-07 07:00:00,21.9,81
Hebbal,13.035,77.597,2026-09-07 08:00:00,23.8,71
Hebbal,13.035,77.597,2026-09-07 09:00:00,25.8,61
Hebbal,13.035,77.597,2026-09-07 10:00:00,27.7,52
Hebbal,13.035,77.597,2026-09-07 11:00:00,29.1,45
Hebbal,13.035,77.597,2026-09-07 12:00:00,30.0,41
Hebbal,13.035,77.597,2026-09-07 13:00:00,30.7,38
Hebbal,13.035,77.597,2026-09-07 14:00:00,30.9,37
Hebbal,13.035,77.597,2026-09-07 15:00:00,30.8,36
Hebbal,13.035,77.597,2026-09-07 16:00:00,29.9,39
Hebbal,13.035,77.597,2026-09-07 17:00:00,29.4,43
Hebbal,13.035,77.597,2026-09-07 18:00:00,28.0,48
Hebbal,13.035,77.597,2026-09-07 19:00:00,27.3,53
Hebbal,13.035,77.597,2026-09-07 20:00:00,26.6,60
Hebbal,13.035,77.597,2026-09-07 21:00:00,26.5,56
Hebbal,13.035,77.597,2026-09-07 22:00:00,25.5,58
Hebbal,13.035,77.597,2026-09-07 23:00:00,24.6,65
Hebbal,13.035,77.597,2026-09-08 00:00:00,23.7,73
Hebbal,13.035,77.597,2026-09-08 01:00:00,23.1,78
Hebbal,13.035,77.597,2026-09-08 02:00:00,22.5,82
Hebbal,13.035,77.597,2026-09-08 03:00:00,21.9,85
Hebbal,13.035,77.597,2026-09-08 04:00:00,21.4,87
Hebbal,13.035,77.597,2026-09-08 05:00:00,21.2,87
Hebbal,13.035,77.597,2026-09-08 06:00:00,20.8,89
Hebbal,13.035,77.597,2026-09-08 07:00:00,22.0,80
Hebbal,13.035,77.597,2026-09-08 08:00:00,23.9,69
Hebbal,13.035,77.597,2026-09-08 09:00:00,26.0,59
Hebbal,13.035,77.597,2026-09-08 10:00:00,28.0,50
Hebbal,13.035,77.597,2026-09-08 11:00:00,29.3,45
Hebbal,13.035,77.597,2026-09-08 12:00:00,29.9,41
Hebbal,13.035,77.597,2026-09-08 13:00:00,30.0,41
Hebbal,13.035,77.597,2026-09-08 14:00:00,31.1,36
Hebbal,13.035,77.597,2026-09-08 15:00:00,30.6,38
Hebbal,13.035,77.597,2026-09-08 16:00:00,29.4,43
Hebbal,13.035,77.597,2026-09-08 17:00:00,29.0,43
Hebbal,13.035,77.597,2026-09-08 18:00:00,27.7,49
Hebbal,13.035,77.597,2026-09-08 19:00:00,27.1,52
Hebbal,13.035,77.597,2026-09-08 20:00:00,26.2,57
Hebbal,13.035,77.597,2026-09-08 21:00:00,25.0,64
Hebbal,13.035,77.597,2026-09-08 22:00:00,24.0,71
Hebbal,13.035,77.597,2026-09-08 23:00:00,21.2,90
Hebbal,13.035,77.597,2026-09-09 00:00:00,20.5,95
Hebbal,13.035,77.597,2026-09-09 01:00:00,20.3,96
Hebbal,13.035,77.597,2026-09-09 02:00:00,20.8,95
Hebbal,13.035,77.597,2026-09-09 03:00:00,20.9,95
Hebbal,13.035,77.597,2026-09-09 04:00:00,20.6,96
Hebbal,13.035,77.597,2026-09-09 05:00:00,21.6,88
Hebbal,13.035,77.597,2026-09-09 06:00:00,21.0,89
Hebbal,13.035,77.597,2026-09-09 07:00:00,22.2,81
Hebbal,13.035,77.597,2026-09-09 08:00:00,24.0,70
Hebbal,13.035,77.597,2026-09-09 09:00:00,26.0,59
Hebbal,13.035,77.597,2026-09-09 10:00:00,27.8,51
Hebbal,13.035,77.597,2026-09-09 11:00:00,28.9,46
Hebbal,13.035,77.597,2026-09-09 12:00:00,29.4,44
Hebbal,13.035,77.597,2026-09-09 13:00:00,30.9,39
Hebbal,13.035,77.597,2026-09-09 14:00:00,31.2,36
Hebbal,13.035,77.597,2026-09-09 15:00:00,31.3,36
Hebbal,13.035,77.597,2026-09-09 16:00:00,30.4,39
Hebbal,13.035,77.597,2026-09-09 17:00:00,29.2,45
Hebbal,13.035,77.597,2026-09-09 18:00:00,27.8,50
Hebbal,13.035,77.597,2026-09-09 19:00:00,27.0,53
Hebbal,13.035,77.597,2026-09-09 20:00:00,26.1,57
Hebbal,13.035,77.597,2026-09-09 21:00:00,25.4,62
Hebbal,13.035,77.597,2026-09-09 22:00:00,25.1,62
Hebbal,13.035,77.597,2026-09-09 23:00:00,24.3,66
Hebbal,13.035,77.597,2026-09-10 00:00:00,23.1,74
Hebbal,13.035,77.597,2026-09-10 01:00:00,22.5,79
Hebbal,13.035,77.597,2026-09-10 02:00:00,22.0,83
Hebbal,13.035,77.597,2026-09-10 03:00:00,21.5,86
Hebbal,13.035,77.597,2026-09-10 04:00:00,21.2,88
Hebbal,13.035,77.597,2026-09-10 05:00:00,21.6,86
Hebbal,13.035,77.597,2026-09-10 06:00:00,21.2,88
Hebbal,13.035,77.597,2026-09-10 07:00:00,22.2,83
Hebbal,13.035,77.597,2026-09-10 08:00:00,24.5,69
Hebbal,13.035,77.597,2026-09-10 09:00:00,26.6,60
Hebbal,13.035,77.597,2026-09-10 10:00:00,27.9,54
Hebbal,13.035,77.597,2026-09-10 11:00:00,28.7,50
Hebbal,13.035,77.597,2026-09-10 12:00:00,29.0,49
Hebbal,13.035,77.597,2026-09-10 13:00:00,29.5,49
Hebbal,13.035,77.597,2026-09-10 14:00:00,29.5,48
Hebbal,13.035,77.597,2026-09-10 15:00:00,29.2,48
Hebbal,13.035,77.597,2026-09-10 16:00:00,29.0,48
Hebbal,13.035,77.597,2026-09-10 17:00:00,29.5,44
Hebbal,13.035,77.597,2026-09-10 18:00:00,28.2,49
Hebbal,13.035,77.597,2026-09-10 19:00:00,27.6,52
Hebbal,13.035,77.597,2026-09-10 20:00:00,26.6,56
Hebbal,13.035,77.597,2026-09-10 21:00:00,26.3,57
Hebbal,13.035,77.597,2026-09-10 22:00:00,25.6,60
Hebbal,13.035,77.597,2026-09-10 23:00:00,23.8,74
Hebbal,13.035,77.597,2026-09-11 00:00:00,23.4,76
Hebbal,13.035,77.597,2026-09-11 01:00:00,22.7,81
Hebbal,13.035,77.597,2026-09-11 02:00:00,22.1,88
Hebbal,13.035,77.597,2026-09-11 03:00:00,21.8,92
Hebbal,13.035,77.597,2026-09-11 04:00:00,21.7,91
Hebbal,13.035,77.597,2026-09-11 05:00:00,22.8,78
Hebbal,13.035,77.597,2026-09-11 06:00:00,22.2,83
Hebbal,13.035,77.597,2026-09-11 07:00:00,23.0,80
Hebbal,13.035,77.597,2026-09-11 08:00:00,24.2,75
Hebbal,13.035,77.597,2026-09-11 09:00:00,26.3,62
Hebbal,13.035,77.597,2026-09-11 10:00:00,27.7,55
Hebbal,13.035,77.597,2026-09-11 11:00:00,28.9,50
Hebbal,13.035,77.597,2026-09-11 12:00:00,29.6,46
Hebbal,13.035,77.597,2026-09-11 13:00:00,30.3,44
Hebbal,13.035,77.597,2026-09-11 14:00:00,30.6,43
Hebbal,13.035,77.597,2026-09-11 15:00:00,30.5,42
Hebbal,13.035,77.597,2026-09-11 16:00:00,30.1,43
Hebbal,13.035,77.597,2026-09-11 17:00:00,29.8,42
Hebbal,13.035,77.597,2026-09-11 18:00:00,28.3,48
Hebbal,13.035,77.597,2026-09-11 19:00:00,27.5,53
Hebbal,13.035,77.597,2026-09-11 20:00:00,27.1,59
Hebbal,13.035,77.597,2026-09-11 21:00:00,26.5,59
Hebbal,13.035,77.597,2026-09-11 22:00:00,25.7,60
Hebbal,13.035,77.597,2026-09-11 23:00:00,25.3,59
Hebbal,13.035,77.597,2026-09-12 00:00:00,24.4,59
Hebbal,13.035,77.597,2026-09-12 01:00:00,23.7,62
Hebbal,13.035,77.597,2026-09-12 02:00:00,23.0,66
Hebbal,13.035,77.597,2026-09-12 03:00:00,22.3,70
Hebbal,13.035,77.597,2026-09-12 04:00:00,21.7,80
Hebbal,13.035,77.597,2026-09-12 05:00:00,22.2,82
Hebbal,13.035,77.597,2026-09-12 06:00:00,21.7,89
Hebbal,13.035,77.597,2026-09-12 07:00:00,22.7,84
Hebbal,13.035,77.597,2026-09-12 08:00:00,24.1,76
Hebbal,13.035,77.597,2026-09-12 09:00:00,25.9,65
Hebbal,13.035,77.597,2026-09-12 10:00:00,27.6,56
Hebbal,13.035,77.597,2026-09-12 11:00:00,29.1,50
Hebbal,13.035,77.597,2026-09-12 12:00:00,29.6,47
Hebbal,13.035,77.597,2026-09-12 13:00:00,30.1,45
Hebbal,13.035,77.597,2026-09-12 14:00:00,30.2,44
Hebbal,13.035,77.597,2026-09-12 15:00:00,30.1,43
Hebbal,13.035,77.597,2026-09-12 16:00:00,29.6,45
Hebbal,13.035,77.597,2026-09-12 17:00:00,29.8,41
Hebbal,13.035,77.597,2026-09-12 18:00:00,28.6,46
Hebbal,13.035,77.597,2026-09-12 19:00:00,28.0,48
Hebbal,13.035,77.597,2026-09-12 20:00:00,27.2,51
Hebbal,13.035,77.597,2026-09-12 21:00:00,26.6,52
Hebbal,13.035,77.597,2026-09-12 22:00:00,26.1,48
Hebbal,13.035,77.597,2026-09-12 23:00:00,24.8,55
Hebbal,13.035,77.597,2026-09-13 00:00:00,23.4,65
Hebbal,13.035,77.597,2026-09-13 01:00:00,22.7,71
Hebbal,13.035,77.597,2026-09-13 02:00:00,22.0,76
Hebbal,13.035,77.597,2026-09-13 03:00:00,21.4,81
Hebbal,13.035,77.597,2026-09-13 04:00:00,20.9,85
Hebbal,13.035,77.597,2026-09-13 05:00:00,21.2,83
Hebbal,13.035,77.597,2026-09-13 06:00:00,20.9,84
Hebbal,13.035,77.597,2026-09-13 07:00:00,21.6,80
Hebbal,13.035,77.597,2026-09-13 08:00:00,23.5,71
Hebbal,13.035,77.597,2026-09-13 09:00:00,25.8,59
Hebbal,13.035,77.597,2026-09-13 10:00:00,27.7,49
Hebbal,13.035,77.597,2026-09-13 11:00:00,29.0,44
Hebbal,13.035,77.597,2026-09-13 12:00:00,29.7,40
Hebbal,13.035,77.597,2026-09-13 13:00:00,30.3,36
Hebbal,13.035,77.597,2026-09-13 14:00:00,30.6,34
Hebbal,13.035,77.597,2026-09-13 15:00:00,30.0,34
Hebbal,13.035,77.597,2026-09-13 16:00:00,29.2,37
Hebbal,13.035,77.597,2026-09-13 17:00:00,28.9,40
Hebbal,13.035,77.597,2026-09-13 18:00:00,27.6,46
Hebbal,13.035,77.597,2026-09-13 19:00:00,26.8,51
Hebbal,13.035,77.597,2026-09-13 20:00:00,26.0,55
Hebbal,13.035,77.597,2026-09-13 21:00:00,25.3,58
Hebbal,13.035,77.597,2026-09-13 22:00:00,25.1,57
Hebbal,13.035,77.597,2026-09-13 23:00:00,24.6,61
Hebbal,13.035,77.597,2026-09-14 00:00:00,24.0,66
Hebbal,13.035,77.597,2026-09-14 01:00:00,23.6,71
Hebbal,13.035,77.597,2026-09-14 02:00:00,23.0,71
Hebbal,13.035,77.597,2026-09-14 03:00:00,22.4,71
Hebbal,13.035,77.597,2026-09-14 04:00:00,21.8,72
Hebbal,13.035,77.597,2026-09-14 05:00:00,22.2,81
Hebbal,13.035,77.597,2026-09-14 06:00:00,21.6,86
Hebbal,13.035,77.597,2026-09-14 07:00:00,22.9,79
Hebbal,13.035,77.597,2026-09-14 08:00:00,25.1,65
Hebbal,13.035,77.597,2026-09-14 09:00:00,26.9,57
Hebbal,13.035,77.597,2026-09-14 10:00:00,28.1,53
Hebbal,13.035,77.597,2026-09-14 11:00:00,29.2,46
Hebbal,13.035,77.597,2026-09-14 12:00:00,29.8,45
Hebbal,13.035,77.597,2026-09-14 13:00:00,29.9,44
Hebbal,13.035,77.597,2026-09-14 14:00:00,29.6,46
Hebbal,13.035,77.597,2026-09-14 15:00:00,29.5,48
Hebbal,13.035,77.597,2026-09-14 16:00:00,28.9,51
Hebbal,13.035,77.597,2026-09-14 17:00:00,24.9,69
Hebbal,13.035,77.597,2026-09-14 18:00:00,21.3,94
Hebbal,13.035,77.597,2026-09-14 19:00:00,21.8,93
Hebbal,13.035,77.597,2026-09-14 20:00:00,21.3,90
Hebbal,13.035,77.597,2026-09-14 21:00:00,21.9,91
Hebbal,13.035,77.597,2026-09-14 22:00:00,22.0,88
Hebbal,13.035,77.597,2026-09-14 23:00:00,22.2,88
Hebbal,13.035,77.597,2026-09-15 00:00:00,21.8,89
Hebbal,13.035,77.597,2026-09-15 01:00:00,21.3,90
Hebbal,13.035,77.597,2026-09-15 02:00:00,21.0,89
Hebbal,13.035,77.597,2026-09-15 03:00:00,20.7,92
Hebbal,13.035,77.597,2026-09-15 04:00:00,20.4,95
Hebbal,13.035,77.597,2026-09-15 05:00:00,21.0,92
Hebbal,13.035,77.597,2026-09-15 06:00:00,21.0,93
Hebbal,13.035,77.597,2026-09-15 07:00:00,22.4,86
Hebbal,13.035,77.597,2026-09-15 08:00:00,24.5,73
Hebbal,13.035,77.597,2026-09-15 09:00:00,26.4,62
Hebbal,13.035,77.597,2026-09-15 10:00:00,28.2,53
Hebbal,13.035,77.597,2026-09-15 11:00:00,29.1,48
Hebbal,13.035,77.597,2026-09-15 12:00:00,30.0,46
Hebbal,13.035,77.597,2026-09-15 13:00:00,30.5,45
Hebbal,13.035,77.597,2026-09-15 14:00:00,30.5,46
Hebbal,13.035,77.597,2026-09-15 15:00:00,30.3,46
Hebbal,13.035,77.597,2026-09-15 16:00:00,29.7,49
Hebbal,13.035,77.597,2026-09-15 17:00:00,28.8,49
Hebbal,13.035,77.597,2026-09-15 18:00:00,23.4,82
Hebbal,13.035,77.597,2026-09-15 19:00:00,23.2,86
Hebbal,13.035,77.597,2026-09-15 20:00:00,21.6,93
Hebbal,13.035,77.597,2026-09-15 21:00:00,20.8,95
Hebbal,13.035,77.597,2026-09-15 22:00:00,20.5,97
Hebbal,13.035,77.597,2026-09-15 23:00:00,21.7,95
Hebbal,13.035,77.597,2026-09-16 00:00:00,21.2,95
Hebbal,13.035,77.597,2026-09-16 01:00:00,20.4,97
Hebbal,13.035,77.597,2026-09-16 02:00:00,20.4,100
Hebbal,13.035,77.597,2026-09-16 03:00:00,20.5,98
Hebbal,13.035,77.597,2026-09-16 04:00:00,20.4,96
Hebbal,13.035,77.597,2026-09-16 05:00:00,21.1,89
Hebbal,13.035,77.597,2026-09-16 06:00:00,20.6,92
Hebbal,13.035,77.597,2026-09-16 07:00:00,21.6,84
Hebbal,13.035,77.597,2026-09-16 08:00:00,23.5,73
Hebbal,13.035,77.597,2026-09-16 09:00:00,25.6,60
Hebbal,13.035,77.597,2026-09-16 10:00:00,27.1,54
Hebbal,13.035,77.597,2026-09-16 11:00:00,27.1,57
Hebbal,13.035,77.597,2026-09-16 12:00:00,28.3,53
Hebbal,13.035,77.597,2026-09-16 13:00:00,28.8,51
Hebbal,13.035,77.597,2026-09-16 14:00:00,29.5,48
Hebbal,13.035,77.597,2026-09-16 15:00:00,29.6,46
Hebbal,13.035,77.597,2026-09-16 16:00:00,29.2,46
Hebbal,13.035,77.597,2026-09-16 17:00:00,29.7,43
Hebbal,13.035,77.597,2026-09-16 18:00:00,28.8,44
Hebbal,13.035,77.597,2026-09-16 19:00:00,27.9,47
Hebbal,13.035,77.597,2026-09-16 20:00:00,26.8,57
Hebbal,13.035,77.597,2026-09-16 21:00:00,25.9,65
Hebbal,13.035,77.597,2026-09-16 22:00:00,25.4,69
Hebbal,13.035,77.597,2026-09-16 23:00:00,25.4,71
Hebbal,13.035,77.597,2026-09-17 00:00:00,24.0,75
Hebbal,13.035,77.597,2026-09-17 01:00:00,23.0,80
Hebbal,13.035,77.597,2026-09-17 02:00:00,22.6,83
Hebbal,13.035,77.597,2026-09-17 03:00:00,21.2,88
Hebbal,13.035,77.597,2026-09-17 04:00:00,20.2,92
Hebbal,13.035,77.597,2026-09-17 05:00:00,21.3,91
Hebbal,13.035,77.597,2026-09-17 06:00:00,21.1,92
Hebbal,13.035,77.597,2026-09-17 07:00:00,22.5,84
Hebbal,13.035,77.597,2026-09-17 08:00:00,24.5,73
Hebbal,13.035,77.597,2026-09-17 09:00:00,26.5,63
Hebbal,13.035,77.597,2026-09-17 10:00:00,28.0,55
Hebbal,13.035,77.597,2026-09-17 11:00:00,29.5,50
Hebbal,13.035,77.597,2026-09-17 12:00:00,30.2,47
Hebbal,13.035,77.597,2026-09-17 13:00:00,30.7,45
Hebbal,13.035,77.597,2026-09-17 14:00:00,30.6,46
Hebbal,13.035,77.597,2026-09-17 15:00:00,30.0,48
Hebbal,13.035,77.597,2026-09-17 16:00:00,26.9,60
Hebbal,13.035,77.597,2026-09-17 17:00:00,28.1,52
Hebbal,13.035,77.597,2026-09-17 18:00:00,27.6,54
Hebbal,13.035,77.597,2026-09-17 19:00:00,27.5,54
Hebbal,13.035,77.597,2026-09-17 20:00:00,24.5,67
Hebbal,13.035,77.597,2026-09-17 21:00:00,23.8,72
Hebbal,13.035,77.597,2026-09-17 22:00:00,23.6,79
Hebbal,13.035,77.597,2026-09-17 23:00:00,22.7,91
Hebbal,13.035,77.597,2026-09-18 00:00:00,22.3,94
Hebbal,13.035,77.597,2026-09-18 01:00:00,22.3,94
Hebbal,13.035,77.597,2026-09-18 02:00:00,22.2,94
Hebbal,13.035,77.597,2026-09-18 03:00:00,21.8,96
Hebbal,13.035,77.597,2026-09-18 04:00:00,21.6,97
Hebbal,13.035,77.597,2026-09-18 05:00:00,22.0,90
Hebbal,13.035,77.597,2026-09-18 06:00:00,21.6,90
Hebbal,13.035,77.597,2026-09-18 07:00:00,22.5,84
Hebbal,13.035,77.597,2026-09-18 08:00:00,24.3,71
Hebbal,13.035,77.597,2026-09-18 09:00:00,26.6,60
Hebbal,13.035,77.597,2026-09-18 10:00:00,28.5,53
Hebbal,13.035,77.597,2026-09-18 11:00:00,29.2,51
Hebbal,13.035,77.597,2026-09-18 12:00:00,29.4,50
Hebbal,13.035,77.597,2026-09-18 13:00:00,30.2,48
Hebbal,13.035,77.597,2026-09-18 14:00:00,30.8,46
Hebbal,13.035,77.597,2026-09-18 15:00:00,30.3,47
Hebbal,13.035,77.597,2026-09-18 16:00:00,30.3,46
Hebbal,13.035,77.597,2026-09-18 17:00:00,29.5,44
Hebbal,13.035,77.597,2026-09-18 18:00:00,28.5,48
Hebbal,13.035,77.597,2026-09-18 19:00:00,28.1,50
Hebbal,13.035,77.597,2026-09-18 20:00:00,27.8,50
Hebbal,13.035,77.597,2026-09-18 21:00:00,25.7,62
Hebbal,13.035,77.597,2026-09-18 22:00:00,24.6,69
Hebbal,13.035,77.597,2026-09-18 23:00:00,25.1,69
Hebbal,13.035,77.597,2026-09-19 00:00:00,24.4,74
Hebbal,13.035,77.597,2026-09-19 01:00:00,23.9,79
Hebbal,13.035,77.597,2026-09-19 02:00:00,23.3,82
Hebbal,13.035,77.597,2026-09-19 03:00:00,23.0,81
Hebbal,13.035,77.597,2026-09-19 04:00:00,22.4,82
Hebbal,13.035,77.597,2026-09-19 05:00:00,21.9,83
Hebbal,13.035,77.597,2026-09-19 06:00:00,21.4,85
Hebbal,13.035,77.597,2026-09-19 07:00:00,22.5,81
Hebbal,13.035,77.597,2026-09-19 08:00:00,24.3,73
Hebbal,13.035,77.597,2026-09-19 09:00:00,26.5,62
Hebbal,13.035,77.597,2026-09-19 10:00:00,28.5,53
Hebbal,13.035,77.597,2026-09-19 11:00:00,29.5,50
Hebbal,13.035,77.597,2026-09-19 12:00:00,29.7,50
Hebbal,13.035,77.597,2026-09-19 13:00:00,30.4,48
Hebbal,13.035,77.597,2026-09-19 14:00:00,30.6,47
Hebbal,13.035,77.597,2026-09-19 15:00:00,30.5,46
Hebbal,13.035,77.597,2026-09-19 16:00:00,30.2,47
Hebbal,13.035,77.597,2026-09-19 17:00:00,29.2,49
Hebbal,13.035,77.597,2026-09-19 18:00:00,28.5,52
Hebbal,13.035,77.597,2026-09-19 19:00:00,27.0,59
Hebbal,13.035,77.597,2026-09-19 20:00:00,24.1,77
Hebbal,13.035,77.597,2026-09-19 21:00:00,23.5,80
Hebbal,13.035,77.597,2026-09-19 22:00:00,23.5,79
Hebbal,13.035,77.597,2026-09-19 23:00:00,22.2,87
Hebbal,13.035,77.597,2026-09-20 00:00:00,21.6,91
Hebbal,13.035,77.597,2026-09-20 01:00:00,21.1,95
Hebbal,13.035,77.597,2026-09-20 02:00:00,20.8,95
Hebbal,13.035,77.597,2026-09-20 03:00:00,20.8,95
Hebbal,13.035,77.597,2026-09-20 04:00:00,20.6,96
Hebbal,13.035,77.597,2026-09-20 05:00:00,20.9,97
Hebbal,13.035,77.597,2026-09-20 06:00:00,21.0,97
Hebbal,13.035,77.597,2026-09-20 07:00:00,21.1,97
Hebbal,13.035,77.597,2026-09-20 08:00:00,21.3,96
Hebbal,13.035,77.597,2026-09-20 09:00:00,22.1,90
Hebbal,13.035,77.597,2026-09-20 10:00:00,23.3,81
Hebbal,13.035,77.597,2026-09-20 11:00:00,22.9,82
Hebbal,13.035,77.597,2026-09-20 12:00:00,25.0,73
Hebbal,13.035,77.597,2026-09-20 13:00:00,26.5,63
Hebbal,13.035,77.597,2026-09-20 14:00:00,27.1,63
Hebbal,13.035,77.597,2026-09-20 15:00:00,27.3,59
Hebbal,13.035,77.597,2026-09-20 16:00:00,27.0,58
Hebbal,13.035,77.597,2026-09-20 17:00:00,26.6,63
Hebbal,13.035,77.597,2026-09-20 18:00:00,25.4,73
Hebbal,13.035,77.597,2026-09-20 19:00:00,25.0,76
Hebbal,13.035,77.597,2026-09-20 20:00:00,24.9,73
Hebbal,13.035,77.597,2026-09-20 21:00:00,24.8,75
Hebbal,13.035,77.597,2026-09-20 22:00:00,23.0,83
Hebbal,13.035,77.597,2026-09-20 23:00:00,21.3,95
Hebbal,13.035,77.597,2026-09-21 00:00:00,21.2,93
Hebbal,13.035,77.597,2026-09-21 01:00:00,20.6,94
Hebbal,13.035,77.597,2026-09-21 02:00:00,20.9,94
Hebbal,13.035,77.597,2026-09-21 03:00:00,21.0,95
Hebbal,13.035,77.597,2026-09-21 04:00:00,21.0,94
Hebbal,13.035,77.597,2026-09-21 05:00:00,21.3,95
Hebbal,13.035,77.597,2026-09-21 06:00:00,20.9,95
Hebbal,13.035,77.597,2026-09-21 07:00:00,21.9,89
Hebbal,13.035,77.597,2026-09-21 08:00:00,23.4,80
Hebbal,13.035,77.597,2026-09-21 09:00:00,24.9,73
Hebbal,13.035,77.597,2026-09-21 10:00:00,26.3,67
Hebbal,13.035,77.597,2026-09-21 11:00:00,27.5,63
Hebbal,13.035,77.597,2026-09-21 12:00:00,27.8,63
Hebbal,13.035,77.597,2026-09-21 13:00:00,27.8,62
Hebbal,13.035,77.597,2026-09-21 14:00:00,29.0,57
Hebbal,13.035,77.597,2026-09-21 15:00:00,28.1,57
Hebbal,13.035,77.597,2026-09-21 16:00:00,25.5,70
Hebbal,13.035,77.597,2026-09-21 17:00:00,24.3,73
Hebbal,13.035,77.597,2026-09-21 18:00:00,23.3,80
Hebbal,13.035,77.597,2026-09-21 19:00:00,23.1,80
Hebbal,13.035,77.597,2026-09-21 20:00:00,23.0,81
Hebbal,13.035,77.597,2026-09-21 21:00:00,22.8,83
Hebbal,13.035,77.597,2026-09-21 22:00:00,22.4,88
Hebbal,13.035,77.597,2026-09-21 23:00:00,21.7,93
Hebbal,13.035,77.597,2026-09-22 00:00:00,21.4,94
Hebbal,13.035,77.597,2026-09-22 01:00:00,21.3,96
Hebbal,13.035,77.597,2026-09-22 02:00:00,21.0,97
Hebbal,13.035,77.597,2026-09-22 03:00:00,20.9,97
Hebbal,13.035,77.597,2026-09-22 04:00:00,20.9,98
Hebbal,13.035,77.597,2026-09-22 05:00:00,21.2,97
Hebbal,13.035,77.597,2026-09-22 06:00:00,21.0,98
Hebbal,13.035,77.597,2026-09-22 07:00:00,21.4,95
Hebbal,13.035,77.597,2026-09-22 08:00:00,22.3,88
Hebbal,13.035,77.597,2026-09-22 09:00:00,23.5,79
Hebbal,13.035,77.597,2026-09-22 10:00:00,24.9,71
Hebbal,13.035,77.597,2026-09-22 11:00:00,25.4,68
Hebbal,13.035,77.597,2026-09-22 12:00:00,26.2,62
Hebbal,13.035,77.597,2026-09-22 13:00:00,27.0,58
Hebbal,13.035,77.597,2026-09-22 14:00:00,27.3,54
Hebbal,13.035,77.597,2026-09-22 15:00:00,26.9,53
Hebbal,13.035,77.597,2026-09-22 16:00:00,26.7,55
Hebbal,13.035,77.597,2026-09-22 17:00:00,26.7,58
Hebbal,13.035,77.597,2026-09-22 18:00:00,25.3,64
Hebbal,13.035,77.597,2026-09-22 19:00:00,24.7,64
Hebbal,13.035,77.597,2026-09-22 20:00:00,24.4,63
Hebbal,13.035,77.597,2026-09-22 21:00:00,23.6,72
Hebbal,13.035,77.597,2026-09-22 22:00:00,22.9,80
Hebbal,13.035,77.597,2026-09-22 23:00:00,22.3,83
Hebbal,13.035,77.597,2026-09-23 00:00:00,21.5,86
Hebbal,13.035,77.597,2026-09-23 01:00:00,20.9,87
Hebbal,13.035,77.597,2026-09-23 02:00:00,20.6,86
Hebbal,13.035,77.597,2026-09-23 03:00:00,20.5,86
Hebbal,13.035,77.597,2026-09-23 04:00:00,20.3,84
Hebbal,13.035,77.597,2026-09-23 05:00:00,20.6,84
Hebbal,13.035,77.597,2026-09-23 06:00:00,20.5,83
Hebbal,13.035,77.597,2026-09-23 07:00:00,21.0,82
Hebbal,13.035,77.597,2026-09-23 08:00:00,22.1,79
Hebbal,13.035,77.597,2026-09-23 09:00:00,23.9,68
Hebbal,13.035,77.597,2026-09-23 10:00:00,25.5,59
Hebbal,13.035,77.597,2026-09-23 11:00:00,24.8,66
Hebbal,13.035,77.597,2026-09-23 12:00:00,25.1,68
Hebbal,13.035,77.597,2026-09-23 13:00:00,26.3,63
Hebbal,13.035,77.597,2026-09-23 14:00:00,26.8,60
Hebbal,13.035,77.597,2026-09-23 15:00:00,26.3,63
Hebbal,13.035,77.597,2026-09-23 16:00:00,25.7,64
Hebbal,13.035,77.597,2026-09-23 17:00:00,24.7,73
Hebbal,13.035,77.597,2026-09-23 18:00:00,23.7,77
Hebbal,13.035,77.597,2026-09-23 19:00:00,23.3,74
Hebbal,13.035,77.597,2026-09-23 20:00:00,22.9,68
Hebbal,13.035,77.597,2026-09-23 21:00:00,22.0,63
Hebbal,13.035,77.597,2026-09-23 22:00:00,21.3,63
Hebbal,13.035,77.597,2026-09-23 23:00:00,21.1,69
Hebbal,13.035,77.597,2026-09-24 00:00:00,21.2,74
Hebbal,13.035,77.597,2026-09-24 01:00:00,20.7,80
Hebbal,13.035,77.597,2026-09-24 02:00:00,20.2,87
Hebbal,13.035,77.597,2026-09-24 03:00:00,19.9,90
Hebbal,13.035,77.597,2026-09-24 04:00:00,19.9,89
Hebbal,13.035,77.597,2026-09-24 05:00:00,20.4,83
Hebbal,13.035,77.597,2026-09-24 06:00:00,20.6,83
Hebbal,13.035,77.597,2026-09-24 07:00:00,21.0,83
Hebbal,13.035,77.597,2026-09-24 08:00:00,22.3,78
Hebbal,13.035,77.597,2026-09-24 09:00:00,23.9,72
Hebbal,13.035,77.597,2026-09-24 10:00:00,25.1,66
Hebbal,13.035,77.597,2026-09-24 11:00:00,26.0,60
Hebbal,13.035,77.597,2026-09-24 12:00:00,26.1,59
Hebbal,13.035,77.597,2026-09-24 13:00:00,23.8,66
Hebbal,13.035,77.597,2026-09-24 14:00:00,22.4,79
Hebbal,13.035,77.597,2026-09-24 15:00:00,23.2,77
Hebbal,13.035,77.597,2026-09-24 16:00:00,24.7,71
Hebbal,13.035,77.597,2026-09-24 17:00:00,23.6,78
Hebbal,13.035,77.597,2026-09-24 18:00:00,22.7,82
Hebbal,13.035,77.597,2026-09-24 19:00:00,22.3,84
Hebbal,13.035,77.597,2026-09-24 20:00:00,22.0,85
Hebbal,13.035,77.597,2026-09-24 21:00:00,21.9,85
Hebbal,13.035,77.597,2026-09-24 22:00:00,21.6,87
Hebbal,13.035,77.597,2026-09-24 23:00:00,21.5,88
Hebbal,13.035,77.597,2026-09-25 00:00:00,21.4,88
Hebbal,13.035,77.597,2026-09-25 01:00:00,21.2,89
Hebbal,13.035,77.597,2026-09-25 02:00:00,21.1,89
Hebbal,13.035,77.597,2026-09-25 03:00:00,20.9,90
Hebbal,13.035,77.597,2026-09-25 04:00:00,21.0,89
Hebbal,13.035,77.597,2026-09-25 05:00:00,20.7,91
Hebbal,13.035,77.597,2026-09-25 06:00:00,20.6,91
Hebbal,13.035,77.597,2026-09-25 07:00:00,21.6,87
Hebbal,13.035,77.597,2026-09-25 08:00:00,23.4,76
Hebbal,13.035,77.597,2026-09-25 09:00:00,24.4,71
Hebbal,13.035,77.597,2026-09-25 10:00:00,26.0,65
Hebbal,13.035,77.597,2026-09-25 11:00:00,26.2,65
Hebbal,13.035,77.597,2026-09-25 12:00:00,27.7,61
Hebbal,13.035,77.597,2026-09-25 13:00:00,28.6,56
Hebbal,13.035,77.597,2026-09-25 14:00:00,28.3,57
Hebbal,13.035,77.597,2026-09-25 15:00:00,24.4,77
Hebbal,13.035,77.597,2026-09-25 16:00:00,24.7,72
Hebbal,13.035,77.597,2026-09-25 17:00:00,24.3,74
Hebbal,13.035,77.597,2026-09-25 18:00:00,22.8,84
Hebbal,13.035,77.597,2026-09-25 19:00:00,22.4,87
Hebbal,13.035,77.597,2026-09-25 20:00:00,22.3,87
Hebbal,13.035,77.597,2026-09-25 21:00:00,22.1,87
Hebbal,13.035,77.597,2026-09-25 22:00:00,21.6,88
Hebbal,13.035,77.597,2026-09-25 23:00:00,20.8,91
Hebbal,13.035,77.597,2026-09-26 00:00:00,20.3,93
Hebbal,13.035,77.597,2026-09-26 01:00:00,20.2,93
Hebbal,13.035,77.597,2026-09-26 02:00:00,20.1,94
Hebbal,13.035,77.597,2026-09-26 03:00:00,20.0,93
Hebbal,13.035,77.597,2026-09-26 04:00:00,20.2,92
Hebbal,13.035,77.597,2026-09-26 05:00:00,20.4,91
Hebbal,13.035,77.597,2026-09-26 06:00:00,20.7,89
Hebbal,13.035,77.597,2026-09-26 07:00:00,21.4,84
Hebbal,13.035,77.597,2026-09-26 08:00:00,22.8,76
Hebbal,13.035,77.597,2026-09-26 09:00:00,24.4,69
Hebbal,13.035,77.597,2026-09-26 10:00:00,25.5,63
Hebbal,13.035,77.597,2026-09-26 11:00:00,26.8,59
Hebbal,13.035,77.597,2026-09-26 12:00:00,28.0,51
Hebbal,13.035,77.597,2026-09-26 13:00:00,28.7,46
Hebbal,13.035,77.597,2026-09-26 14:00:00,28.9,44
Hebbal,13.035,77.597,2026-09-26 15:00:00,28.9,45
Hebbal,13.035,77.597,2026-09-26 16:00:00,28.4,45
Hebbal,13.035,77.597,2026-09-26 17:00:00,27.3,51
Hebbal,13.035,77.597,2026-09-26 18:00:00,25.7,61
Hebbal,13.035,77.597,2026-09-26 19:00:00,25.1,62
Hebbal,13.035,77.597,2026-09-26 20:00:00,24.2,66
Hebbal,13.035,77.597,2026-09-26 21:00:00,23.2,69
Hebbal,13.035,77.597,2026-09-26 22:00:00,22.3,76
Hebbal,13.035,77.597,2026-09-26 23:00:00,21.4,81
Hebbal,13.035,77.597,2026-09-27 00:00:00,20.7,84
Hebbal,13.035,77.597,2026-09-27 01:00:00,20.1,86
Hebbal,13.035,77.597,2026-09-27 02:00:00,19.6,89
Hebbal,13.035,77.597,2026-09-27 03:00:00,19.2,93
Hebbal,13.035,77.597,2026-09-27 04:00:00,18.9,95
Hebbal,13.035,77.597,2026-09-27 05:00:00,18.7,96
Hebbal,13.035,77.597,2026-09-27 06:00:00,18.6,95
Hebbal,13.035,77.597,2026-09-27 07:00:00,20.2,88
Hebbal,13.035,77.597,2026-09-27 08:00:00,22.4,77
Hebbal,13.035,77.597,2026-09-27 09:00:00,24.6,65
Hebbal,13.035,77.597,2026-09-27 10:00:00,26.5,55
Hebbal,13.035,77.597,2026-09-27 11:00:00,27.9,47
Hebbal,13.035,77.597,2026-09-27 12:00:00,28.9,43
Hebbal,13.035,77.597,2026-09-27 13:00:00,29.4,42
Hebbal,13.035,77.597,2026-09-27 14:00:00,29.6,41
Hebbal,13.035,77.597,2026-09-27 15:00:00,29.6,41
Hebbal,13.035,77.597,2026-09-27 16:00:00,29.0,42
Hebbal,13.035,77.597,2026-09-27 17:00:00,28.1,45
Hebbal,13.035,77.597,2026-09-27 18:00:00,26.2,55
Hebbal,13.035,77.597,2026-09-27 19:00:00,25.1,56
Hebbal,13.035,77.597,2026-09-27 20:00:00,24.2,58
Hebbal,13.035,77.597,2026-09-27 21:00:00,24.1,59
Hebbal,13.035,77.597,2026-09-27 22:00:00,23.6,62
Hebbal,13.035,77.597,2026-09-27 23:00:00,22.5,70
Hebbal,13.035,77.597,2026-09-28 00:00:00,21.9,77
Hebbal,13.035,77.597,2026-09-28 01:00:00,21.4,85
Hebbal,13.035,77.597,2026-09-28 02:00:00,21.0,91
Hebbal,13.035,77.597,2026-09-28 03:00:00,20.3,96
Hebbal,13.035,77.597,2026-09-28 04:00:00,19.7,99
Hebbal,13.035,77.597,2026-09-28 05:00:00,19.8,97
Hebbal,13.035,77.597,2026-09-28 06:00:00,20.8,90
Hebbal,13.035,77.597,2026-09-28 07:00:00,22.5,80
Hebbal,13.035,77.597,2026-09-28 08:00:00,24.2,70
Hebbal,13.035,77.597,2026-09-28 09:00:00,26.0,60
Hebbal,13.035,77.597,2026-09-28 10:00:00,27.9,50
Hebbal,13.035,77.597,2026-09-28 11:00:00,29.5,44
Hebbal,13.035,77.597,2026-09-28 12:00:00,30.7,39
Hebbal,13.035,77.597,2026-09-28 13:00:00,31.5,35
Hebbal,13.035,77.597,2026-09-28 14:00:00,31.8,34
Hebbal,13.035,77.597,2026-09-28 15:00:00,31.2,35
Hebbal,13.035,77.597,2026-09-28 16:00:00,30.1,38
Hebbal,13.035,77.597,2026-09-28 17:00:00,28.9,43
Hebbal,13.035,77.597,2026-09-28 18:00:00,28.0,47
Hebbal,13.035,77.597,2026-09-28 19:00:00,27.1,52
Hebbal,13.035,77.597,2026-09-28 20:00:00,26.2,58
Hebbal,13.035,77.597,2026-09-28 21:00:00,25.4,63
Hebbal,13.035,77.597,2026-09-28 22:00:00,24.5,68
Hebbal,13.035,77.597,2026-09-28 23:00:00,23.8,73
Hebbal,13.035,77.597,2026-09-29 00:00:00,23.2,77
Hebbal,13.035,77.597,2026-09-29 01:00:00,22.7,80
Hebbal,13.035,77.597,2026-09-29 02:00:00,22.2,83
Hebbal,13.035,77.597,2026-09-29 03:00:00,21.6,86
Hebbal,13.035,77.597,2026-09-29 04:00:00,21.0,90
Hebbal,13.035,77.597,2026-09-29 05:00:00,20.9,91
Hebbal,13.035,77.597,2026-09-29 06:00:00,21.7,87
Hebbal,13.035,77.597,2026-09-29 07:00:00,22.9,82
Hebbal,13.035,77.597,2026-09-29 08:00:00,24.4,75
Hebbal,13.035,77.597,2026-09-29 09:00:00,26.4,64
Hebbal,13.035,77.597,2026-09-29 10:00:00,28.7,54
Hebbal,13.035,77.597,2026-09-29 11:00:00,29.9,50
Hebbal,13.035,77.597,2026-09-29 12:00:00,28.9,54
Hebbal,13.035,77.597,2026-09-29 13:00:00,26.9,64
Hebbal,13.035,77.597,2026-09-29 14:00:00,25.2,73
Hebbal,13.035,77.597,2026-09-29 15:00:00,24.5,78
Hebbal,13.035,77.597,2026-09-29 16:00:00,24.1,80
Hebbal,13.035,77.597,2026-09-29 17:00:00,23.7,82
Hebbal,13.035,77.597,2026-09-29 18:00:00,23.2,85
Hebbal,13.035,77.597,2026-09-29 19:00:00,22.7,88
Hebbal,13.035,77.597,2026-09-29 20:00:00,22.2,91
Hebbal,13.035,77.597,2026-09-29 21:00:00,21.8,93
Hebbal,13.035,77.597,2026-09-29 22:00:00,21.4,95
Hebbal,13.035,77.597,2026-09-29 23:00:00,21.0,97
Hebbal,13.035,77.597,2026-09-30 00:00:00,20.7,98
Hebbal,13.035,77.597,2026-09-30 01:00:00,20.4,98
Hebbal,13.035,77.597,2026-09-30 02:00:00,20.1,98
Hebbal,13.035,77.597,2026-09-30 03:00:00,19.3,100
Hebbal,13.035,77.597,2026-09-30 04:00:00,19.2,100
Hebbal,13.035,77.597,2026-09-30 05:00:00,19.5,99
Hebbal,13.035,77.597,2026-09-30 06:00:00,20.4,94
Hebbal,13.035,77.597,2026-09-30 07:00:00,21.8,87
Hebbal,13.035,77.597,2026-09-30 08:00:00,23.5,79
Hebbal,13.035,77.597,2026-09-30 09:00:00,25.1,73
Hebbal,13.035,77.597,2026-09-30 10:00:00,26.4,68
Hebbal,13.035,77.597,2026-09-30 11:00:00,27.2,66
Hebbal,13.035,77.597,2026-09-30 12:00:00,27.4,65
Hebbal,13.035,77.597,2026-09-30 13:00:00,27.2,66
Hebbal,13.035,77.597,2026-09-30 14:00:00,26.6,69
Hebbal,13.035,77.597,2026-09-30 15:00:00,25.9,72
Hebbal,13.035,77.597,2026-09-30 16:00:00,25.2,75
Hebbal,13.035,77.597,2026-09-30 17:00:00,24.5,78
Hebbal,13.035,77.597,2026-09-30 18:00:00,23.8,81
Hebbal,13.035,77.597,2026-09-30 19:00:00,23.0,84
Hebbal,13.035,77.597,2026-09-30 20:00:00,22.1,88
Hebbal,13.035,77.597,2026-09-30 21:00:00,21.3,91
Hebbal,13.035,77.597,2026-09-30 22:00:00,20.5,95
Hebbal,13.035,77.597,2026-09-30 23:00:00,20.0,97
Electronic City,12.8399,77.677,2026-09-03 00:00:00,20.2,98
Electronic City,12.8399,77.677,2026-09-03 01:00:00,19.9,97
Electronic City,12.8399,77.677,2026-09-03 02:00:00,19.6,98
Electronic City,12.8399,77.677,2026-09-03 03:00:00,19.6,99
Electronic City,12.8399,77.677,2026-09-03 04:00:00,19.6,99
Electronic City,12.8399,77.677,2026-09-03 05:00:00,19.6,98
Electronic City,12.8399,77.677,2026-09-03 06:00:00,19.6,98
Electronic City,12.8399,77.677,2026-09-03 07:00:00,20.7,91
Electronic City,12.8399,77.677,2026-09-03 08:00:00,22.6,79
Electronic City,12.8399,77.677,2026-09-03 09:00:00,25.1,66
Electronic City,12.8399,77.677,2026-09-03 10:00:00,26.8,58
Electronic City,12.8399,77.677,2026-09-03 11:00:00,27.2,58
Electronic City,12.8399,77.677,2026-09-03 12:00:00,27.9,55
Electronic City,12.8399,77.677,2026-09-03 13:00:00,28.5,52
Electronic City,12.8399,77.677,2026-09-03 14:00:00,28.8,51
Electronic City,12.8399,77.677,2026-09-03 15:00:00,28.2,51
Electronic City,12.8399,77.677,2026-09-03 16:00:00,27.1,59
Electronic City,12.8399,77.677,2026-09-03 17:00:00,26.8,62
Electronic City,12.8399,77.677,2026-09-03 18:00:00,25.1,71
Electronic City,12.8399,77.677,2026-09-03 19:00:00,24.0,78
Electronic City,12.8399,77.677,2026-09-03 20:00:00,23.3,82
Electronic City,12.8399,77.677,2026-09-03 21:00:00,22.4,88
Electronic City,12.8399,77.677,2026-09-03 22:00:00,21.6,94
Electronic City,12.8399,77.677,2026-09-03 23:00:00,21.6,93
Electronic City,12.8399,77.677,2026-09-04 00:00:00,21.5,94
Electronic City,12.8399,77.677,2026-09-04 01:00:00,21.1,95
Electronic City,12.8399,77.677,2026-09-04 02:00:00,20.7,96
Electronic City,12.8399,77.677,2026-09-04 03:00:00,20.3,98
Electronic City,12.8399,77.677,2026-09-04 04:00:00,20.0,98
Electronic City,12.8399,77.677,2026-09-04 05:00:00,20.2,96
Electronic City,12.8399,77.677,2026-09-04 06:00:00,20.1,96
Electronic City,12.8399,77.677,2026-09-04 07:00:00,21.7,87
Electronic City,12.8399,77.677,2026-09-04 08:00:00,23.7,76
Electronic City,12.8399,77.677,2026-09-04 09:00:00,24.9,69
Electronic City,12.8399,77.677,2026-09-04 10:00:00,26.8,61
Electronic City,12.8399,77.677,2026-09-04 11:00:00,27.8,57
Electronic City,12.8399,77.677,2026-09-04 12:00:00,28.7,54
Electronic City,12.8399,77.677,2026-09-04 13:00:00,29.1,52
Electronic City,12.8399,77.677,2026-09-04 14:00:00,29.1,51
Electronic City,12.8399,77.677,2026-09-04 15:00:00,28.0,58
Electronic City,12.8399,77.677,2026-09-04 16:00:00,26.8,67
Electronic City,12.8399,77.677,2026-09-04 17:00:00,27.8,58
Electronic City,12.8399,77.677,2026-09-04 18:00:00,25.6,70
Electronic City,12.8399,77.677,2026-09-04 19:00:00,25.0,74
Electronic City,12.8399,77.677,2026-09-04 20:00:00,24.4,77
Electronic City,12.8399,77.677,2026-09-04 21:00:00,23.7,78
Electronic City,12.8399,77.677,2026-09-04 22:00:00,23.2,78
Electronic City,12.8399,77.677,2026-09-04 23:00:00,22.9,77
Electronic City,12.8399,77.677,2026-09-05 00:00:00,21.7,87
Electronic City,12.8399,77.677,2026-09-05 01:00:00,20.8,95
Electronic City,12.8399,77.677,2026-09-05 02:00:00,20.5,97
Electronic City,12.8399,77.677,2026-09-05 03:00:00,20.6,98
Electronic City,12.8399,77.677,2026-09-05 04:00:00,20.5,98
Electronic City,12.8399,77.677,2026-09-05 05:00:00,20.7,99
Electronic City,12.8399,77.677,2026-09-05 06:00:00,20.6,99
Electronic City,12.8399,77.677,2026-09-05 07:00:00,21.8,91
Electronic City,12.8399,77.677,2026-09-05 08:00:00,23.5,78
Electronic City,12.8399,77.677,2026-09-05 09:00:00,25.5,67
Electronic City,12.8399,77.677,2026-09-05 10:00:00,27.4,58
Electronic City,12.8399,77.677,2026-09-05 11:00:00,28.9,49
Electronic City,12.8399,77.677,2026-09-05 12:00:00,29.7,46
Electronic City,12.8399,77.677,2026-09-05 13:00:00,30.4,43
Electronic City,12.8399,77.677,2026-09-05 14:00:00,30.5,42
Electronic City,12.8399,77.677,2026-09-05 15:00:00,30.0,44
Electronic City,12.8399,77.677,2026-09-05 16:00:00,29.5,46
Electronic City,12.8399,77.677,2026-09-05 17:00:00,29.2,47
Electronic City,12.8399,77.677,2026-09-05 18:00:00,27.1,57
Electronic City,12.8399,77.677,2026-09-05 19:00:00,26.2,61
Electronic City,12.8399,77.677,2026-09-05 20:00:00,25.6,63
Electronic City,12.8399,77.677,2026-09-05 21:00:00,25.3,62
Electronic City,12.8399,77.677,2026-09-05 22:00:00,25.0,63
Electronic City,12.8399,77.677,2026-09-05 23:00:00,24.5,65
Electronic City,12.8399,77.677,2026-09-06 00:00:00,23.5,71
Electronic City,12.8399,77.677,2026-09-06 01:00:00,22.3,79
Electronic City,12.8399,77.677,2026-09-06 02:00:00,22.0,82
Electronic City,12.8399,77.677,2026-09-06 03:00:00,21.3,86
Electronic City,12.8399,77.677,2026-09-06 04:00:00,21.0,89
Electronic City,12.8399,77.677,2026-09-06 05:00:00,21.4,87
Electronic City,12.8399,77.677,2026-09-06 06:00:00,21.0,90
Electronic City,12.8399,77.677,2026-09-06 07:00:00,22.5,83
Electronic City,12.8399,77.677,2026-09-06 08:00:00,24.1,73
Electronic City,12.8399,77.677,2026-09-06 09:00:00,25.9,64
Electronic City,12.8399,77.677,2026-09-06 10:00:00,27.7,55
Electronic City,12.8399,77.677,2026-09-06 11:00:00,28.7,51
Electronic City,12.8399,77.677,2026-09-06 12:00:00,29.2,49
Electronic City,12.8399,77.677,2026-09-06 13:00:00,29.7,48
Electronic City,12.8399,77.677,2026-09-06 14:00:00,29.9,47
Electronic City,12.8399,77.677,2026-09-06 15:00:00,29.9,46
Electronic City,12.8399,77.677,2026-09-06 16:00:00,29.3,48
Electronic City,12.8399,77.677,2026-09-06 17:00:00,29.4,44
Electronic City,12.8399,77.677,2026-09-06 18:00:00,27.5,52
Electronic City,12.8399,77.677,2026-09-06 19:00:00,26.6,55
Electronic City,12.8399,77.677,2026-09-06 20:00:00,25.9,58
Electronic City,12.8399,77.677,2026-09-06 21:00:00,25.5,59
Electronic City,12.8399,77.677,2026-09-06 22:00:00,24.6,63
Electronic City,12.8399,77.677,2026-09-06 23:00:00,23.7,70
Electronic City,12.8399,77.677,2026-09-07 00:00:00,22.7,76
Electronic City,12.8399,77.677,2026-09-07 01:00:00,22.0,83
Electronic City,12.8399,77.677,2026-09-07 02:00:00,21.5,88
Electronic City,12.8399,77.677,2026-09-07 03:00:00,20.9,92
Electronic City,12.8399,77.677,2026-09-07 04:00:00,20.6,95
Electronic City,12.8399,77.677,2026-09-07 05:00:00,20.7,94
Electronic City,12.8399,77.677,2026-09-07 06:00:00,20.4,95
Electronic City,12.8399,77.677,2026-09-07 07:00:00,21.7,86
Electronic City,12.8399,77.677,2026-09-07 08:00:00,23.5,75
Electronic City,12.8399,77.677,2026-09-07 09:00:00,25.6,63
Electronic City,12.8399,77.677,2026-09-07 10:00:00,27.4,55
Electronic City,12.8399,77.677,2026-09-07 11:00:00,28.5,50
Electronic City,12.8399,77.677,2026-09-07 12:00:00,29.4,46
Electronic City,12.8399,77.677,2026-09-07 13:00:00,30.0,43
Electronic City,12.8399,77.677,2026-09-07 14:00:00,30.4,40
Electronic City,12.8399,77.677,2026-09-07 15:00:00,31.1,36
Electronic City,12.8399,77.677,2026-09-07 16:00:00,30.7,36
Electronic City,12.8399,77.677,2026-09-07 17:00:00,29.0,44
Electronic City,12.8399,77.677,2026-09-07 18:00:00,27.0,52
Electronic City,12.8399,77.677,2026-09-07 19:00:00,26.5,53
Electronic City,12.8399,77.677,2026-09-07 20:00:00,25.8,55
Electronic City,12.8399,77.677,2026-09-07 21:00:00,25.0,59
Electronic City,12.8399,77.677,2026-09-07 22:00:00,23.9,67
Electronic City,12.8399,77.677,2026-09-07 23:00:00,23.8,71
Electronic City,12.8399,77.677,2026-09-08 00:00:00,22.5,79
Electronic City,12.8399,77.677,2026-09-08 01:00:00,21.7,85
Electronic City,12.8399,77.677,2026-09-08 02:00:00,21.2,89
Electronic City,12.8399,77.677,2026-09-08 03:00:00,20.8,93
Electronic City,12.8399,77.677,2026-09-08 04:00:00,20.4,96
Electronic City,12.8399,77.677,2026-09-08 05:00:00,20.5,93
Electronic City,12.8399,77.677,2026-09-08 06:00:00,20.2,94
Electronic City,12.8399,77.677,2026-09-08 07:00:00,21.8,83
Electronic City,12.8399,77.677,2026-09-08 08:00:00,23.8,73
Electronic City,12.8399,77.677,2026-09-08 09:00:00,25.7,62
Electronic City,12.8399,77.677,2026-09-08 10:00:00,27.3,55
Electronic City,12.8399,77.677,2026-09-08 11:00:00,28.7,50
Electronic City,12.8399,77.677,2026-09-08 12:00:00,29.3,46
Electronic City,12.8399,77.677,2026-09-08 13:00:00,29.8,43
Electronic City,12.8399,77.677,2026-09-08 14:00:00,30.6,40
Electronic City,12.8399,77.677,2026-09-08 15:00:00,29.8,43
Electronic City,12.8399,77.677,2026-09-08 16:00:00,28.5,48
Electronic City,12.8399,77.677,2026-09-08 17:00:00,28.6,46
Electronic City,12.8399,77.677,2026-09-08 18:00:00,26.7,53
Electronic City,12.8399,77.677,2026-09-08 19:00:00,25.9,57
Electronic City,12.8399,77.677,2026-09-08 20:00:00,25.2,61
Electronic City,12.8399,77.677,2026-09-08 21:00:00,24.1,69
Electronic City,12.8399,77.677,2026-09-08 22:00:00,22.9,76
Electronic City,12.8399,77.677,2026-09-08 23:00:00,21.3,93
Electronic City,12.8399,77.677,2026-09-09 00:00:00,20.6,96
Electronic City,12.8399,77.677,2026-09-09 01:00:00,20.5,97
Electronic City,12.8399,77.677,2026-09-09 02:00:00,20.7,96
Electronic City,12.8399,77.677,2026-09-09 03:00:00,20.6,97
Electronic City,12.8399,77.677,2026-09-09 04:00:00,20.3,98
Electronic City,12.8399,77.677,2026-09-09 05:00:00,20.9,95
Electronic City,12.8399,77.677,2026-09-09 06:00:00,20.5,97
Electronic City,12.8399,77.677,2026-09-09 07:00:00,21.6,88
Electronic City,12.8399,77.677,2026-09-09 08:00:00,23.8,73
Electronic City,12.8399,77.677,2026-09-09 09:00:00,25.6,62
Electronic City,12.8399,77.677,2026-09-09 10:00:00,27.7,53
Electronic City,12.8399,77.677,2026-09-09 11:00:00,28.8,49
Electronic City,12.8399,77.677,2026-09-09 12:00:00,28.8,48
Electronic City,12.8399,77.677,2026-09-09 13:00:00,29.7,46
Electronic City,12.8399,77.677,2026-09-09 14:00:00,30.1,44
Electronic City,12.8399,77.677,2026-09-09 15:00:00,29.7,46
Electronic City,12.8399,77.677,2026-09-09 16:00:00,29.1,47
Electronic City,12.8399,77.677,2026-09-09 17:00:00,28.7,48
Electronic City,12.8399,77.677,2026-09-09 18:00:00,26.9,57
Electronic City,12.8399,77.677,2026-09-09 19:00:00,26.3,59
Electronic City,12.8399,77.677,2026-09-09 20:00:00,25.8,59
Electronic City,12.8399,77.677,2026-09-09 21:00:00,25.6,59
Electronic City,12.8399,77.677,2026-09-09 22:00:00,24.5,65
Electronic City,12.8399,77.677,2026-09-09 23:00:00,23.1,75
Electronic City,12.8399,77.677,2026-09-10 00:00:00,22.3,79
Electronic City,12.8399,77.677,2026-09-10 01:00:00,21.9,82
Electronic City,12.8399,77.677,2026-09-10 02:00:00,21.5,85
Electronic City,12.8399,77.677,2026-09-10 03:00:00,21.0,89
Electronic City,12.8399,77.677,2026-09-10 04:00:00,20.6,93
Electronic City,12.8399,77.677,2026-09-10 05:00:00,20.8,94
Electronic City,12.8399,77.677,2026-09-10 06:00:00,20.5,96
Electronic City,12.8399,77.677,2026-09-10 07:00:00,22.1,87
Electronic City,12.8399,77.677,2026-09-10 08:00:00,23.9,75
Electronic City,12.8399,77.677,2026-09-10 09:00:00,26.2,63
Electronic City,12.8399,77.677,2026-09-10 10:00:00,28.0,56
Electronic City,12.8399,77.677,2026-09-10 11:00:00,28.9,51
Electronic City,12.8399,77.677,2026-09-10 12:00:00,29.6,49
Electronic City,12.8399,77.677,2026-09-10 13:00:00,29.9,48
Electronic City,12.8399,77.677,2026-09-10 14:00:00,29.9,48
Electronic City,12.8399,77.677,2026-09-10 15:00:00,29.2,49
Electronic City,12.8399,77.677,2026-09-10 16:00:00,28.7,50
Electronic City,12.8399,77.677,2026-09-10 17:00:00,28.9,48
Electronic City,12.8399,77.677,2026-09-10 18:00:00,26.9,59
Electronic City,12.8399,77.677,2026-09-10 19:00:00,26.1,62
Electronic City,12.8399,77.677,2026-09-10 20:00:00,25.6,64
Electronic City,12.8399,77.677,2026-09-10 21:00:00,25.4,64
Electronic City,12.8399,77.677,2026-09-10 22:00:00,23.5,75
Electronic City,12.8399,77.677,2026-09-10 23:00:00,22.9,79
Electronic City,12.8399,77.677,2026-09-11 00:00:00,22.2,87
Electronic City,12.8399,77.677,2026-09-11 01:00:00,21.2,91
Electronic City,12.8399,77.677,2026-09-11 02:00:00,20.9,94
Electronic City,12.8399,77.677,2026-09-11 03:00:00,20.7,98
Electronic City,12.8399,77.677,2026-09-11 04:00:00,20.6,99
Electronic City,12.8399,77.677,2026-09-11 05:00:00,21.6,92
Electronic City,12.8399,77.677,2026-09-11 06:00:00,21.2,95
Electronic City,12.8399,77.677,2026-09-11 07:00:00,22.9,83
Electronic City,12.8399,77.677,2026-09-11 08:00:00,23.9,77
Electronic City,12.8399,77.677,2026-09-11 09:00:00,25.5,69
Electronic City,12.8399,77.677,2026-09-11 10:00:00,27.2,61
Electronic City,12.8399,77.677,2026-09-11 11:00:00,28.8,52
Electronic City,12.8399,77.677,2026-09-11 12:00:00,29.4,49
Electronic City,12.8399,77.677,2026-09-11 13:00:00,30.0,47
Electronic City,12.8399,77.677,2026-09-11 14:00:00,30.1,46
Electronic City,12.8399,77.677,2026-09-11 15:00:00,30.2,45
Electronic City,12.8399,77.677,2026-09-11 16:00:00,29.7,45
Electronic City,12.8399,77.677,2026-09-11 17:00:00,29.4,45
Electronic City,12.8399,77.677,2026-09-11 18:00:00,27.1,55
Electronic City,12.8399,77.677,2026-09-11 19:00:00,26.0,60
Electronic City,12.8399,77.677,2026-09-11 20:00:00,24.9,66
Electronic City,12.8399,77.677,2026-09-11 21:00:00,24.5,67
Electronic City,12.8399,77.677,2026-09-11 22:00:00,24.1,67
Electronic City,12.8399,77.677,2026-09-11 23:00:00,23.9,69
Electronic City,12.8399,77.677,2026-09-12 00:00:00,22.7,75
Electronic City,12.8399,77.677,2026-09-12 01:00:00,22.2,77
Electronic City,12.8399,77.677,2026-09-12 02:00:00,21.8,79
Electronic City,12.8399,77.677,2026-09-12 03:00:00,21.2,84
Electronic City,12.8399,77.677,2026-09-12 04:00:00,20.7,87
Electronic City,12.8399,77.677,2026-09-12 05:00:00,21.1,89
Electronic City,12.8399,77.677,2026-09-12 06:00:00,20.9,92
Electronic City,12.8399,77.677,2026-09-12 07:00:00,22.7,85
Electronic City,12.8399,77.677,2026-09-12 08:00:00,24.5,75
Electronic City,12.8399,77.677,2026-09-12 09:00:00,26.1,66
Electronic City,12.8399,77.677,2026-09-12 10:00:00,27.6,57
Electronic City,12.8399,77.677,2026-09-12 11:00:00,28.5,53
Electronic City,12.8399,77.677,2026-09-12 12:00:00,29.4,50
Electronic City,12.8399,77.677,2026-09-12 13:00:00,29.9,48
Electronic City,12.8399,77.677,2026-09-12 14:00:00,29.8,48
Electronic City,12.8399,77.677,2026-09-12 15:00:00,29.7,47
Electronic City,12.8399,77.677,2026-09-12 16:00:00,29.3,47
Electronic City,12.8399,77.677,2026-09-12 17:00:00,29.2,44
Electronic City,12.8399,77.677,2026-09-12 18:00:00,27.5,55
Electronic City,12.8399,77.677,2026-09-12 19:00:00,27.2,58
Electronic City,12.8399,77.677,2026-09-12 20:00:00,26.0,58
Electronic City,12.8399,77.677,2026-09-12 21:00:00,25.1,61
Electronic City,12.8399,77.677,2026-09-12 22:00:00,24.3,62
Electronic City,12.8399,77.677,2026-09-12 23:00:00,23.9,60
Electronic City,12.8399,77.677,2026-09-13 00:00:00,22.5,67
Electronic City,12.8399,77.677,2026-09-13 01:00:00,21.7,73
Electronic City,12.8399,77.677,2026-09-13 02:00:00,21.1,79
Electronic City,12.8399,77.677,2026-09-13 03:00:00,20.5,85
Electronic City,12.8399,77.677,2026-09-13 04:00:00,20.2,88
Electronic City,12.8399,77.677,2026-09-13 05:00:00,20.4,87
Electronic City,12.8399,77.677,2026-09-13 06:00:00,20.1,89
Electronic City,12.8399,77.677,2026-09-13 07:00:00,21.5,83
Electronic City,12.8399,77.677,2026-09-13 08:00:00,23.2,75
Electronic City,12.8399,77.677,2026-09-13 09:00:00,25.2,64
Electronic City,12.8399,77.677,2026-09-13 10:00:00,27.0,54
Electronic City,12.8399,77.677,2026-09-13 11:00:00,28.3,47
Electronic City,12.8399,77.677,2026-09-13 12:00:00,29.4,41
Electronic City,12.8399,77.677,2026-09-13 13:00:00,30.1,36
Electronic City,12.8399,77.677,2026-09-13 14:00:00,30.4,35
Electronic City,12.8399,77.677,2026-09-13 15:00:00,29.9,36
Electronic City,12.8399,77.677,2026-09-13 16:00:00,29.3,38
Electronic City,12.8399,77.677,2026-09-13 17:00:00,28.5,42
Electronic City,12.8399,77.677,2026-09-13 18:00:00,26.7,50
Electronic City,12.8399,77.677,2026-09-13 19:00:00,25.9,53
Electronic City,12.8399,77.677,2026-09-13 20:00:00,24.8,59
Electronic City,12.8399,77.677,2026-09-13 21:00:00,24.6,59
Electronic City,12.8399,77.677,2026-09-13 22:00:00,24.5,62
Electronic City,12.8399,77.677,2026-09-13 23:00:00,24.4,63
Electronic City,12.8399,77.677,2026-09-14 00:00:00,23.5,73
Electronic City,12.8399,77.677,2026-09-14 01:00:00,22.8,75
Electronic City,12.8399,77.677,2026-09-14 02:00:00,21.6,75
Electronic City,12.8399,77.677,2026-09-14 03:00:00,21.2,72
Electronic City,12.8399,77.677,2026-09-14 04:00:00,20.9,77
Electronic City,12.8399,77.677,2026-09-14 05:00:00,21.1,90
Electronic City,12.8399,77.677,2026-09-14 06:00:00,20.6,95
Electronic City,12.8399,77.677,2026-09-14 07:00:00,22.4,86
Electronic City,12.8399,77.677,2026-09-14 08:00:00,24.8,71
Electronic City,12.8399,77.677,2026-09-14 09:00:00,26.7,59
Electronic City,12.8399,77.677,2026-09-14 10:00:00,28.1,54
Electronic City,12.8399,77.677,2026-09-14 11:00:00,28.6,52
Electronic City,12.8399,77.677,2026-09-14 12:00:00,28.9,52
Electronic City,12.8399,77.677,2026-09-14 13:00:00,29.6,52
Electronic City,12.8399,77.677,2026-09-14 14:00:00,30.1,50
Electronic City,12.8399,77.677,2026-09-14 15:00:00,29.9,49
Electronic City,12.8399,77.677,2026-09-14 16:00:00,27.4,61
Electronic City,12.8399,77.677,2026-09-14 17:00:00,26.2,68
Electronic City,12.8399,77.677,2026-09-14 18:00:00,22.9,91
Electronic City,12.8399,77.677,2026-09-14 19:00:00,22.7,92
Electronic City,12.8399,77.677,2026-09-14 20:00:00,22.0,93
Electronic City,12.8399,77.677,2026-09-14 21:00:00,21.7,94
Electronic City,12.8399,77.677,2026-09-14 22:00:00,21.4,94
Electronic City,12.8399,77.677,2026-09-14 23:00:00,21.3,95
Electronic City,12.8399,77.677,2026-09-15 00:00:00,20.8,95
Electronic City,12.8399,77.677,2026-09-15 01:00:00,20.5,96
Electronic City,12.8399,77.677,2026-09-15 02:00:00,20.4,96
Electronic City,12.8399,77.677,2026-09-15 03:00:00,20.2,98
Electronic City,12.8399,77.677,2026-09-15 04:00:00,20.0,99
Electronic City,12.8399,77.677,2026-09-15 05:00:00,20.3,98
Electronic City,12.8399,77.677,2026-09-15 06:00:00,20.3,98
Electronic City,12.8399,77.677,2026-09-15 07:00:00,22.2,89
Electronic City,12.8399,77.677,2026-09-15 08:00:00,24.4,75
Electronic City,12.8399,77.677,2026-09-15 09:00:00,26.1,65
Electronic City,12.8399,77.677,2026-09-15 10:00:00,27.9,56
Electronic City,12.8399,77.677,2026-09-15 11:00:00,29.0,50
Electronic City,12.8399,77.677,2026-09-15 12:00:00,29.9,48
Electronic City,12.8399,77.677,2026-09-15 13:00:00,30.4,46
Electronic City,12.8399,77.677,2026-09-15 14:00:00,29.9,50
Electronic City,12.8399,77.677,2026-09-15 15:00:00,29.7,49
Electronic City,12.8399,77.677,2026-09-15 16:00:00,29.3,50
Electronic City,12.8399,77.677,2026-09-15 17:00:00,23.5,94
Electronic City,12.8399,77.677,2026-09-15 18:00:00,23.6,91
Electronic City,12.8399,77.677,2026-09-15 19:00:00,21.9,95
Electronic City,12.8399,77.677,2026-09-15 20:00:00,21.7,97
Electronic City,12.8399,77.677,2026-09-15 21:00:00,21.2,96
Electronic City,12.8399,77.677,2026-09-15 22:00:00,20.8,98
Electronic City,12.8399,77.677,2026-09-15 23:00:00,21.1,98
Electronic City,12.8399,77.677,2026-09-16 00:00:00,20.6,98
Electronic City,12.8399,77.677,2026-09-16 01:00:00,20.6,100
Electronic City,12.8399,77.677,2026-09-16 02:00:00,20.3,99
Electronic City,12.8399,77.677,2026-09-16 03:00:00,20.2,100
Electronic City,12.8399,77.677,2026-09-16 04:00:00,20.1,98
Electronic City,12.8399,77.677,2026-09-16 05:00:00,20.4,97
Electronic City,12.8399,77.677,2026-09-16 06:00:00,20.1,98
Electronic City,12.8399,77.677,2026-09-16 07:00:00,21.3,88
Electronic City,12.8399,77.677,2026-09-16 08:00:00,23.3,76
Electronic City,12.8399,77.677,2026-09-16 09:00:00,25.4,65
Electronic City,12.8399,77.677,2026-09-16 10:00:00,27.2,57
Electronic City,12.8399,77.677,2026-09-16 11:00:00,27.9,56
Electronic City,12.8399,77.677,2026-09-16 12:00:00,29.4,51
Electronic City,12.8399,77.677,2026-09-16 13:00:00,30.3,48
Electronic City,12.8399,77.677,2026-09-16 14:00:00,30.3,47
Electronic City,12.8399,77.677,2026-09-16 15:00:00,29.6,48
Electronic City,12.8399,77.677,2026-09-16 16:00:00,29.3,48
Electronic City,12.8399,77.677,2026-09-16 17:00:00,29.1,49
Electronic City,12.8399,77.677,2026-09-16 18:00:00,27.1,62
Electronic City,12.8399,77.677,2026-09-16 19:00:00,25.6,68
Electronic City,12.8399,77.677,2026-09-16 20:00:00,24.8,75
Electronic City,12.8399,77.677,2026-09-16 21:00:00,24.4,76
Electronic City,12.8399,77.677,2026-09-16 22:00:00,24.3,76
Electronic City,12.8399,77.677,2026-09-16 23:00:00,23.9,79
Electronic City,12.8399,77.677,2026-09-17 00:00:00,23.1,79
Electronic City,12.8399,77.677,2026-09-17 01:00:00,22.3,87
Electronic City,12.8399,77.677,2026-09-17 02:00:00,21.3,94
Electronic City,12.8399,77.677,2026-09-17 03:00:00,20.8,95
Electronic City,12.8399,77.677,2026-09-17 04:00:00,20.4,95
Electronic City,12.8399,77.677,2026-09-17 05:00:00,20.6,98
Electronic City,12.8399,77.677,2026-09-17 06:00:00,20.5,98
Electronic City,12.8399,77.677,2026-09-17 07:00:00,22.0,90
Electronic City,12.8399,77.677,2026-09-17 08:00:00,24.3,77
Electronic City,12.8399,77.677,2026-09-17 09:00:00,26.2,66
Electronic City,12.8399,77.677,2026-09-17 10:00:00,27.8,60
Electronic City,12.8399,77.677,2026-09-17 11:00:00,29.0,56
Electronic City,12.8399,77.677,2026-09-17 12:00:00,29.6,53
Electronic City,12.8399,77.677,2026-09-17 13:00:00,30.0,50
Electronic City,12.8399,77.677,2026-09-17 14:00:00,30.2,51
Electronic City,12.8399,77.677,2026-09-17 15:00:00,30.0,52
Electronic City,12.8399,77.677,2026-09-17 16:00:00,24.6,83
Electronic City,12.8399,77.677,2026-09-17 17:00:00,27.4,61
Electronic City,12.8399,77.677,2026-09-17 18:00:00,26.0,68
Electronic City,12.8399,77.677,2026-09-17 19:00:00,25.3,63
Electronic City,12.8399,77.677,2026-09-17 20:00:00,24.3,69
Electronic City,12.8399,77.677,2026-09-17 21:00:00,22.9,77
Electronic City,12.8399,77.677,2026-09-17 22:00:00,22.3,85
Electronic City,12.8399,77.677,2026-09-17 23:00:00,23.2,84
Electronic City,12.8399,77.677,2026-09-18 00:00:00,22.7,89
Electronic City,12.8399,77.677,2026-09-18 01:00:00,22.3,91
Electronic City,12.8399,77.677,2026-09-18 02:00:00,21.9,92
Electronic City,12.8399,77.677,2026-09-18 03:00:00,21.5,94
Electronic City,12.8399,77.677,2026-09-18 04:00:00,21.1,96
Electronic City,12.8399,77.677,2026-09-18 05:00:00,21.1,95
Electronic City,12.8399,77.677,2026-09-18 06:00:00,21.1,95
Electronic City,12.8399,77.677,2026-09-18 07:00:00,22.6,85
Electronic City,12.8399,77.677,2026-09-18 08:00:00,24.0,76
Electronic City,12.8399,77.677,2026-09-18 09:00:00,26.0,66
Electronic City,12.8399,77.677,2026-09-18 10:00:00,28.1,56
Electronic City,12.8399,77.677,2026-09-18 11:00:00,28.8,51
Electronic City,12.8399,77.677,2026-09-18 12:00:00,29.5,49
Electronic City,12.8399,77.677,2026-09-18 13:00:00,30.6,47
Electronic City,12.8399,77.677,2026-09-18 14:00:00,30.8,47
Electronic City,12.8399,77.677,2026-09-18 15:00:00,30.2,48
Electronic City,12.8399,77.677,2026-09-18 16:00:00,29.7,51
Electronic City,12.8399,77.677,2026-09-18 17:00:00,29.3,48
Electronic City,12.8399,77.677,2026-09-18 18:00:00,26.4,63
Electronic City,12.8399,77.677,2026-09-18 19:00:00,25.8,68
Electronic City,12.8399,77.677,2026-09-18 20:00:00,24.2,76
Electronic City,12.8399,77.677,2026-09-18 21:00:00,23.1,78
Electronic City,12.8399,77.677,2026-09-18 22:00:00,22.7,83
Electronic City,12.8399,77.677,2026-09-18 23:00:00,23.1,85
Electronic City,12.8399,77.677,2026-09-19 00:00:00,22.6,89
Electronic City,12.8399,77.677,2026-09-19 01:00:00,22.4,91
Electronic City,12.8399,77.677,2026-09-19 02:00:00,21.9,92
Electronic City,12.8399,77.677,2026-09-19 03:00:00,21.5,93
Electronic City,12.8399,77.677,2026-09-19 04:00:00,21.0,95
Electronic City,12.8399,77.677,2026-09-19 05:00:00,21.1,94
Electronic City,12.8399,77.677,2026-09-19 06:00:00,20.9,95
Electronic City,12.8399,77.677,2026-09-19 07:00:00,22.7,82
Electronic City,12.8399,77.677,2026-09-19 08:00:00,24.3,73
Electronic City,12.8399,77.677,2026-09-19 09:00:00,26.3,64
Electronic City,12.8399,77.677,2026-09-19 10:00:00,28.1,57
Electronic City,12.8399,77.677,2026-09-19 11:00:00,29.2,53
Electronic City,12.8399,77.677,2026-09-19 12:00:00,29.6,52
Electronic City,12.8399,77.677,2026-09-19 13:00:00,30.2,50
Electronic City,12.8399,77.677,2026-09-19 14:00:00,30.6,48
Electronic City,12.8399,77.677,2026-09-19 15:00:00,30.7,48
Electronic City,12.8399,77.677,2026-09-19 16:00:00,29.4,51
Electronic City,12.8399,77.677,2026-09-19 17:00:00,28.4,53
Electronic City,12.8399,77.677,2026-09-19 18:00:00,26.9,63
Electronic City,12.8399,77.677,2026-09-19 19:00:00,26.2,65
Electronic City,12.8399,77.677,2026-09-19 20:00:00,22.6,86
Electronic City,12.8399,77.677,2026-09-19 21:00:00,21.9,95
Electronic City,12.8399,77.677,2026-09-19 22:00:00,21.5,96
Electronic City,12.8399,77.677,2026-09-19 23:00:00,21.2,97
Electronic City,12.8399,77.677,2026-09-20 00:00:00,20.6,97
Electronic City,12.8399,77.677,2026-09-20 01:00:00,20.7,97
Electronic City,12.8399,77.677,2026-09-20 02:00:00,20.8,97
Electronic City,12.8399,77.677,2026-09-20 03:00:00,20.4,98
Electronic City,12.8399,77.677,2026-09-20 04:00:00,20.6,98
Electronic City,12.8399,77.677,2026-09-20 05:00:00,20.9,96
Electronic City,12.8399,77.677,2026-09-20 06:00:00,20.9,98
Electronic City,12.8399,77.677,2026-09-20 07:00:00,21.3,97
Electronic City,12.8399,77.677,2026-09-20 08:00:00,21.6,96
Electronic City,12.8399,77.677,2026-09-20 09:00:00,22.1,92
Electronic City,12.8399,77.677,2026-09-20 10:00:00,23.6,81
Electronic City,12.8399,77.677,2026-09-20 11:00:00,23.6,79
Electronic City,12.8399,77.677,2026-09-20 12:00:00,24.8,72
Electronic City,12.8399,77.677,2026-09-20 13:00:00,26.7,63
Electronic City,12.8399,77.677,2026-09-20 14:00:00,27.1,61
Electronic City,12.8399,77.677,2026-09-20 15:00:00,27.5,60
Electronic City,12.8399,77.677,2026-09-20 16:00:00,27.2,60
Electronic City,12.8399,77.677,2026-09-20 17:00:00,27.0,62
Electronic City,12.8399,77.677,2026-09-20 18:00:00,25.5,71
Electronic City,12.8399,77.677,2026-09-20 19:00:00,24.7,73
Electronic City,12.8399,77.677,2026-09-20 20:00:00,24.5,76
Electronic City,12.8399,77.677,2026-09-20 21:00:00,23.4,77
Electronic City,12.8399,77.677,2026-09-20 22:00:00,22.1,83
Electronic City,12.8399,77.677,2026-09-20 23:00:00,21.0,97
Electronic City,12.8399,77.677,2026-09-21 00:00:00,20.7,98
Electronic City,12.8399,77.677,2026-09-21 01:00:00,20.3,97
Electronic City,12.8399,77.677,2026-09-21 02:00:00,20.5,98
Electronic City,12.8399,77.677,2026-09-21 03:00:00,20.4,99
Electronic City,12.8399,77.677,2026-09-21 04:00:00,20.3,100
Electronic City,12.8399,77.677,2026-09-21 05:00:00,20.7,98
Electronic City,12.8399,77.677,2026-09-21 06:00:00,20.5,98
Electronic City,12.8399,77.677,2026-09-21 07:00:00,21.3,94
Electronic City,12.8399,77.677,2026-09-21 08:00:00,23.3,83
Electronic City,12.8399,77.677,2026-09-21 09:00:00,24.9,74
Electronic City,12.8399,77.677,2026-09-21 10:00:00,26.4,67
Electronic City,12.8399,77.677,2026-09-21 11:00:00,27.9,63
Electronic City,12.8399,77.677,2026-09-21 12:00:00,28.7,60
Electronic City,12.8399,77.677,2026-09-21 13:00:00,28.0,60
Electronic City,12.8399,77.677,2026-09-21 14:00:00,28.1,59
Electronic City,12.8399,77.677,2026-09-21 15:00:00,28.0,58
Electronic City,12.8399,77.677,2026-09-21 16:00:00,23.9,81
Electronic City,12.8399,77.677,2026-09-21 17:00:00,23.4,80
Electronic City,12.8399,77.677,2026-09-21 18:00:00,22.9,83
Electronic City,12.8399,77.677,2026-09-21 19:00:00,22.4,86
Electronic City,12.8399,77.677,2026-09-21 20:00:00,22.2,90
Electronic City,12.8399,77.677,2026-09-21 21:00:00,22.2,93
Electronic City,12.8399,77.677,2026-09-21 22:00:00,22.1,94
Electronic City,12.8399,77.677,2026-09-21 23:00:00,21.7,96
Electronic City,12.8399,77.677,2026-09-22 00:00:00,21.5,98
Electronic City,12.8399,77.677,2026-09-22 01:00:00,21.2,99
Electronic City,12.8399,77.677,2026-09-22 02:00:00,20.9,99
Electronic City,12.8399,77.677,2026-09-22 03:00:00,20.6,99
Electronic City,12.8399,77.677,2026-09-22 04:00:00,20.6,99
Electronic City,12.8399,77.677,2026-09-22 05:00:00,20.9,99
Electronic City,12.8399,77.677,2026-09-22 06:00:00,20.9,98
Electronic City,12.8399,77.677,2026-09-22 07:00:00,21.2,98
Electronic City,12.8399,77.677,2026-09-22 08:00:00,21.2,98
Electronic City,12.8399,77.677,2026-09-22 09:00:00,22.6,88
Electronic City,12.8399,77.677,2026-09-22 10:00:00,24.9,72
Electronic City,12.8399,77.677,2026-09-22 11:00:00,26.4,62
Electronic City,12.8399,77.677,2026-09-22 12:00:00,27.1,58
Electronic City,12.8399,77.677,2026-09-22 13:00:00,28.0,54
Electronic City,12.8399,77.677,2026-09-22 14:00:00,28.3,51
Electronic City,12.8399,77.677,2026-09-22 15:00:00,28.5,50
Electronic City,12.8399,77.677,2026-09-22 16:00:00,27.6,53
Electronic City,12.8399,77.677,2026-09-22 17:00:00,26.9,60
Electronic City,12.8399,77.677,2026-09-22 18:00:00,25.2,66
Electronic City,12.8399,77.677,2026-09-22 19:00:00,24.4,69
Electronic City,12.8399,77.677,2026-09-22 20:00:00,24.2,67
Electronic City,12.8399,77.677,2026-09-22 21:00:00,23.7,70
Electronic City,12.8399,77.677,2026-09-22 22:00:00,23.0,74
Electronic City,12.8399,77.677,2026-09-22 23:00:00,22.5,82
Electronic City,12.8399,77.677,2026-09-23 00:00:00,21.5,87
Electronic City,12.8399,77.677,2026-09-23 01:00:00,20.9,89
Electronic City,12.8399,77.677,2026-09-23 02:00:00,20.4,88
Electronic City,12.8399,77.677,2026-09-23 03:00:00,20.0,88
Electronic City,12.8399,77.677,2026-09-23 04:00:00,19.7,89
Electronic City,12.8399,77.677,2026-09-23 05:00:00,20.3,89
Electronic City,12.8399,77.677,2026-09-23 06:00:00,20.3,89
Electronic City,12.8399,77.677,2026-09-23 07:00:00,21.2,84
Electronic City,12.8399,77.677,2026-09-23 08:00:00,21.8,83
Electronic City,12.8399,77.677,2026-09-23 09:00:00,23.0,77
Electronic City,12.8399,77.677,2026-09-23 10:00:00,25.4,62
Electronic City,12.8399,77.677,2026-09-23 11:00:00,25.4,65
Electronic City,12.8399,77.677,2026-09-23 12:00:00,25.6,67
Electronic City,12.8399,77.677,2026-09-23 13:00:00,26.6,61
Electronic City,12.8399,77.677,2026-09-23 14:00:00,27.4,58
Electronic City,12.8399,77.677,2026-09-23 15:00:00,26.2,64
Electronic City,12.8399,77.677,2026-09-23 16:00:00,26.5,59
Electronic City,12.8399,77.677,2026-09-23 17:00:00,26.2,57
Electronic City,12.8399,77.677,2026-09-23 18:00:00,24.6,63
Electronic City,12.8399,77.677,2026-09-23 19:00:00,23.5,64
Electronic City,12.8399,77.677,2026-09-23 20:00:00,23.4,64
Electronic City,12.8399,77.677,2026-09-23 21:00:00,22.8,64
Electronic City,12.8399,77.677,2026-09-23 22:00:00,22.1,69
Electronic City,12.8399,77.677,2026-09-23 23:00:00,21.6,74
Electronic City,12.8399,77.677,2026-09-24 00:00:00,21.4,76
Electronic City,12.8399,77.677,2026-09-24 01:00:00,20.7,79
Electronic City,12.8399,77.677,2026-09-24 02:00:00,20.3,82
Electronic City,12.8399,77.677,2026-09-24 03:00:00,20.1,83
Electronic City,12.8399,77.677,2026-09-24 04:00:00,19.8,85
Electronic City,12.8399,77.677,2026-09-24 05:00:00,19.7,86
Electronic City,12.8399,77.677,2026-09-24 06:00:00,19.6,89
Electronic City,12.8399,77.677,2026-09-24 07:00:00,20.5,85
Electronic City,12.8399,77.677,2026-09-24 08:00:00,22.1,77
Electronic City,12.8399,77.677,2026-09-24 09:00:00,24.0,69
Electronic City,12.8399,77.677,2026-09-24 10:00:00,25.4,63
Electronic City,12.8399,77.677,2026-09-24 11:00:00,26.6,56
Electronic City,12.8399,77.677,2026-09-24 12:00:00,27.4,51
Electronic City,12.8399,77.677,2026-09-24 13:00:00,23.7,78
Electronic City,12.8399,77.677,2026-09-24 14:00:00,21.3,93
Electronic City,12.8399,77.677,2026-09-24 15:00:00,23.0,85
Electronic City,12.8399,77.677,2026-09-24 16:00:00,23.8,77
Electronic City,12.8399,77.677,2026-09-24 17:00:00,23.6,80
Electronic City,12.8399,77.677,2026-09-24 18:00:00,22.4,83
Electronic City,12.8399,77.677,2026-09-24 19:00:00,22.1,82
Electronic City,12.8399,77.677,2026-09-24 20:00:00,22.1,78
Electronic City,12.8399,77.677,2026-09-24 21:00:00,21.7,80
Electronic City,12.8399,77.677,2026-09-24 22:00:00,21.3,85
Electronic City,12.8399,77.677,2026-09-24 23:00:00,21.0,89
Electronic City,12.8399,77.677,2026-09-25 00:00:00,21.1,89
Electronic City,12.8399,77.677,2026-09-25 01:00:00,20.9,90
Electronic City,12.8399,77.677,2026-09-25 02:00:00,20.9,91
Electronic City,12.8399,77.677,2026-09-25 03:00:00,20.7,92
Electronic City,12.8399,77.677,2026-09-25 04:00:00,20.6,93
Electronic City,12.8399,77.677,2026-09-25 05:00:00,20.5,94
Electronic City,12.8399,77.677,2026-09-25 06:00:00,20.5,93
Electronic City,12.8399,77.677,2026-09-25 07:00:00,21.4,89
Electronic City,12.8399,77.677,2026-09-25 08:00:00,23.3,78
Electronic City,12.8399,77.677,2026-09-25 09:00:00,24.0,75
Electronic City,12.8399,77.677,2026-09-25 10:00:00,25.6,68
Electronic City,12.8399,77.677,2026-09-25 11:00:00,26.9,65
Electronic City,12.8399,77.677,2026-09-25 12:00:00,27.9,61
Electronic City,12.8399,77.677,2026-09-25 13:00:00,28.4,58
Electronic City,12.8399,77.677,2026-09-25 14:00:00,28.4,57
Electronic City,12.8399,77.677,2026-09-25 15:00:00,24.2,81
Electronic City,12.8399,77.677,2026-09-25 16:00:00,23.6,81
Electronic City,12.8399,77.677,2026-09-25 17:00:00,23.0,84
Electronic City,12.8399,77.677,2026-09-25 18:00:00,22.0,89
Electronic City,12.8399,77.677,2026-09-25 19:00:00,21.2,93
Electronic City,12.8399,77.677,2026-09-25 20:00:00,21.6,91
Electronic City,12.8399,77.677,2026-09-25 21:00:00,21.4,91
Electronic City,12.8399,77.677,2026-09-25 22:00:00,21.0,93
Electronic City,12.8399,77.677,2026-09-25 23:00:00,20.6,94
Electronic City,12.8399,77.677,2026-09-26 00:00:00,20.2,96
Electronic City,12.8399,77.677,2026-09-26 01:00:00,20.1,95
Electronic City,12.8399,77.677,2026-09-26 02:00:00,19.9,96
Electronic City,12.8399,77.677,2026-09-26 03:00:00,19.9,96
Electronic City,12.8399,77.677,2026-09-26 04:00:00,19.9,96
Electronic City,12.8399,77.677,2026-09-26 05:00:00,20.0,95
Electronic City,12.8399,77.677,2026-09-26 06:00:00,20.2,95
Electronic City,12.8399,77.677,2026-09-26 07:00:00,20.9,91
Electronic City,12.8399,77.677,2026-09-26 08:00:00,22.2,83
Electronic City,12.8399,77.677,2026-09-26 09:00:00,24.0,72
Electronic City,12.8399,77.677,2026-09-26 10:00:00,25.5,65
Electronic City,12.8399,77.677,2026-09-26 11:00:00,27.1,60
Electronic City,12.8399,77.677,2026-09-26 12:00:00,28.3,51
Electronic City,12.8399,77.677,2026-09-26 13:00:00,29.2,43
Electronic City,12.8399,77.677,2026-09-26 14:00:00,29.4,41
Electronic City,12.8399,77.677,2026-09-26 15:00:00,29.2,42
Electronic City,12.8399,77.677,2026-09-26 16:00:00,28.7,44
Electronic City,12.8399,77.677,2026-09-26 17:00:00,27.2,51
Electronic City,12.8399,77.677,2026-09-26 18:00:00,25.2,58
Electronic City,12.8399,77.677,2026-09-26 19:00:00,24.3,59
Electronic City,12.8399,77.677,2026-09-26 20:00:00,23.7,62
Electronic City,12.8399,77.677,2026-09-26 21:00:00,22.6,70
Electronic City,12.8399,77.677,2026-09-26 22:00:00,21.6,78
Electronic City,12.8399,77.677,2026-09-26 23:00:00,20.8,83
Electronic City,12.8399,77.677,2026-09-27 00:00:00,20.3,87
Electronic City,12.8399,77.677,2026-09-27 01:00:00,19.7,91
Electronic City,12.8399,77.677,2026-09-27 02:00:00,19.3,93
Electronic City,12.8399,77.677,2026-09-27 03:00:00,19.1,95
Electronic City,12.8399,77.677,2026-09-27 04:00:00,18.9,96
Electronic City,12.8399,77.677,2026-09-27 05:00:00,18.9,96
Electronic City,12.8399,77.677,2026-09-27 06:00:00,18.7,97
Electronic City,12.8399,77.677,2026-09-27 07:00:00,20.7,87
Electronic City,12.8399,77.677,2026-09-27 08:00:00,22.8,77
Electronic City,12.8399,77.677,2026-09-27 09:00:00,24.8,67
Electronic City,12.8399,77.677,2026-09-27 10:00:00,26.6,59
Electronic City,12.8399,77.677,2026-09-27 11:00:00,27.8,53
Electronic City,12.8399,77.677,2026-09-27 12:00:00,28.5,49
Electronic City,12.8399,77.677,2026-09-27 13:00:00,29.0,47
Electronic City,12.8399,77.677,2026-09-27 14:00:00,29.4,44
Electronic City,12.8399,77.677,2026-09-27 15:00:00,29.1,45
Electronic City,12.8399,77.677,2026-09-27 16:00:00,28.3,48
Electronic City,12.8399,77.677,2026-09-27 17:00:00,27.4,53
Electronic City,12.8399,77.677,2026-09-27 18:00:00,25.4,62
Electronic City,12.8399,77.677,2026-09-27 19:00:00,24.3,66
Electronic City,12.8399,77.677,2026-09-27 20:00:00,23.6,70
Electronic City,12.8399,77.677,2026-09-27 21:00:00,23.2,70
Electronic City,12.8399,77.677,2026-09-27 22:00:00,22.3,75
Electronic City,12.8399,77.677,2026-09-27 23:00:00,21.2,88
Electronic City,12.8399,77.677,2026-09-28 00:00:00,20.6,93
Electronic City,12.8399,77.677,2026-09-28 01:00:00,20.2,96
Electronic City,12.8399,77.677,2026-09-28 02:00:00,19.9,99
Electronic City,12.8399,77.677,2026-09-28 03:00:00,19.6,100
Electronic City,12.8399,77.677,2026-09-28 04:00:00,19.3,100
Electronic City,12.8399,77.677,2026-09-28 05:00:00,19.5,99
Electronic City,12.8399,77.677,2026-09-28 06:00:00,20.3,96
Electronic City,12.8399,77.677,2026-09-28 07:00:00,21.6,90
Electronic City,12.8399,77.677,2026-09-28 08:00:00,23.2,81
Electronic City,12.8399,77.677,2026-09-28 09:00:00,25.2,68
Electronic City,12.8399,77.677,2026-09-28 10:00:00,27.5,54
Electronic City,12.8399,77.677,2026-09-28 11:00:00,29.2,46
Electronic City,12.8399,77.677,2026-09-28 12:00:00,30.0,43
Electronic City,12.8399,77.677,2026-09-28 13:00:00,30.3,41
Electronic City,12.8399,77.677,2026-09-28 14:00:00,30.1,42
Electronic City,12.8399,77.677,2026-09-28 15:00:00,29.5,44
Electronic City,12.8399,77.677,2026-09-28 16:00:00,28.6,49
Electronic City,12.8399,77.677,2026-09-28 17:00:00,27.5,53
Electronic City,12.8399,77.677,2026-09-28 18:00:00,26.5,57
Electronic City,12.8399,77.677,2026-09-28 19:00:00,25.5,61
Electronic City,12.8399,77.677,2026-09-28 20:00:00,24.5,65
Electronic City,12.8399,77.677,2026-09-28 21:00:00,23.7,71
Electronic City,12.8399,77.677,2026-09-28 22:00:00,22.9,77
Electronic City,12.8399,77.677,2026-09-28 23:00:00,22.2,82
Electronic City,12.8399,77.677,2026-09-29 00:00:00,21.8,85
Electronic City,12.8399,77.677,2026-09-29 01:00:00,21.4,86
Electronic City,12.8399,77.677,2026-09-29 02:00:00,21.1,88
Electronic City,12.8399,77.677,2026-09-29 03:00:00,20.6,91
Electronic City,12.8399,77.677,2026-09-29 04:00:00,20.0,95
Electronic City,12.8399,77.677,2026-09-29 05:00:00,20.0,96
Electronic City,12.8399,77.677,2026-09-29 06:00:00,21.0,92
Electronic City,12.8399,77.677,2026-09-29 07:00:00,22.5,86
Electronic City,12.8399,77.677,2026-09-29 08:00:00,24.1,78
Electronic City,12.8399,77.677,2026-09-29 09:00:00,25.8,71
Electronic City,12.8399,77.677,2026-09-29 10:00:00,27.7,63
Electronic City,12.8399,77.677,2026-09-29 11:00:00,29.0,58
Electronic City,12.8399,77.677,2026-09-29 12:00:00,29.5,54
Electronic City,12.8399,77.677,2026-09-29 13:00:00,29.5,51
Electronic City,12.8399,77.677,2026-09-29 14:00:00,29.0,52
Electronic City,12.8399,77.677,2026-09-29 15:00:00,27.6,60
Electronic City,12.8399,77.677,2026-09-29 16:00:00,25.6,74
Electronic City,12.8399,77.677,2026-09-29 17:00:00,24.0,88
Electronic City,12.8399,77.677,2026-09-29 18:00:00,23.1,94
Electronic City,12.8399,77.677,2026-09-29 19:00:00,22.6,96
Electronic City,12.8399,77.677,2026-09-29 20:00:00,22.1,97
Electronic City,12.8399,77.677,2026-09-29 21:00:00,21.5,98
Electronic City,12.8399,77.677,2026-09-29 22:00:00,20.9,97
Electronic City,12.8399,77.677,2026-09-29 23:00:00,20.4,97
Electronic City,12.8399,77.677,2026-09-30 00:00:00,20.1,98
Electronic City,12.8399,77.677,2026-09-30 01:00:00,20.0,98
Electronic City,12.8399,77.677,2026-09-30 02:00:00,19.8,98
Electronic City,12.8399,77.677,2026-09-30 03:00:00,19.0,100
Electronic City,12.8399,77.677,2026-09-30 04:00:00,19.1,100
Electronic City,12.8399,77.677,2026-09-30 05:00:00,19.5,98
Electronic City,12.8399,77.677,2026-09-30 06:00:00,20.4,93
Electronic City,12.8399,77.677,2026-09-30 07:00:00,21.9,84
Electronic City,12.8399,77.677,2026-09-30 08:00:00,23.7,76
Electronic City,12.8399,77.677,2026-09-30 09:00:00,25.4,69
Electronic City,12.8399,77.677,2026-09-30 10:00:00,26.9,64
Electronic City,12.8399,77.677,2026-09-30 11:00:00,27.7,61
Electronic City,12.8399,77.677,2026-09-30 12:00:00,28.0,60
Electronic City,12.8399,77.677,2026-09-30 13:00:00,27.8,61
Electronic City,12.8399,77.677,2026-09-30 14:00:00,27.4,64
Electronic City,12.8399,77.677,2026-09-30 15:00:00,26.8,66
Electronic City,12.8399,77.677,2026-09-30 16:00:00,26.1,70
Electronic City,12.8399,77.677,2026-09-30 17:00:00,25.4,73
Electronic City,12.8399,77.677,2026-09-30 18:00:00,24.6,76
Electronic City,12.8399,77.677,2026-09-30 19:00:00,23.7,80
Electronic City,12.8399,77.677,2026-09-30 20:00:00,22.7,85
Electronic City,12.8399,77.677,2026-09-30 21:00:00,21.7,90
Electronic City,12.8399,77.677,2026-09-30 22:00:00,20.9,94
Electronic City,12.8399,77.677,2026-09-30 23:00:00,20.2,97
